; 7x7像素文字 - Y軸已修正版本
; 文字: CP2025
; 像素尺寸: 5mm
; 厚度: 1mm (5層)
; 列印樣式: 實心
; 生成時間: 2025/12/16 下午9:25:21

; ============ 初始化設定 ============
G21
G90
M82
M140 S60
M104 S210
M190 S60
M109 S210
G28
G92 E0
M83

; ============ 清潔噴嘴 ============
G1 Z10 F7200
G1 X5 Y5 F7200
G1 Z0.2 F7200
G1 E3 F60
G92 E0
G1 Z10 F7200

; ============ 開始列印 ============

; ============ 第一層 ============
G1 Z0.30 F7200
G1 X35.00 Y60.00 F7200
G1 E1 F2700
G1 X40.00 Y60.00 E0.9978 F1800
G1 X40.00 Y65.00 E0.9978
G1 X35.00 Y65.00 E0.9978
G1 X35.00 Y60.00 E0.9978
G1 X35.00 Y60.40 F1800
G1 X40.00 Y60.40 E0.2495
G1 X35.00 Y60.80 F1800
G1 X40.00 Y60.80 E0.2495
G1 X35.00 Y61.20 F1800
G1 X40.00 Y61.20 E0.2495
G1 X35.00 Y61.60 F1800
G1 X40.00 Y61.60 E0.2495
G1 X35.00 Y62.00 F1800
G1 X40.00 Y62.00 E0.2495
G1 X35.00 Y62.40 F1800
G1 X40.00 Y62.40 E0.2495
G1 X35.00 Y62.80 F1800
G1 X40.00 Y62.80 E0.2495
G1 X35.00 Y63.20 F1800
G1 X40.00 Y63.20 E0.2495
G1 X35.00 Y63.60 F1800
G1 X40.00 Y63.60 E0.2495
G1 X35.00 Y64.00 F1800
G1 X40.00 Y64.00 E0.2495
G1 X35.00 Y64.40 F1800
G1 X40.00 Y64.40 E0.2495
G1 E-1 F2700
G1 X40.00 Y60.00 F7200
G1 E1 F2700
G1 X45.00 Y60.00 E0.9978 F1800
G1 X45.00 Y65.00 E0.9978
G1 X40.00 Y65.00 E0.9978
G1 X40.00 Y60.00 E0.9978
G1 X40.00 Y60.40 F1800
G1 X45.00 Y60.40 E0.2495
G1 X40.00 Y60.80 F1800
G1 X45.00 Y60.80 E0.2495
G1 X40.00 Y61.20 F1800
G1 X45.00 Y61.20 E0.2495
G1 X40.00 Y61.60 F1800
G1 X45.00 Y61.60 E0.2495
G1 X40.00 Y62.00 F1800
G1 X45.00 Y62.00 E0.2495
G1 X40.00 Y62.40 F1800
G1 X45.00 Y62.40 E0.2495
G1 X40.00 Y62.80 F1800
G1 X45.00 Y62.80 E0.2495
G1 X40.00 Y63.20 F1800
G1 X45.00 Y63.20 E0.2495
G1 X40.00 Y63.60 F1800
G1 X45.00 Y63.60 E0.2495
G1 X40.00 Y64.00 F1800
G1 X45.00 Y64.00 E0.2495
G1 X40.00 Y64.40 F1800
G1 X45.00 Y64.40 E0.2495
G1 E-1 F2700
G1 X45.00 Y60.00 F7200
G1 E1 F2700
G1 X50.00 Y60.00 E0.9978 F1800
G1 X50.00 Y65.00 E0.9978
G1 X45.00 Y65.00 E0.9978
G1 X45.00 Y60.00 E0.9978
G1 X45.00 Y60.40 F1800
G1 X50.00 Y60.40 E0.2495
G1 X45.00 Y60.80 F1800
G1 X50.00 Y60.80 E0.2495
G1 X45.00 Y61.20 F1800
G1 X50.00 Y61.20 E0.2495
G1 X45.00 Y61.60 F1800
G1 X50.00 Y61.60 E0.2495
G1 X45.00 Y62.00 F1800
G1 X50.00 Y62.00 E0.2495
G1 X45.00 Y62.40 F1800
G1 X50.00 Y62.40 E0.2495
G1 X45.00 Y62.80 F1800
G1 X50.00 Y62.80 E0.2495
G1 X45.00 Y63.20 F1800
G1 X50.00 Y63.20 E0.2495
G1 X45.00 Y63.60 F1800
G1 X50.00 Y63.60 E0.2495
G1 X45.00 Y64.00 F1800
G1 X50.00 Y64.00 E0.2495
G1 X45.00 Y64.40 F1800
G1 X50.00 Y64.40 E0.2495
G1 E-1 F2700
G1 X50.00 Y60.00 F7200
G1 E1 F2700
G1 X55.00 Y60.00 E0.9978 F1800
G1 X55.00 Y65.00 E0.9978
G1 X50.00 Y65.00 E0.9978
G1 X50.00 Y60.00 E0.9978
G1 X50.00 Y60.40 F1800
G1 X55.00 Y60.40 E0.2495
G1 X50.00 Y60.80 F1800
G1 X55.00 Y60.80 E0.2495
G1 X50.00 Y61.20 F1800
G1 X55.00 Y61.20 E0.2495
G1 X50.00 Y61.60 F1800
G1 X55.00 Y61.60 E0.2495
G1 X50.00 Y62.00 F1800
G1 X55.00 Y62.00 E0.2495
G1 X50.00 Y62.40 F1800
G1 X55.00 Y62.40 E0.2495
G1 X50.00 Y62.80 F1800
G1 X55.00 Y62.80 E0.2495
G1 X50.00 Y63.20 F1800
G1 X55.00 Y63.20 E0.2495
G1 X50.00 Y63.60 F1800
G1 X55.00 Y63.60 E0.2495
G1 X50.00 Y64.00 F1800
G1 X55.00 Y64.00 E0.2495
G1 X50.00 Y64.40 F1800
G1 X55.00 Y64.40 E0.2495
G1 E-1 F2700
G1 X55.00 Y60.00 F7200
G1 E1 F2700
G1 X60.00 Y60.00 E0.9978 F1800
G1 X60.00 Y65.00 E0.9978
G1 X55.00 Y65.00 E0.9978
G1 X55.00 Y60.00 E0.9978
G1 X55.00 Y60.40 F1800
G1 X60.00 Y60.40 E0.2495
G1 X55.00 Y60.80 F1800
G1 X60.00 Y60.80 E0.2495
G1 X55.00 Y61.20 F1800
G1 X60.00 Y61.20 E0.2495
G1 X55.00 Y61.60 F1800
G1 X60.00 Y61.60 E0.2495
G1 X55.00 Y62.00 F1800
G1 X60.00 Y62.00 E0.2495
G1 X55.00 Y62.40 F1800
G1 X60.00 Y62.40 E0.2495
G1 X55.00 Y62.80 F1800
G1 X60.00 Y62.80 E0.2495
G1 X55.00 Y63.20 F1800
G1 X60.00 Y63.20 E0.2495
G1 X55.00 Y63.60 F1800
G1 X60.00 Y63.60 E0.2495
G1 X55.00 Y64.00 F1800
G1 X60.00 Y64.00 E0.2495
G1 X55.00 Y64.40 F1800
G1 X60.00 Y64.40 E0.2495
G1 E-1 F2700
G1 X30.00 Y55.00 F7200
G1 E1 F2700
G1 X35.00 Y55.00 E0.9978 F1800
G1 X35.00 Y60.00 E0.9978
G1 X30.00 Y60.00 E0.9978
G1 X30.00 Y55.00 E0.9978
G1 X30.00 Y55.40 F1800
G1 X35.00 Y55.40 E0.2495
G1 X30.00 Y55.80 F1800
G1 X35.00 Y55.80 E0.2495
G1 X30.00 Y56.20 F1800
G1 X35.00 Y56.20 E0.2495
G1 X30.00 Y56.60 F1800
G1 X35.00 Y56.60 E0.2495
G1 X30.00 Y57.00 F1800
G1 X35.00 Y57.00 E0.2495
G1 X30.00 Y57.40 F1800
G1 X35.00 Y57.40 E0.2495
G1 X30.00 Y57.80 F1800
G1 X35.00 Y57.80 E0.2495
G1 X30.00 Y58.20 F1800
G1 X35.00 Y58.20 E0.2495
G1 X30.00 Y58.60 F1800
G1 X35.00 Y58.60 E0.2495
G1 X30.00 Y59.00 F1800
G1 X35.00 Y59.00 E0.2495
G1 X30.00 Y59.40 F1800
G1 X35.00 Y59.40 E0.2495
G1 E-1 F2700
G1 X60.00 Y55.00 F7200
G1 E1 F2700
G1 X65.00 Y55.00 E0.9978 F1800
G1 X65.00 Y60.00 E0.9978
G1 X60.00 Y60.00 E0.9978
G1 X60.00 Y55.00 E0.9978
G1 X60.00 Y55.40 F1800
G1 X65.00 Y55.40 E0.2495
G1 X60.00 Y55.80 F1800
G1 X65.00 Y55.80 E0.2495
G1 X60.00 Y56.20 F1800
G1 X65.00 Y56.20 E0.2495
G1 X60.00 Y56.60 F1800
G1 X65.00 Y56.60 E0.2495
G1 X60.00 Y57.00 F1800
G1 X65.00 Y57.00 E0.2495
G1 X60.00 Y57.40 F1800
G1 X65.00 Y57.40 E0.2495
G1 X60.00 Y57.80 F1800
G1 X65.00 Y57.80 E0.2495
G1 X60.00 Y58.20 F1800
G1 X65.00 Y58.20 E0.2495
G1 X60.00 Y58.60 F1800
G1 X65.00 Y58.60 E0.2495
G1 X60.00 Y59.00 F1800
G1 X65.00 Y59.00 E0.2495
G1 X60.00 Y59.40 F1800
G1 X65.00 Y59.40 E0.2495
G1 E-1 F2700
G1 X30.00 Y50.00 F7200
G1 E1 F2700
G1 X35.00 Y50.00 E0.9978 F1800
G1 X35.00 Y55.00 E0.9978
G1 X30.00 Y55.00 E0.9978
G1 X30.00 Y50.00 E0.9978
G1 X30.00 Y50.40 F1800
G1 X35.00 Y50.40 E0.2495
G1 X30.00 Y50.80 F1800
G1 X35.00 Y50.80 E0.2495
G1 X30.00 Y51.20 F1800
G1 X35.00 Y51.20 E0.2495
G1 X30.00 Y51.60 F1800
G1 X35.00 Y51.60 E0.2495
G1 X30.00 Y52.00 F1800
G1 X35.00 Y52.00 E0.2495
G1 X30.00 Y52.40 F1800
G1 X35.00 Y52.40 E0.2495
G1 X30.00 Y52.80 F1800
G1 X35.00 Y52.80 E0.2495
G1 X30.00 Y53.20 F1800
G1 X35.00 Y53.20 E0.2495
G1 X30.00 Y53.60 F1800
G1 X35.00 Y53.60 E0.2495
G1 X30.00 Y54.00 F1800
G1 X35.00 Y54.00 E0.2495
G1 X30.00 Y54.40 F1800
G1 X35.00 Y54.40 E0.2495
G1 E-1 F2700
G1 X30.00 Y45.00 F7200
G1 E1 F2700
G1 X35.00 Y45.00 E0.9978 F1800
G1 X35.00 Y50.00 E0.9978
G1 X30.00 Y50.00 E0.9978
G1 X30.00 Y45.00 E0.9978
G1 X30.00 Y45.40 F1800
G1 X35.00 Y45.40 E0.2495
G1 X30.00 Y45.80 F1800
G1 X35.00 Y45.80 E0.2495
G1 X30.00 Y46.20 F1800
G1 X35.00 Y46.20 E0.2495
G1 X30.00 Y46.60 F1800
G1 X35.00 Y46.60 E0.2495
G1 X30.00 Y47.00 F1800
G1 X35.00 Y47.00 E0.2495
G1 X30.00 Y47.40 F1800
G1 X35.00 Y47.40 E0.2495
G1 X30.00 Y47.80 F1800
G1 X35.00 Y47.80 E0.2495
G1 X30.00 Y48.20 F1800
G1 X35.00 Y48.20 E0.2495
G1 X30.00 Y48.60 F1800
G1 X35.00 Y48.60 E0.2495
G1 X30.00 Y49.00 F1800
G1 X35.00 Y49.00 E0.2495
G1 X30.00 Y49.40 F1800
G1 X35.00 Y49.40 E0.2495
G1 E-1 F2700
G1 X30.00 Y40.00 F7200
G1 E1 F2700
G1 X35.00 Y40.00 E0.9978 F1800
G1 X35.00 Y45.00 E0.9978
G1 X30.00 Y45.00 E0.9978
G1 X30.00 Y40.00 E0.9978
G1 X30.00 Y40.40 F1800
G1 X35.00 Y40.40 E0.2495
G1 X30.00 Y40.80 F1800
G1 X35.00 Y40.80 E0.2495
G1 X30.00 Y41.20 F1800
G1 X35.00 Y41.20 E0.2495
G1 X30.00 Y41.60 F1800
G1 X35.00 Y41.60 E0.2495
G1 X30.00 Y42.00 F1800
G1 X35.00 Y42.00 E0.2495
G1 X30.00 Y42.40 F1800
G1 X35.00 Y42.40 E0.2495
G1 X30.00 Y42.80 F1800
G1 X35.00 Y42.80 E0.2495
G1 X30.00 Y43.20 F1800
G1 X35.00 Y43.20 E0.2495
G1 X30.00 Y43.60 F1800
G1 X35.00 Y43.60 E0.2495
G1 X30.00 Y44.00 F1800
G1 X35.00 Y44.00 E0.2495
G1 X30.00 Y44.40 F1800
G1 X35.00 Y44.40 E0.2495
G1 E-1 F2700
G1 X30.00 Y35.00 F7200
G1 E1 F2700
G1 X35.00 Y35.00 E0.9978 F1800
G1 X35.00 Y40.00 E0.9978
G1 X30.00 Y40.00 E0.9978
G1 X30.00 Y35.00 E0.9978
G1 X30.00 Y35.40 F1800
G1 X35.00 Y35.40 E0.2495
G1 X30.00 Y35.80 F1800
G1 X35.00 Y35.80 E0.2495
G1 X30.00 Y36.20 F1800
G1 X35.00 Y36.20 E0.2495
G1 X30.00 Y36.60 F1800
G1 X35.00 Y36.60 E0.2495
G1 X30.00 Y37.00 F1800
G1 X35.00 Y37.00 E0.2495
G1 X30.00 Y37.40 F1800
G1 X35.00 Y37.40 E0.2495
G1 X30.00 Y37.80 F1800
G1 X35.00 Y37.80 E0.2495
G1 X30.00 Y38.20 F1800
G1 X35.00 Y38.20 E0.2495
G1 X30.00 Y38.60 F1800
G1 X35.00 Y38.60 E0.2495
G1 X30.00 Y39.00 F1800
G1 X35.00 Y39.00 E0.2495
G1 X30.00 Y39.40 F1800
G1 X35.00 Y39.40 E0.2495
G1 E-1 F2700
G1 X60.00 Y35.00 F7200
G1 E1 F2700
G1 X65.00 Y35.00 E0.9978 F1800
G1 X65.00 Y40.00 E0.9978
G1 X60.00 Y40.00 E0.9978
G1 X60.00 Y35.00 E0.9978
G1 X60.00 Y35.40 F1800
G1 X65.00 Y35.40 E0.2495
G1 X60.00 Y35.80 F1800
G1 X65.00 Y35.80 E0.2495
G1 X60.00 Y36.20 F1800
G1 X65.00 Y36.20 E0.2495
G1 X60.00 Y36.60 F1800
G1 X65.00 Y36.60 E0.2495
G1 X60.00 Y37.00 F1800
G1 X65.00 Y37.00 E0.2495
G1 X60.00 Y37.40 F1800
G1 X65.00 Y37.40 E0.2495
G1 X60.00 Y37.80 F1800
G1 X65.00 Y37.80 E0.2495
G1 X60.00 Y38.20 F1800
G1 X65.00 Y38.20 E0.2495
G1 X60.00 Y38.60 F1800
G1 X65.00 Y38.60 E0.2495
G1 X60.00 Y39.00 F1800
G1 X65.00 Y39.00 E0.2495
G1 X60.00 Y39.40 F1800
G1 X65.00 Y39.40 E0.2495
G1 E-1 F2700
G1 X35.00 Y30.00 F7200
G1 E1 F2700
G1 X40.00 Y30.00 E0.9978 F1800
G1 X40.00 Y35.00 E0.9978
G1 X35.00 Y35.00 E0.9978
G1 X35.00 Y30.00 E0.9978
G1 X35.00 Y30.40 F1800
G1 X40.00 Y30.40 E0.2495
G1 X35.00 Y30.80 F1800
G1 X40.00 Y30.80 E0.2495
G1 X35.00 Y31.20 F1800
G1 X40.00 Y31.20 E0.2495
G1 X35.00 Y31.60 F1800
G1 X40.00 Y31.60 E0.2495
G1 X35.00 Y32.00 F1800
G1 X40.00 Y32.00 E0.2495
G1 X35.00 Y32.40 F1800
G1 X40.00 Y32.40 E0.2495
G1 X35.00 Y32.80 F1800
G1 X40.00 Y32.80 E0.2495
G1 X35.00 Y33.20 F1800
G1 X40.00 Y33.20 E0.2495
G1 X35.00 Y33.60 F1800
G1 X40.00 Y33.60 E0.2495
G1 X35.00 Y34.00 F1800
G1 X40.00 Y34.00 E0.2495
G1 X35.00 Y34.40 F1800
G1 X40.00 Y34.40 E0.2495
G1 E-1 F2700
G1 X40.00 Y30.00 F7200
G1 E1 F2700
G1 X45.00 Y30.00 E0.9978 F1800
G1 X45.00 Y35.00 E0.9978
G1 X40.00 Y35.00 E0.9978
G1 X40.00 Y30.00 E0.9978
G1 X40.00 Y30.40 F1800
G1 X45.00 Y30.40 E0.2495
G1 X40.00 Y30.80 F1800
G1 X45.00 Y30.80 E0.2495
G1 X40.00 Y31.20 F1800
G1 X45.00 Y31.20 E0.2495
G1 X40.00 Y31.60 F1800
G1 X45.00 Y31.60 E0.2495
G1 X40.00 Y32.00 F1800
G1 X45.00 Y32.00 E0.2495
G1 X40.00 Y32.40 F1800
G1 X45.00 Y32.40 E0.2495
G1 X40.00 Y32.80 F1800
G1 X45.00 Y32.80 E0.2495
G1 X40.00 Y33.20 F1800
G1 X45.00 Y33.20 E0.2495
G1 X40.00 Y33.60 F1800
G1 X45.00 Y33.60 E0.2495
G1 X40.00 Y34.00 F1800
G1 X45.00 Y34.00 E0.2495
G1 X40.00 Y34.40 F1800
G1 X45.00 Y34.40 E0.2495
G1 E-1 F2700
G1 X45.00 Y30.00 F7200
G1 E1 F2700
G1 X50.00 Y30.00 E0.9978 F1800
G1 X50.00 Y35.00 E0.9978
G1 X45.00 Y35.00 E0.9978
G1 X45.00 Y30.00 E0.9978
G1 X45.00 Y30.40 F1800
G1 X50.00 Y30.40 E0.2495
G1 X45.00 Y30.80 F1800
G1 X50.00 Y30.80 E0.2495
G1 X45.00 Y31.20 F1800
G1 X50.00 Y31.20 E0.2495
G1 X45.00 Y31.60 F1800
G1 X50.00 Y31.60 E0.2495
G1 X45.00 Y32.00 F1800
G1 X50.00 Y32.00 E0.2495
G1 X45.00 Y32.40 F1800
G1 X50.00 Y32.40 E0.2495
G1 X45.00 Y32.80 F1800
G1 X50.00 Y32.80 E0.2495
G1 X45.00 Y33.20 F1800
G1 X50.00 Y33.20 E0.2495
G1 X45.00 Y33.60 F1800
G1 X50.00 Y33.60 E0.2495
G1 X45.00 Y34.00 F1800
G1 X50.00 Y34.00 E0.2495
G1 X45.00 Y34.40 F1800
G1 X50.00 Y34.40 E0.2495
G1 E-1 F2700
G1 X50.00 Y30.00 F7200
G1 E1 F2700
G1 X55.00 Y30.00 E0.9978 F1800
G1 X55.00 Y35.00 E0.9978
G1 X50.00 Y35.00 E0.9978
G1 X50.00 Y30.00 E0.9978
G1 X50.00 Y30.40 F1800
G1 X55.00 Y30.40 E0.2495
G1 X50.00 Y30.80 F1800
G1 X55.00 Y30.80 E0.2495
G1 X50.00 Y31.20 F1800
G1 X55.00 Y31.20 E0.2495
G1 X50.00 Y31.60 F1800
G1 X55.00 Y31.60 E0.2495
G1 X50.00 Y32.00 F1800
G1 X55.00 Y32.00 E0.2495
G1 X50.00 Y32.40 F1800
G1 X55.00 Y32.40 E0.2495
G1 X50.00 Y32.80 F1800
G1 X55.00 Y32.80 E0.2495
G1 X50.00 Y33.20 F1800
G1 X55.00 Y33.20 E0.2495
G1 X50.00 Y33.60 F1800
G1 X55.00 Y33.60 E0.2495
G1 X50.00 Y34.00 F1800
G1 X55.00 Y34.00 E0.2495
G1 X50.00 Y34.40 F1800
G1 X55.00 Y34.40 E0.2495
G1 E-1 F2700
G1 X55.00 Y30.00 F7200
G1 E1 F2700
G1 X60.00 Y30.00 E0.9978 F1800
G1 X60.00 Y35.00 E0.9978
G1 X55.00 Y35.00 E0.9978
G1 X55.00 Y30.00 E0.9978
G1 X55.00 Y30.40 F1800
G1 X60.00 Y30.40 E0.2495
G1 X55.00 Y30.80 F1800
G1 X60.00 Y30.80 E0.2495
G1 X55.00 Y31.20 F1800
G1 X60.00 Y31.20 E0.2495
G1 X55.00 Y31.60 F1800
G1 X60.00 Y31.60 E0.2495
G1 X55.00 Y32.00 F1800
G1 X60.00 Y32.00 E0.2495
G1 X55.00 Y32.40 F1800
G1 X60.00 Y32.40 E0.2495
G1 X55.00 Y32.80 F1800
G1 X60.00 Y32.80 E0.2495
G1 X55.00 Y33.20 F1800
G1 X60.00 Y33.20 E0.2495
G1 X55.00 Y33.60 F1800
G1 X60.00 Y33.60 E0.2495
G1 X55.00 Y34.00 F1800
G1 X60.00 Y34.00 E0.2495
G1 X55.00 Y34.40 F1800
G1 X60.00 Y34.40 E0.2495
G1 E-1 F2700
G1 X70.00 Y60.00 F7200
G1 E1 F2700
G1 X75.00 Y60.00 E0.9978 F1800
G1 X75.00 Y65.00 E0.9978
G1 X70.00 Y65.00 E0.9978
G1 X70.00 Y60.00 E0.9978
G1 X70.00 Y60.40 F1800
G1 X75.00 Y60.40 E0.2495
G1 X70.00 Y60.80 F1800
G1 X75.00 Y60.80 E0.2495
G1 X70.00 Y61.20 F1800
G1 X75.00 Y61.20 E0.2495
G1 X70.00 Y61.60 F1800
G1 X75.00 Y61.60 E0.2495
G1 X70.00 Y62.00 F1800
G1 X75.00 Y62.00 E0.2495
G1 X70.00 Y62.40 F1800
G1 X75.00 Y62.40 E0.2495
G1 X70.00 Y62.80 F1800
G1 X75.00 Y62.80 E0.2495
G1 X70.00 Y63.20 F1800
G1 X75.00 Y63.20 E0.2495
G1 X70.00 Y63.60 F1800
G1 X75.00 Y63.60 E0.2495
G1 X70.00 Y64.00 F1800
G1 X75.00 Y64.00 E0.2495
G1 X70.00 Y64.40 F1800
G1 X75.00 Y64.40 E0.2495
G1 E-1 F2700
G1 X75.00 Y60.00 F7200
G1 E1 F2700
G1 X80.00 Y60.00 E0.9978 F1800
G1 X80.00 Y65.00 E0.9978
G1 X75.00 Y65.00 E0.9978
G1 X75.00 Y60.00 E0.9978
G1 X75.00 Y60.40 F1800
G1 X80.00 Y60.40 E0.2495
G1 X75.00 Y60.80 F1800
G1 X80.00 Y60.80 E0.2495
G1 X75.00 Y61.20 F1800
G1 X80.00 Y61.20 E0.2495
G1 X75.00 Y61.60 F1800
G1 X80.00 Y61.60 E0.2495
G1 X75.00 Y62.00 F1800
G1 X80.00 Y62.00 E0.2495
G1 X75.00 Y62.40 F1800
G1 X80.00 Y62.40 E0.2495
G1 X75.00 Y62.80 F1800
G1 X80.00 Y62.80 E0.2495
G1 X75.00 Y63.20 F1800
G1 X80.00 Y63.20 E0.2495
G1 X75.00 Y63.60 F1800
G1 X80.00 Y63.60 E0.2495
G1 X75.00 Y64.00 F1800
G1 X80.00 Y64.00 E0.2495
G1 X75.00 Y64.40 F1800
G1 X80.00 Y64.40 E0.2495
G1 E-1 F2700
G1 X80.00 Y60.00 F7200
G1 E1 F2700
G1 X85.00 Y60.00 E0.9978 F1800
G1 X85.00 Y65.00 E0.9978
G1 X80.00 Y65.00 E0.9978
G1 X80.00 Y60.00 E0.9978
G1 X80.00 Y60.40 F1800
G1 X85.00 Y60.40 E0.2495
G1 X80.00 Y60.80 F1800
G1 X85.00 Y60.80 E0.2495
G1 X80.00 Y61.20 F1800
G1 X85.00 Y61.20 E0.2495
G1 X80.00 Y61.60 F1800
G1 X85.00 Y61.60 E0.2495
G1 X80.00 Y62.00 F1800
G1 X85.00 Y62.00 E0.2495
G1 X80.00 Y62.40 F1800
G1 X85.00 Y62.40 E0.2495
G1 X80.00 Y62.80 F1800
G1 X85.00 Y62.80 E0.2495
G1 X80.00 Y63.20 F1800
G1 X85.00 Y63.20 E0.2495
G1 X80.00 Y63.60 F1800
G1 X85.00 Y63.60 E0.2495
G1 X80.00 Y64.00 F1800
G1 X85.00 Y64.00 E0.2495
G1 X80.00 Y64.40 F1800
G1 X85.00 Y64.40 E0.2495
G1 E-1 F2700
G1 X85.00 Y60.00 F7200
G1 E1 F2700
G1 X90.00 Y60.00 E0.9978 F1800
G1 X90.00 Y65.00 E0.9978
G1 X85.00 Y65.00 E0.9978
G1 X85.00 Y60.00 E0.9978
G1 X85.00 Y60.40 F1800
G1 X90.00 Y60.40 E0.2495
G1 X85.00 Y60.80 F1800
G1 X90.00 Y60.80 E0.2495
G1 X85.00 Y61.20 F1800
G1 X90.00 Y61.20 E0.2495
G1 X85.00 Y61.60 F1800
G1 X90.00 Y61.60 E0.2495
G1 X85.00 Y62.00 F1800
G1 X90.00 Y62.00 E0.2495
G1 X85.00 Y62.40 F1800
G1 X90.00 Y62.40 E0.2495
G1 X85.00 Y62.80 F1800
G1 X90.00 Y62.80 E0.2495
G1 X85.00 Y63.20 F1800
G1 X90.00 Y63.20 E0.2495
G1 X85.00 Y63.60 F1800
G1 X90.00 Y63.60 E0.2495
G1 X85.00 Y64.00 F1800
G1 X90.00 Y64.00 E0.2495
G1 X85.00 Y64.40 F1800
G1 X90.00 Y64.40 E0.2495
G1 E-1 F2700
G1 X90.00 Y60.00 F7200
G1 E1 F2700
G1 X95.00 Y60.00 E0.9978 F1800
G1 X95.00 Y65.00 E0.9978
G1 X90.00 Y65.00 E0.9978
G1 X90.00 Y60.00 E0.9978
G1 X90.00 Y60.40 F1800
G1 X95.00 Y60.40 E0.2495
G1 X90.00 Y60.80 F1800
G1 X95.00 Y60.80 E0.2495
G1 X90.00 Y61.20 F1800
G1 X95.00 Y61.20 E0.2495
G1 X90.00 Y61.60 F1800
G1 X95.00 Y61.60 E0.2495
G1 X90.00 Y62.00 F1800
G1 X95.00 Y62.00 E0.2495
G1 X90.00 Y62.40 F1800
G1 X95.00 Y62.40 E0.2495
G1 X90.00 Y62.80 F1800
G1 X95.00 Y62.80 E0.2495
G1 X90.00 Y63.20 F1800
G1 X95.00 Y63.20 E0.2495
G1 X90.00 Y63.60 F1800
G1 X95.00 Y63.60 E0.2495
G1 X90.00 Y64.00 F1800
G1 X95.00 Y64.00 E0.2495
G1 X90.00 Y64.40 F1800
G1 X95.00 Y64.40 E0.2495
G1 E-1 F2700
G1 X95.00 Y60.00 F7200
G1 E1 F2700
G1 X100.00 Y60.00 E0.9978 F1800
G1 X100.00 Y65.00 E0.9978
G1 X95.00 Y65.00 E0.9978
G1 X95.00 Y60.00 E0.9978
G1 X95.00 Y60.40 F1800
G1 X100.00 Y60.40 E0.2495
G1 X95.00 Y60.80 F1800
G1 X100.00 Y60.80 E0.2495
G1 X95.00 Y61.20 F1800
G1 X100.00 Y61.20 E0.2495
G1 X95.00 Y61.60 F1800
G1 X100.00 Y61.60 E0.2495
G1 X95.00 Y62.00 F1800
G1 X100.00 Y62.00 E0.2495
G1 X95.00 Y62.40 F1800
G1 X100.00 Y62.40 E0.2495
G1 X95.00 Y62.80 F1800
G1 X100.00 Y62.80 E0.2495
G1 X95.00 Y63.20 F1800
G1 X100.00 Y63.20 E0.2495
G1 X95.00 Y63.60 F1800
G1 X100.00 Y63.60 E0.2495
G1 X95.00 Y64.00 F1800
G1 X100.00 Y64.00 E0.2495
G1 X95.00 Y64.40 F1800
G1 X100.00 Y64.40 E0.2495
G1 E-1 F2700
G1 X70.00 Y55.00 F7200
G1 E1 F2700
G1 X75.00 Y55.00 E0.9978 F1800
G1 X75.00 Y60.00 E0.9978
G1 X70.00 Y60.00 E0.9978
G1 X70.00 Y55.00 E0.9978
G1 X70.00 Y55.40 F1800
G1 X75.00 Y55.40 E0.2495
G1 X70.00 Y55.80 F1800
G1 X75.00 Y55.80 E0.2495
G1 X70.00 Y56.20 F1800
G1 X75.00 Y56.20 E0.2495
G1 X70.00 Y56.60 F1800
G1 X75.00 Y56.60 E0.2495
G1 X70.00 Y57.00 F1800
G1 X75.00 Y57.00 E0.2495
G1 X70.00 Y57.40 F1800
G1 X75.00 Y57.40 E0.2495
G1 X70.00 Y57.80 F1800
G1 X75.00 Y57.80 E0.2495
G1 X70.00 Y58.20 F1800
G1 X75.00 Y58.20 E0.2495
G1 X70.00 Y58.60 F1800
G1 X75.00 Y58.60 E0.2495
G1 X70.00 Y59.00 F1800
G1 X75.00 Y59.00 E0.2495
G1 X70.00 Y59.40 F1800
G1 X75.00 Y59.40 E0.2495
G1 E-1 F2700
G1 X100.00 Y55.00 F7200
G1 E1 F2700
G1 X105.00 Y55.00 E0.9978 F1800
G1 X105.00 Y60.00 E0.9978
G1 X100.00 Y60.00 E0.9978
G1 X100.00 Y55.00 E0.9978
G1 X100.00 Y55.40 F1800
G1 X105.00 Y55.40 E0.2495
G1 X100.00 Y55.80 F1800
G1 X105.00 Y55.80 E0.2495
G1 X100.00 Y56.20 F1800
G1 X105.00 Y56.20 E0.2495
G1 X100.00 Y56.60 F1800
G1 X105.00 Y56.60 E0.2495
G1 X100.00 Y57.00 F1800
G1 X105.00 Y57.00 E0.2495
G1 X100.00 Y57.40 F1800
G1 X105.00 Y57.40 E0.2495
G1 X100.00 Y57.80 F1800
G1 X105.00 Y57.80 E0.2495
G1 X100.00 Y58.20 F1800
G1 X105.00 Y58.20 E0.2495
G1 X100.00 Y58.60 F1800
G1 X105.00 Y58.60 E0.2495
G1 X100.00 Y59.00 F1800
G1 X105.00 Y59.00 E0.2495
G1 X100.00 Y59.40 F1800
G1 X105.00 Y59.40 E0.2495
G1 E-1 F2700
G1 X70.00 Y50.00 F7200
G1 E1 F2700
G1 X75.00 Y50.00 E0.9978 F1800
G1 X75.00 Y55.00 E0.9978
G1 X70.00 Y55.00 E0.9978
G1 X70.00 Y50.00 E0.9978
G1 X70.00 Y50.40 F1800
G1 X75.00 Y50.40 E0.2495
G1 X70.00 Y50.80 F1800
G1 X75.00 Y50.80 E0.2495
G1 X70.00 Y51.20 F1800
G1 X75.00 Y51.20 E0.2495
G1 X70.00 Y51.60 F1800
G1 X75.00 Y51.60 E0.2495
G1 X70.00 Y52.00 F1800
G1 X75.00 Y52.00 E0.2495
G1 X70.00 Y52.40 F1800
G1 X75.00 Y52.40 E0.2495
G1 X70.00 Y52.80 F1800
G1 X75.00 Y52.80 E0.2495
G1 X70.00 Y53.20 F1800
G1 X75.00 Y53.20 E0.2495
G1 X70.00 Y53.60 F1800
G1 X75.00 Y53.60 E0.2495
G1 X70.00 Y54.00 F1800
G1 X75.00 Y54.00 E0.2495
G1 X70.00 Y54.40 F1800
G1 X75.00 Y54.40 E0.2495
G1 E-1 F2700
G1 X100.00 Y50.00 F7200
G1 E1 F2700
G1 X105.00 Y50.00 E0.9978 F1800
G1 X105.00 Y55.00 E0.9978
G1 X100.00 Y55.00 E0.9978
G1 X100.00 Y50.00 E0.9978
G1 X100.00 Y50.40 F1800
G1 X105.00 Y50.40 E0.2495
G1 X100.00 Y50.80 F1800
G1 X105.00 Y50.80 E0.2495
G1 X100.00 Y51.20 F1800
G1 X105.00 Y51.20 E0.2495
G1 X100.00 Y51.60 F1800
G1 X105.00 Y51.60 E0.2495
G1 X100.00 Y52.00 F1800
G1 X105.00 Y52.00 E0.2495
G1 X100.00 Y52.40 F1800
G1 X105.00 Y52.40 E0.2495
G1 X100.00 Y52.80 F1800
G1 X105.00 Y52.80 E0.2495
G1 X100.00 Y53.20 F1800
G1 X105.00 Y53.20 E0.2495
G1 X100.00 Y53.60 F1800
G1 X105.00 Y53.60 E0.2495
G1 X100.00 Y54.00 F1800
G1 X105.00 Y54.00 E0.2495
G1 X100.00 Y54.40 F1800
G1 X105.00 Y54.40 E0.2495
G1 E-1 F2700
G1 X70.00 Y45.00 F7200
G1 E1 F2700
G1 X75.00 Y45.00 E0.9978 F1800
G1 X75.00 Y50.00 E0.9978
G1 X70.00 Y50.00 E0.9978
G1 X70.00 Y45.00 E0.9978
G1 X70.00 Y45.40 F1800
G1 X75.00 Y45.40 E0.2495
G1 X70.00 Y45.80 F1800
G1 X75.00 Y45.80 E0.2495
G1 X70.00 Y46.20 F1800
G1 X75.00 Y46.20 E0.2495
G1 X70.00 Y46.60 F1800
G1 X75.00 Y46.60 E0.2495
G1 X70.00 Y47.00 F1800
G1 X75.00 Y47.00 E0.2495
G1 X70.00 Y47.40 F1800
G1 X75.00 Y47.40 E0.2495
G1 X70.00 Y47.80 F1800
G1 X75.00 Y47.80 E0.2495
G1 X70.00 Y48.20 F1800
G1 X75.00 Y48.20 E0.2495
G1 X70.00 Y48.60 F1800
G1 X75.00 Y48.60 E0.2495
G1 X70.00 Y49.00 F1800
G1 X75.00 Y49.00 E0.2495
G1 X70.00 Y49.40 F1800
G1 X75.00 Y49.40 E0.2495
G1 E-1 F2700
G1 X75.00 Y45.00 F7200
G1 E1 F2700
G1 X80.00 Y45.00 E0.9978 F1800
G1 X80.00 Y50.00 E0.9978
G1 X75.00 Y50.00 E0.9978
G1 X75.00 Y45.00 E0.9978
G1 X75.00 Y45.40 F1800
G1 X80.00 Y45.40 E0.2495
G1 X75.00 Y45.80 F1800
G1 X80.00 Y45.80 E0.2495
G1 X75.00 Y46.20 F1800
G1 X80.00 Y46.20 E0.2495
G1 X75.00 Y46.60 F1800
G1 X80.00 Y46.60 E0.2495
G1 X75.00 Y47.00 F1800
G1 X80.00 Y47.00 E0.2495
G1 X75.00 Y47.40 F1800
G1 X80.00 Y47.40 E0.2495
G1 X75.00 Y47.80 F1800
G1 X80.00 Y47.80 E0.2495
G1 X75.00 Y48.20 F1800
G1 X80.00 Y48.20 E0.2495
G1 X75.00 Y48.60 F1800
G1 X80.00 Y48.60 E0.2495
G1 X75.00 Y49.00 F1800
G1 X80.00 Y49.00 E0.2495
G1 X75.00 Y49.40 F1800
G1 X80.00 Y49.40 E0.2495
G1 E-1 F2700
G1 X80.00 Y45.00 F7200
G1 E1 F2700
G1 X85.00 Y45.00 E0.9978 F1800
G1 X85.00 Y50.00 E0.9978
G1 X80.00 Y50.00 E0.9978
G1 X80.00 Y45.00 E0.9978
G1 X80.00 Y45.40 F1800
G1 X85.00 Y45.40 E0.2495
G1 X80.00 Y45.80 F1800
G1 X85.00 Y45.80 E0.2495
G1 X80.00 Y46.20 F1800
G1 X85.00 Y46.20 E0.2495
G1 X80.00 Y46.60 F1800
G1 X85.00 Y46.60 E0.2495
G1 X80.00 Y47.00 F1800
G1 X85.00 Y47.00 E0.2495
G1 X80.00 Y47.40 F1800
G1 X85.00 Y47.40 E0.2495
G1 X80.00 Y47.80 F1800
G1 X85.00 Y47.80 E0.2495
G1 X80.00 Y48.20 F1800
G1 X85.00 Y48.20 E0.2495
G1 X80.00 Y48.60 F1800
G1 X85.00 Y48.60 E0.2495
G1 X80.00 Y49.00 F1800
G1 X85.00 Y49.00 E0.2495
G1 X80.00 Y49.40 F1800
G1 X85.00 Y49.40 E0.2495
G1 E-1 F2700
G1 X85.00 Y45.00 F7200
G1 E1 F2700
G1 X90.00 Y45.00 E0.9978 F1800
G1 X90.00 Y50.00 E0.9978
G1 X85.00 Y50.00 E0.9978
G1 X85.00 Y45.00 E0.9978
G1 X85.00 Y45.40 F1800
G1 X90.00 Y45.40 E0.2495
G1 X85.00 Y45.80 F1800
G1 X90.00 Y45.80 E0.2495
G1 X85.00 Y46.20 F1800
G1 X90.00 Y46.20 E0.2495
G1 X85.00 Y46.60 F1800
G1 X90.00 Y46.60 E0.2495
G1 X85.00 Y47.00 F1800
G1 X90.00 Y47.00 E0.2495
G1 X85.00 Y47.40 F1800
G1 X90.00 Y47.40 E0.2495
G1 X85.00 Y47.80 F1800
G1 X90.00 Y47.80 E0.2495
G1 X85.00 Y48.20 F1800
G1 X90.00 Y48.20 E0.2495
G1 X85.00 Y48.60 F1800
G1 X90.00 Y48.60 E0.2495
G1 X85.00 Y49.00 F1800
G1 X90.00 Y49.00 E0.2495
G1 X85.00 Y49.40 F1800
G1 X90.00 Y49.40 E0.2495
G1 E-1 F2700
G1 X90.00 Y45.00 F7200
G1 E1 F2700
G1 X95.00 Y45.00 E0.9978 F1800
G1 X95.00 Y50.00 E0.9978
G1 X90.00 Y50.00 E0.9978
G1 X90.00 Y45.00 E0.9978
G1 X90.00 Y45.40 F1800
G1 X95.00 Y45.40 E0.2495
G1 X90.00 Y45.80 F1800
G1 X95.00 Y45.80 E0.2495
G1 X90.00 Y46.20 F1800
G1 X95.00 Y46.20 E0.2495
G1 X90.00 Y46.60 F1800
G1 X95.00 Y46.60 E0.2495
G1 X90.00 Y47.00 F1800
G1 X95.00 Y47.00 E0.2495
G1 X90.00 Y47.40 F1800
G1 X95.00 Y47.40 E0.2495
G1 X90.00 Y47.80 F1800
G1 X95.00 Y47.80 E0.2495
G1 X90.00 Y48.20 F1800
G1 X95.00 Y48.20 E0.2495
G1 X90.00 Y48.60 F1800
G1 X95.00 Y48.60 E0.2495
G1 X90.00 Y49.00 F1800
G1 X95.00 Y49.00 E0.2495
G1 X90.00 Y49.40 F1800
G1 X95.00 Y49.40 E0.2495
G1 E-1 F2700
G1 X95.00 Y45.00 F7200
G1 E1 F2700
G1 X100.00 Y45.00 E0.9978 F1800
G1 X100.00 Y50.00 E0.9978
G1 X95.00 Y50.00 E0.9978
G1 X95.00 Y45.00 E0.9978
G1 X95.00 Y45.40 F1800
G1 X100.00 Y45.40 E0.2495
G1 X95.00 Y45.80 F1800
G1 X100.00 Y45.80 E0.2495
G1 X95.00 Y46.20 F1800
G1 X100.00 Y46.20 E0.2495
G1 X95.00 Y46.60 F1800
G1 X100.00 Y46.60 E0.2495
G1 X95.00 Y47.00 F1800
G1 X100.00 Y47.00 E0.2495
G1 X95.00 Y47.40 F1800
G1 X100.00 Y47.40 E0.2495
G1 X95.00 Y47.80 F1800
G1 X100.00 Y47.80 E0.2495
G1 X95.00 Y48.20 F1800
G1 X100.00 Y48.20 E0.2495
G1 X95.00 Y48.60 F1800
G1 X100.00 Y48.60 E0.2495
G1 X95.00 Y49.00 F1800
G1 X100.00 Y49.00 E0.2495
G1 X95.00 Y49.40 F1800
G1 X100.00 Y49.40 E0.2495
G1 E-1 F2700
G1 X70.00 Y40.00 F7200
G1 E1 F2700
G1 X75.00 Y40.00 E0.9978 F1800
G1 X75.00 Y45.00 E0.9978
G1 X70.00 Y45.00 E0.9978
G1 X70.00 Y40.00 E0.9978
G1 X70.00 Y40.40 F1800
G1 X75.00 Y40.40 E0.2495
G1 X70.00 Y40.80 F1800
G1 X75.00 Y40.80 E0.2495
G1 X70.00 Y41.20 F1800
G1 X75.00 Y41.20 E0.2495
G1 X70.00 Y41.60 F1800
G1 X75.00 Y41.60 E0.2495
G1 X70.00 Y42.00 F1800
G1 X75.00 Y42.00 E0.2495
G1 X70.00 Y42.40 F1800
G1 X75.00 Y42.40 E0.2495
G1 X70.00 Y42.80 F1800
G1 X75.00 Y42.80 E0.2495
G1 X70.00 Y43.20 F1800
G1 X75.00 Y43.20 E0.2495
G1 X70.00 Y43.60 F1800
G1 X75.00 Y43.60 E0.2495
G1 X70.00 Y44.00 F1800
G1 X75.00 Y44.00 E0.2495
G1 X70.00 Y44.40 F1800
G1 X75.00 Y44.40 E0.2495
G1 E-1 F2700
G1 X70.00 Y35.00 F7200
G1 E1 F2700
G1 X75.00 Y35.00 E0.9978 F1800
G1 X75.00 Y40.00 E0.9978
G1 X70.00 Y40.00 E0.9978
G1 X70.00 Y35.00 E0.9978
G1 X70.00 Y35.40 F1800
G1 X75.00 Y35.40 E0.2495
G1 X70.00 Y35.80 F1800
G1 X75.00 Y35.80 E0.2495
G1 X70.00 Y36.20 F1800
G1 X75.00 Y36.20 E0.2495
G1 X70.00 Y36.60 F1800
G1 X75.00 Y36.60 E0.2495
G1 X70.00 Y37.00 F1800
G1 X75.00 Y37.00 E0.2495
G1 X70.00 Y37.40 F1800
G1 X75.00 Y37.40 E0.2495
G1 X70.00 Y37.80 F1800
G1 X75.00 Y37.80 E0.2495
G1 X70.00 Y38.20 F1800
G1 X75.00 Y38.20 E0.2495
G1 X70.00 Y38.60 F1800
G1 X75.00 Y38.60 E0.2495
G1 X70.00 Y39.00 F1800
G1 X75.00 Y39.00 E0.2495
G1 X70.00 Y39.40 F1800
G1 X75.00 Y39.40 E0.2495
G1 E-1 F2700
G1 X70.00 Y30.00 F7200
G1 E1 F2700
G1 X75.00 Y30.00 E0.9978 F1800
G1 X75.00 Y35.00 E0.9978
G1 X70.00 Y35.00 E0.9978
G1 X70.00 Y30.00 E0.9978
G1 X70.00 Y30.40 F1800
G1 X75.00 Y30.40 E0.2495
G1 X70.00 Y30.80 F1800
G1 X75.00 Y30.80 E0.2495
G1 X70.00 Y31.20 F1800
G1 X75.00 Y31.20 E0.2495
G1 X70.00 Y31.60 F1800
G1 X75.00 Y31.60 E0.2495
G1 X70.00 Y32.00 F1800
G1 X75.00 Y32.00 E0.2495
G1 X70.00 Y32.40 F1800
G1 X75.00 Y32.40 E0.2495
G1 X70.00 Y32.80 F1800
G1 X75.00 Y32.80 E0.2495
G1 X70.00 Y33.20 F1800
G1 X75.00 Y33.20 E0.2495
G1 X70.00 Y33.60 F1800
G1 X75.00 Y33.60 E0.2495
G1 X70.00 Y34.00 F1800
G1 X75.00 Y34.00 E0.2495
G1 X70.00 Y34.40 F1800
G1 X75.00 Y34.40 E0.2495
G1 E-1 F2700
G1 X115.00 Y60.00 F7200
G1 E1 F2700
G1 X120.00 Y60.00 E0.9978 F1800
G1 X120.00 Y65.00 E0.9978
G1 X115.00 Y65.00 E0.9978
G1 X115.00 Y60.00 E0.9978
G1 X115.00 Y60.40 F1800
G1 X120.00 Y60.40 E0.2495
G1 X115.00 Y60.80 F1800
G1 X120.00 Y60.80 E0.2495
G1 X115.00 Y61.20 F1800
G1 X120.00 Y61.20 E0.2495
G1 X115.00 Y61.60 F1800
G1 X120.00 Y61.60 E0.2495
G1 X115.00 Y62.00 F1800
G1 X120.00 Y62.00 E0.2495
G1 X115.00 Y62.40 F1800
G1 X120.00 Y62.40 E0.2495
G1 X115.00 Y62.80 F1800
G1 X120.00 Y62.80 E0.2495
G1 X115.00 Y63.20 F1800
G1 X120.00 Y63.20 E0.2495
G1 X115.00 Y63.60 F1800
G1 X120.00 Y63.60 E0.2495
G1 X115.00 Y64.00 F1800
G1 X120.00 Y64.00 E0.2495
G1 X115.00 Y64.40 F1800
G1 X120.00 Y64.40 E0.2495
G1 E-1 F2700
G1 X120.00 Y60.00 F7200
G1 E1 F2700
G1 X125.00 Y60.00 E0.9978 F1800
G1 X125.00 Y65.00 E0.9978
G1 X120.00 Y65.00 E0.9978
G1 X120.00 Y60.00 E0.9978
G1 X120.00 Y60.40 F1800
G1 X125.00 Y60.40 E0.2495
G1 X120.00 Y60.80 F1800
G1 X125.00 Y60.80 E0.2495
G1 X120.00 Y61.20 F1800
G1 X125.00 Y61.20 E0.2495
G1 X120.00 Y61.60 F1800
G1 X125.00 Y61.60 E0.2495
G1 X120.00 Y62.00 F1800
G1 X125.00 Y62.00 E0.2495
G1 X120.00 Y62.40 F1800
G1 X125.00 Y62.40 E0.2495
G1 X120.00 Y62.80 F1800
G1 X125.00 Y62.80 E0.2495
G1 X120.00 Y63.20 F1800
G1 X125.00 Y63.20 E0.2495
G1 X120.00 Y63.60 F1800
G1 X125.00 Y63.60 E0.2495
G1 X120.00 Y64.00 F1800
G1 X125.00 Y64.00 E0.2495
G1 X120.00 Y64.40 F1800
G1 X125.00 Y64.40 E0.2495
G1 E-1 F2700
G1 X125.00 Y60.00 F7200
G1 E1 F2700
G1 X130.00 Y60.00 E0.9978 F1800
G1 X130.00 Y65.00 E0.9978
G1 X125.00 Y65.00 E0.9978
G1 X125.00 Y60.00 E0.9978
G1 X125.00 Y60.40 F1800
G1 X130.00 Y60.40 E0.2495
G1 X125.00 Y60.80 F1800
G1 X130.00 Y60.80 E0.2495
G1 X125.00 Y61.20 F1800
G1 X130.00 Y61.20 E0.2495
G1 X125.00 Y61.60 F1800
G1 X130.00 Y61.60 E0.2495
G1 X125.00 Y62.00 F1800
G1 X130.00 Y62.00 E0.2495
G1 X125.00 Y62.40 F1800
G1 X130.00 Y62.40 E0.2495
G1 X125.00 Y62.80 F1800
G1 X130.00 Y62.80 E0.2495
G1 X125.00 Y63.20 F1800
G1 X130.00 Y63.20 E0.2495
G1 X125.00 Y63.60 F1800
G1 X130.00 Y63.60 E0.2495
G1 X125.00 Y64.00 F1800
G1 X130.00 Y64.00 E0.2495
G1 X125.00 Y64.40 F1800
G1 X130.00 Y64.40 E0.2495
G1 E-1 F2700
G1 X130.00 Y60.00 F7200
G1 E1 F2700
G1 X135.00 Y60.00 E0.9978 F1800
G1 X135.00 Y65.00 E0.9978
G1 X130.00 Y65.00 E0.9978
G1 X130.00 Y60.00 E0.9978
G1 X130.00 Y60.40 F1800
G1 X135.00 Y60.40 E0.2495
G1 X130.00 Y60.80 F1800
G1 X135.00 Y60.80 E0.2495
G1 X130.00 Y61.20 F1800
G1 X135.00 Y61.20 E0.2495
G1 X130.00 Y61.60 F1800
G1 X135.00 Y61.60 E0.2495
G1 X130.00 Y62.00 F1800
G1 X135.00 Y62.00 E0.2495
G1 X130.00 Y62.40 F1800
G1 X135.00 Y62.40 E0.2495
G1 X130.00 Y62.80 F1800
G1 X135.00 Y62.80 E0.2495
G1 X130.00 Y63.20 F1800
G1 X135.00 Y63.20 E0.2495
G1 X130.00 Y63.60 F1800
G1 X135.00 Y63.60 E0.2495
G1 X130.00 Y64.00 F1800
G1 X135.00 Y64.00 E0.2495
G1 X130.00 Y64.40 F1800
G1 X135.00 Y64.40 E0.2495
G1 E-1 F2700
G1 X135.00 Y60.00 F7200
G1 E1 F2700
G1 X140.00 Y60.00 E0.9978 F1800
G1 X140.00 Y65.00 E0.9978
G1 X135.00 Y65.00 E0.9978
G1 X135.00 Y60.00 E0.9978
G1 X135.00 Y60.40 F1800
G1 X140.00 Y60.40 E0.2495
G1 X135.00 Y60.80 F1800
G1 X140.00 Y60.80 E0.2495
G1 X135.00 Y61.20 F1800
G1 X140.00 Y61.20 E0.2495
G1 X135.00 Y61.60 F1800
G1 X140.00 Y61.60 E0.2495
G1 X135.00 Y62.00 F1800
G1 X140.00 Y62.00 E0.2495
G1 X135.00 Y62.40 F1800
G1 X140.00 Y62.40 E0.2495
G1 X135.00 Y62.80 F1800
G1 X140.00 Y62.80 E0.2495
G1 X135.00 Y63.20 F1800
G1 X140.00 Y63.20 E0.2495
G1 X135.00 Y63.60 F1800
G1 X140.00 Y63.60 E0.2495
G1 X135.00 Y64.00 F1800
G1 X140.00 Y64.00 E0.2495
G1 X135.00 Y64.40 F1800
G1 X140.00 Y64.40 E0.2495
G1 E-1 F2700
G1 X110.00 Y55.00 F7200
G1 E1 F2700
G1 X115.00 Y55.00 E0.9978 F1800
G1 X115.00 Y60.00 E0.9978
G1 X110.00 Y60.00 E0.9978
G1 X110.00 Y55.00 E0.9978
G1 X110.00 Y55.40 F1800
G1 X115.00 Y55.40 E0.2495
G1 X110.00 Y55.80 F1800
G1 X115.00 Y55.80 E0.2495
G1 X110.00 Y56.20 F1800
G1 X115.00 Y56.20 E0.2495
G1 X110.00 Y56.60 F1800
G1 X115.00 Y56.60 E0.2495
G1 X110.00 Y57.00 F1800
G1 X115.00 Y57.00 E0.2495
G1 X110.00 Y57.40 F1800
G1 X115.00 Y57.40 E0.2495
G1 X110.00 Y57.80 F1800
G1 X115.00 Y57.80 E0.2495
G1 X110.00 Y58.20 F1800
G1 X115.00 Y58.20 E0.2495
G1 X110.00 Y58.60 F1800
G1 X115.00 Y58.60 E0.2495
G1 X110.00 Y59.00 F1800
G1 X115.00 Y59.00 E0.2495
G1 X110.00 Y59.40 F1800
G1 X115.00 Y59.40 E0.2495
G1 E-1 F2700
G1 X140.00 Y55.00 F7200
G1 E1 F2700
G1 X145.00 Y55.00 E0.9978 F1800
G1 X145.00 Y60.00 E0.9978
G1 X140.00 Y60.00 E0.9978
G1 X140.00 Y55.00 E0.9978
G1 X140.00 Y55.40 F1800
G1 X145.00 Y55.40 E0.2495
G1 X140.00 Y55.80 F1800
G1 X145.00 Y55.80 E0.2495
G1 X140.00 Y56.20 F1800
G1 X145.00 Y56.20 E0.2495
G1 X140.00 Y56.60 F1800
G1 X145.00 Y56.60 E0.2495
G1 X140.00 Y57.00 F1800
G1 X145.00 Y57.00 E0.2495
G1 X140.00 Y57.40 F1800
G1 X145.00 Y57.40 E0.2495
G1 X140.00 Y57.80 F1800
G1 X145.00 Y57.80 E0.2495
G1 X140.00 Y58.20 F1800
G1 X145.00 Y58.20 E0.2495
G1 X140.00 Y58.60 F1800
G1 X145.00 Y58.60 E0.2495
G1 X140.00 Y59.00 F1800
G1 X145.00 Y59.00 E0.2495
G1 X140.00 Y59.40 F1800
G1 X145.00 Y59.40 E0.2495
G1 E-1 F2700
G1 X140.00 Y50.00 F7200
G1 E1 F2700
G1 X145.00 Y50.00 E0.9978 F1800
G1 X145.00 Y55.00 E0.9978
G1 X140.00 Y55.00 E0.9978
G1 X140.00 Y50.00 E0.9978
G1 X140.00 Y50.40 F1800
G1 X145.00 Y50.40 E0.2495
G1 X140.00 Y50.80 F1800
G1 X145.00 Y50.80 E0.2495
G1 X140.00 Y51.20 F1800
G1 X145.00 Y51.20 E0.2495
G1 X140.00 Y51.60 F1800
G1 X145.00 Y51.60 E0.2495
G1 X140.00 Y52.00 F1800
G1 X145.00 Y52.00 E0.2495
G1 X140.00 Y52.40 F1800
G1 X145.00 Y52.40 E0.2495
G1 X140.00 Y52.80 F1800
G1 X145.00 Y52.80 E0.2495
G1 X140.00 Y53.20 F1800
G1 X145.00 Y53.20 E0.2495
G1 X140.00 Y53.60 F1800
G1 X145.00 Y53.60 E0.2495
G1 X140.00 Y54.00 F1800
G1 X145.00 Y54.00 E0.2495
G1 X140.00 Y54.40 F1800
G1 X145.00 Y54.40 E0.2495
G1 E-1 F2700
G1 X125.00 Y45.00 F7200
G1 E1 F2700
G1 X130.00 Y45.00 E0.9978 F1800
G1 X130.00 Y50.00 E0.9978
G1 X125.00 Y50.00 E0.9978
G1 X125.00 Y45.00 E0.9978
G1 X125.00 Y45.40 F1800
G1 X130.00 Y45.40 E0.2495
G1 X125.00 Y45.80 F1800
G1 X130.00 Y45.80 E0.2495
G1 X125.00 Y46.20 F1800
G1 X130.00 Y46.20 E0.2495
G1 X125.00 Y46.60 F1800
G1 X130.00 Y46.60 E0.2495
G1 X125.00 Y47.00 F1800
G1 X130.00 Y47.00 E0.2495
G1 X125.00 Y47.40 F1800
G1 X130.00 Y47.40 E0.2495
G1 X125.00 Y47.80 F1800
G1 X130.00 Y47.80 E0.2495
G1 X125.00 Y48.20 F1800
G1 X130.00 Y48.20 E0.2495
G1 X125.00 Y48.60 F1800
G1 X130.00 Y48.60 E0.2495
G1 X125.00 Y49.00 F1800
G1 X130.00 Y49.00 E0.2495
G1 X125.00 Y49.40 F1800
G1 X130.00 Y49.40 E0.2495
G1 E-1 F2700
G1 X130.00 Y45.00 F7200
G1 E1 F2700
G1 X135.00 Y45.00 E0.9978 F1800
G1 X135.00 Y50.00 E0.9978
G1 X130.00 Y50.00 E0.9978
G1 X130.00 Y45.00 E0.9978
G1 X130.00 Y45.40 F1800
G1 X135.00 Y45.40 E0.2495
G1 X130.00 Y45.80 F1800
G1 X135.00 Y45.80 E0.2495
G1 X130.00 Y46.20 F1800
G1 X135.00 Y46.20 E0.2495
G1 X130.00 Y46.60 F1800
G1 X135.00 Y46.60 E0.2495
G1 X130.00 Y47.00 F1800
G1 X135.00 Y47.00 E0.2495
G1 X130.00 Y47.40 F1800
G1 X135.00 Y47.40 E0.2495
G1 X130.00 Y47.80 F1800
G1 X135.00 Y47.80 E0.2495
G1 X130.00 Y48.20 F1800
G1 X135.00 Y48.20 E0.2495
G1 X130.00 Y48.60 F1800
G1 X135.00 Y48.60 E0.2495
G1 X130.00 Y49.00 F1800
G1 X135.00 Y49.00 E0.2495
G1 X130.00 Y49.40 F1800
G1 X135.00 Y49.40 E0.2495
G1 E-1 F2700
G1 X135.00 Y45.00 F7200
G1 E1 F2700
G1 X140.00 Y45.00 E0.9978 F1800
G1 X140.00 Y50.00 E0.9978
G1 X135.00 Y50.00 E0.9978
G1 X135.00 Y45.00 E0.9978
G1 X135.00 Y45.40 F1800
G1 X140.00 Y45.40 E0.2495
G1 X135.00 Y45.80 F1800
G1 X140.00 Y45.80 E0.2495
G1 X135.00 Y46.20 F1800
G1 X140.00 Y46.20 E0.2495
G1 X135.00 Y46.60 F1800
G1 X140.00 Y46.60 E0.2495
G1 X135.00 Y47.00 F1800
G1 X140.00 Y47.00 E0.2495
G1 X135.00 Y47.40 F1800
G1 X140.00 Y47.40 E0.2495
G1 X135.00 Y47.80 F1800
G1 X140.00 Y47.80 E0.2495
G1 X135.00 Y48.20 F1800
G1 X140.00 Y48.20 E0.2495
G1 X135.00 Y48.60 F1800
G1 X140.00 Y48.60 E0.2495
G1 X135.00 Y49.00 F1800
G1 X140.00 Y49.00 E0.2495
G1 X135.00 Y49.40 F1800
G1 X140.00 Y49.40 E0.2495
G1 E-1 F2700
G1 X115.00 Y40.00 F7200
G1 E1 F2700
G1 X120.00 Y40.00 E0.9978 F1800
G1 X120.00 Y45.00 E0.9978
G1 X115.00 Y45.00 E0.9978
G1 X115.00 Y40.00 E0.9978
G1 X115.00 Y40.40 F1800
G1 X120.00 Y40.40 E0.2495
G1 X115.00 Y40.80 F1800
G1 X120.00 Y40.80 E0.2495
G1 X115.00 Y41.20 F1800
G1 X120.00 Y41.20 E0.2495
G1 X115.00 Y41.60 F1800
G1 X120.00 Y41.60 E0.2495
G1 X115.00 Y42.00 F1800
G1 X120.00 Y42.00 E0.2495
G1 X115.00 Y42.40 F1800
G1 X120.00 Y42.40 E0.2495
G1 X115.00 Y42.80 F1800
G1 X120.00 Y42.80 E0.2495
G1 X115.00 Y43.20 F1800
G1 X120.00 Y43.20 E0.2495
G1 X115.00 Y43.60 F1800
G1 X120.00 Y43.60 E0.2495
G1 X115.00 Y44.00 F1800
G1 X120.00 Y44.00 E0.2495
G1 X115.00 Y44.40 F1800
G1 X120.00 Y44.40 E0.2495
G1 E-1 F2700
G1 X120.00 Y40.00 F7200
G1 E1 F2700
G1 X125.00 Y40.00 E0.9978 F1800
G1 X125.00 Y45.00 E0.9978
G1 X120.00 Y45.00 E0.9978
G1 X120.00 Y40.00 E0.9978
G1 X120.00 Y40.40 F1800
G1 X125.00 Y40.40 E0.2495
G1 X120.00 Y40.80 F1800
G1 X125.00 Y40.80 E0.2495
G1 X120.00 Y41.20 F1800
G1 X125.00 Y41.20 E0.2495
G1 X120.00 Y41.60 F1800
G1 X125.00 Y41.60 E0.2495
G1 X120.00 Y42.00 F1800
G1 X125.00 Y42.00 E0.2495
G1 X120.00 Y42.40 F1800
G1 X125.00 Y42.40 E0.2495
G1 X120.00 Y42.80 F1800
G1 X125.00 Y42.80 E0.2495
G1 X120.00 Y43.20 F1800
G1 X125.00 Y43.20 E0.2495
G1 X120.00 Y43.60 F1800
G1 X125.00 Y43.60 E0.2495
G1 X120.00 Y44.00 F1800
G1 X125.00 Y44.00 E0.2495
G1 X120.00 Y44.40 F1800
G1 X125.00 Y44.40 E0.2495
G1 E-1 F2700
G1 X110.00 Y35.00 F7200
G1 E1 F2700
G1 X115.00 Y35.00 E0.9978 F1800
G1 X115.00 Y40.00 E0.9978
G1 X110.00 Y40.00 E0.9978
G1 X110.00 Y35.00 E0.9978
G1 X110.00 Y35.40 F1800
G1 X115.00 Y35.40 E0.2495
G1 X110.00 Y35.80 F1800
G1 X115.00 Y35.80 E0.2495
G1 X110.00 Y36.20 F1800
G1 X115.00 Y36.20 E0.2495
G1 X110.00 Y36.60 F1800
G1 X115.00 Y36.60 E0.2495
G1 X110.00 Y37.00 F1800
G1 X115.00 Y37.00 E0.2495
G1 X110.00 Y37.40 F1800
G1 X115.00 Y37.40 E0.2495
G1 X110.00 Y37.80 F1800
G1 X115.00 Y37.80 E0.2495
G1 X110.00 Y38.20 F1800
G1 X115.00 Y38.20 E0.2495
G1 X110.00 Y38.60 F1800
G1 X115.00 Y38.60 E0.2495
G1 X110.00 Y39.00 F1800
G1 X115.00 Y39.00 E0.2495
G1 X110.00 Y39.40 F1800
G1 X115.00 Y39.40 E0.2495
G1 E-1 F2700
G1 X110.00 Y30.00 F7200
G1 E1 F2700
G1 X115.00 Y30.00 E0.9978 F1800
G1 X115.00 Y35.00 E0.9978
G1 X110.00 Y35.00 E0.9978
G1 X110.00 Y30.00 E0.9978
G1 X110.00 Y30.40 F1800
G1 X115.00 Y30.40 E0.2495
G1 X110.00 Y30.80 F1800
G1 X115.00 Y30.80 E0.2495
G1 X110.00 Y31.20 F1800
G1 X115.00 Y31.20 E0.2495
G1 X110.00 Y31.60 F1800
G1 X115.00 Y31.60 E0.2495
G1 X110.00 Y32.00 F1800
G1 X115.00 Y32.00 E0.2495
G1 X110.00 Y32.40 F1800
G1 X115.00 Y32.40 E0.2495
G1 X110.00 Y32.80 F1800
G1 X115.00 Y32.80 E0.2495
G1 X110.00 Y33.20 F1800
G1 X115.00 Y33.20 E0.2495
G1 X110.00 Y33.60 F1800
G1 X115.00 Y33.60 E0.2495
G1 X110.00 Y34.00 F1800
G1 X115.00 Y34.00 E0.2495
G1 X110.00 Y34.40 F1800
G1 X115.00 Y34.40 E0.2495
G1 E-1 F2700
G1 X115.00 Y30.00 F7200
G1 E1 F2700
G1 X120.00 Y30.00 E0.9978 F1800
G1 X120.00 Y35.00 E0.9978
G1 X115.00 Y35.00 E0.9978
G1 X115.00 Y30.00 E0.9978
G1 X115.00 Y30.40 F1800
G1 X120.00 Y30.40 E0.2495
G1 X115.00 Y30.80 F1800
G1 X120.00 Y30.80 E0.2495
G1 X115.00 Y31.20 F1800
G1 X120.00 Y31.20 E0.2495
G1 X115.00 Y31.60 F1800
G1 X120.00 Y31.60 E0.2495
G1 X115.00 Y32.00 F1800
G1 X120.00 Y32.00 E0.2495
G1 X115.00 Y32.40 F1800
G1 X120.00 Y32.40 E0.2495
G1 X115.00 Y32.80 F1800
G1 X120.00 Y32.80 E0.2495
G1 X115.00 Y33.20 F1800
G1 X120.00 Y33.20 E0.2495
G1 X115.00 Y33.60 F1800
G1 X120.00 Y33.60 E0.2495
G1 X115.00 Y34.00 F1800
G1 X120.00 Y34.00 E0.2495
G1 X115.00 Y34.40 F1800
G1 X120.00 Y34.40 E0.2495
G1 E-1 F2700
G1 X120.00 Y30.00 F7200
G1 E1 F2700
G1 X125.00 Y30.00 E0.9978 F1800
G1 X125.00 Y35.00 E0.9978
G1 X120.00 Y35.00 E0.9978
G1 X120.00 Y30.00 E0.9978
G1 X120.00 Y30.40 F1800
G1 X125.00 Y30.40 E0.2495
G1 X120.00 Y30.80 F1800
G1 X125.00 Y30.80 E0.2495
G1 X120.00 Y31.20 F1800
G1 X125.00 Y31.20 E0.2495
G1 X120.00 Y31.60 F1800
G1 X125.00 Y31.60 E0.2495
G1 X120.00 Y32.00 F1800
G1 X125.00 Y32.00 E0.2495
G1 X120.00 Y32.40 F1800
G1 X125.00 Y32.40 E0.2495
G1 X120.00 Y32.80 F1800
G1 X125.00 Y32.80 E0.2495
G1 X120.00 Y33.20 F1800
G1 X125.00 Y33.20 E0.2495
G1 X120.00 Y33.60 F1800
G1 X125.00 Y33.60 E0.2495
G1 X120.00 Y34.00 F1800
G1 X125.00 Y34.00 E0.2495
G1 X120.00 Y34.40 F1800
G1 X125.00 Y34.40 E0.2495
G1 E-1 F2700
G1 X125.00 Y30.00 F7200
G1 E1 F2700
G1 X130.00 Y30.00 E0.9978 F1800
G1 X130.00 Y35.00 E0.9978
G1 X125.00 Y35.00 E0.9978
G1 X125.00 Y30.00 E0.9978
G1 X125.00 Y30.40 F1800
G1 X130.00 Y30.40 E0.2495
G1 X125.00 Y30.80 F1800
G1 X130.00 Y30.80 E0.2495
G1 X125.00 Y31.20 F1800
G1 X130.00 Y31.20 E0.2495
G1 X125.00 Y31.60 F1800
G1 X130.00 Y31.60 E0.2495
G1 X125.00 Y32.00 F1800
G1 X130.00 Y32.00 E0.2495
G1 X125.00 Y32.40 F1800
G1 X130.00 Y32.40 E0.2495
G1 X125.00 Y32.80 F1800
G1 X130.00 Y32.80 E0.2495
G1 X125.00 Y33.20 F1800
G1 X130.00 Y33.20 E0.2495
G1 X125.00 Y33.60 F1800
G1 X130.00 Y33.60 E0.2495
G1 X125.00 Y34.00 F1800
G1 X130.00 Y34.00 E0.2495
G1 X125.00 Y34.40 F1800
G1 X130.00 Y34.40 E0.2495
G1 E-1 F2700
G1 X130.00 Y30.00 F7200
G1 E1 F2700
G1 X135.00 Y30.00 E0.9978 F1800
G1 X135.00 Y35.00 E0.9978
G1 X130.00 Y35.00 E0.9978
G1 X130.00 Y30.00 E0.9978
G1 X130.00 Y30.40 F1800
G1 X135.00 Y30.40 E0.2495
G1 X130.00 Y30.80 F1800
G1 X135.00 Y30.80 E0.2495
G1 X130.00 Y31.20 F1800
G1 X135.00 Y31.20 E0.2495
G1 X130.00 Y31.60 F1800
G1 X135.00 Y31.60 E0.2495
G1 X130.00 Y32.00 F1800
G1 X135.00 Y32.00 E0.2495
G1 X130.00 Y32.40 F1800
G1 X135.00 Y32.40 E0.2495
G1 X130.00 Y32.80 F1800
G1 X135.00 Y32.80 E0.2495
G1 X130.00 Y33.20 F1800
G1 X135.00 Y33.20 E0.2495
G1 X130.00 Y33.60 F1800
G1 X135.00 Y33.60 E0.2495
G1 X130.00 Y34.00 F1800
G1 X135.00 Y34.00 E0.2495
G1 X130.00 Y34.40 F1800
G1 X135.00 Y34.40 E0.2495
G1 E-1 F2700
G1 X135.00 Y30.00 F7200
G1 E1 F2700
G1 X140.00 Y30.00 E0.9978 F1800
G1 X140.00 Y35.00 E0.9978
G1 X135.00 Y35.00 E0.9978
G1 X135.00 Y30.00 E0.9978
G1 X135.00 Y30.40 F1800
G1 X140.00 Y30.40 E0.2495
G1 X135.00 Y30.80 F1800
G1 X140.00 Y30.80 E0.2495
G1 X135.00 Y31.20 F1800
G1 X140.00 Y31.20 E0.2495
G1 X135.00 Y31.60 F1800
G1 X140.00 Y31.60 E0.2495
G1 X135.00 Y32.00 F1800
G1 X140.00 Y32.00 E0.2495
G1 X135.00 Y32.40 F1800
G1 X140.00 Y32.40 E0.2495
G1 X135.00 Y32.80 F1800
G1 X140.00 Y32.80 E0.2495
G1 X135.00 Y33.20 F1800
G1 X140.00 Y33.20 E0.2495
G1 X135.00 Y33.60 F1800
G1 X140.00 Y33.60 E0.2495
G1 X135.00 Y34.00 F1800
G1 X140.00 Y34.00 E0.2495
G1 X135.00 Y34.40 F1800
G1 X140.00 Y34.40 E0.2495
G1 E-1 F2700
G1 X140.00 Y30.00 F7200
G1 E1 F2700
G1 X145.00 Y30.00 E0.9978 F1800
G1 X145.00 Y35.00 E0.9978
G1 X140.00 Y35.00 E0.9978
G1 X140.00 Y30.00 E0.9978
G1 X140.00 Y30.40 F1800
G1 X145.00 Y30.40 E0.2495
G1 X140.00 Y30.80 F1800
G1 X145.00 Y30.80 E0.2495
G1 X140.00 Y31.20 F1800
G1 X145.00 Y31.20 E0.2495
G1 X140.00 Y31.60 F1800
G1 X145.00 Y31.60 E0.2495
G1 X140.00 Y32.00 F1800
G1 X145.00 Y32.00 E0.2495
G1 X140.00 Y32.40 F1800
G1 X145.00 Y32.40 E0.2495
G1 X140.00 Y32.80 F1800
G1 X145.00 Y32.80 E0.2495
G1 X140.00 Y33.20 F1800
G1 X145.00 Y33.20 E0.2495
G1 X140.00 Y33.60 F1800
G1 X145.00 Y33.60 E0.2495
G1 X140.00 Y34.00 F1800
G1 X145.00 Y34.00 E0.2495
G1 X140.00 Y34.40 F1800
G1 X145.00 Y34.40 E0.2495
G1 E-1 F2700
G1 X155.00 Y60.00 F7200
G1 E1 F2700
G1 X160.00 Y60.00 E0.9978 F1800
G1 X160.00 Y65.00 E0.9978
G1 X155.00 Y65.00 E0.9978
G1 X155.00 Y60.00 E0.9978
G1 X155.00 Y60.40 F1800
G1 X160.00 Y60.40 E0.2495
G1 X155.00 Y60.80 F1800
G1 X160.00 Y60.80 E0.2495
G1 X155.00 Y61.20 F1800
G1 X160.00 Y61.20 E0.2495
G1 X155.00 Y61.60 F1800
G1 X160.00 Y61.60 E0.2495
G1 X155.00 Y62.00 F1800
G1 X160.00 Y62.00 E0.2495
G1 X155.00 Y62.40 F1800
G1 X160.00 Y62.40 E0.2495
G1 X155.00 Y62.80 F1800
G1 X160.00 Y62.80 E0.2495
G1 X155.00 Y63.20 F1800
G1 X160.00 Y63.20 E0.2495
G1 X155.00 Y63.60 F1800
G1 X160.00 Y63.60 E0.2495
G1 X155.00 Y64.00 F1800
G1 X160.00 Y64.00 E0.2495
G1 X155.00 Y64.40 F1800
G1 X160.00 Y64.40 E0.2495
G1 E-1 F2700
G1 X160.00 Y60.00 F7200
G1 E1 F2700
G1 X165.00 Y60.00 E0.9978 F1800
G1 X165.00 Y65.00 E0.9978
G1 X160.00 Y65.00 E0.9978
G1 X160.00 Y60.00 E0.9978
G1 X160.00 Y60.40 F1800
G1 X165.00 Y60.40 E0.2495
G1 X160.00 Y60.80 F1800
G1 X165.00 Y60.80 E0.2495
G1 X160.00 Y61.20 F1800
G1 X165.00 Y61.20 E0.2495
G1 X160.00 Y61.60 F1800
G1 X165.00 Y61.60 E0.2495
G1 X160.00 Y62.00 F1800
G1 X165.00 Y62.00 E0.2495
G1 X160.00 Y62.40 F1800
G1 X165.00 Y62.40 E0.2495
G1 X160.00 Y62.80 F1800
G1 X165.00 Y62.80 E0.2495
G1 X160.00 Y63.20 F1800
G1 X165.00 Y63.20 E0.2495
G1 X160.00 Y63.60 F1800
G1 X165.00 Y63.60 E0.2495
G1 X160.00 Y64.00 F1800
G1 X165.00 Y64.00 E0.2495
G1 X160.00 Y64.40 F1800
G1 X165.00 Y64.40 E0.2495
G1 E-1 F2700
G1 X165.00 Y60.00 F7200
G1 E1 F2700
G1 X170.00 Y60.00 E0.9978 F1800
G1 X170.00 Y65.00 E0.9978
G1 X165.00 Y65.00 E0.9978
G1 X165.00 Y60.00 E0.9978
G1 X165.00 Y60.40 F1800
G1 X170.00 Y60.40 E0.2495
G1 X165.00 Y60.80 F1800
G1 X170.00 Y60.80 E0.2495
G1 X165.00 Y61.20 F1800
G1 X170.00 Y61.20 E0.2495
G1 X165.00 Y61.60 F1800
G1 X170.00 Y61.60 E0.2495
G1 X165.00 Y62.00 F1800
G1 X170.00 Y62.00 E0.2495
G1 X165.00 Y62.40 F1800
G1 X170.00 Y62.40 E0.2495
G1 X165.00 Y62.80 F1800
G1 X170.00 Y62.80 E0.2495
G1 X165.00 Y63.20 F1800
G1 X170.00 Y63.20 E0.2495
G1 X165.00 Y63.60 F1800
G1 X170.00 Y63.60 E0.2495
G1 X165.00 Y64.00 F1800
G1 X170.00 Y64.00 E0.2495
G1 X165.00 Y64.40 F1800
G1 X170.00 Y64.40 E0.2495
G1 E-1 F2700
G1 X170.00 Y60.00 F7200
G1 E1 F2700
G1 X175.00 Y60.00 E0.9978 F1800
G1 X175.00 Y65.00 E0.9978
G1 X170.00 Y65.00 E0.9978
G1 X170.00 Y60.00 E0.9978
G1 X170.00 Y60.40 F1800
G1 X175.00 Y60.40 E0.2495
G1 X170.00 Y60.80 F1800
G1 X175.00 Y60.80 E0.2495
G1 X170.00 Y61.20 F1800
G1 X175.00 Y61.20 E0.2495
G1 X170.00 Y61.60 F1800
G1 X175.00 Y61.60 E0.2495
G1 X170.00 Y62.00 F1800
G1 X175.00 Y62.00 E0.2495
G1 X170.00 Y62.40 F1800
G1 X175.00 Y62.40 E0.2495
G1 X170.00 Y62.80 F1800
G1 X175.00 Y62.80 E0.2495
G1 X170.00 Y63.20 F1800
G1 X175.00 Y63.20 E0.2495
G1 X170.00 Y63.60 F1800
G1 X175.00 Y63.60 E0.2495
G1 X170.00 Y64.00 F1800
G1 X175.00 Y64.00 E0.2495
G1 X170.00 Y64.40 F1800
G1 X175.00 Y64.40 E0.2495
G1 E-1 F2700
G1 X175.00 Y60.00 F7200
G1 E1 F2700
G1 X180.00 Y60.00 E0.9978 F1800
G1 X180.00 Y65.00 E0.9978
G1 X175.00 Y65.00 E0.9978
G1 X175.00 Y60.00 E0.9978
G1 X175.00 Y60.40 F1800
G1 X180.00 Y60.40 E0.2495
G1 X175.00 Y60.80 F1800
G1 X180.00 Y60.80 E0.2495
G1 X175.00 Y61.20 F1800
G1 X180.00 Y61.20 E0.2495
G1 X175.00 Y61.60 F1800
G1 X180.00 Y61.60 E0.2495
G1 X175.00 Y62.00 F1800
G1 X180.00 Y62.00 E0.2495
G1 X175.00 Y62.40 F1800
G1 X180.00 Y62.40 E0.2495
G1 X175.00 Y62.80 F1800
G1 X180.00 Y62.80 E0.2495
G1 X175.00 Y63.20 F1800
G1 X180.00 Y63.20 E0.2495
G1 X175.00 Y63.60 F1800
G1 X180.00 Y63.60 E0.2495
G1 X175.00 Y64.00 F1800
G1 X180.00 Y64.00 E0.2495
G1 X175.00 Y64.40 F1800
G1 X180.00 Y64.40 E0.2495
G1 E-1 F2700
G1 X150.00 Y55.00 F7200
G1 E1 F2700
G1 X155.00 Y55.00 E0.9978 F1800
G1 X155.00 Y60.00 E0.9978
G1 X150.00 Y60.00 E0.9978
G1 X150.00 Y55.00 E0.9978
G1 X150.00 Y55.40 F1800
G1 X155.00 Y55.40 E0.2495
G1 X150.00 Y55.80 F1800
G1 X155.00 Y55.80 E0.2495
G1 X150.00 Y56.20 F1800
G1 X155.00 Y56.20 E0.2495
G1 X150.00 Y56.60 F1800
G1 X155.00 Y56.60 E0.2495
G1 X150.00 Y57.00 F1800
G1 X155.00 Y57.00 E0.2495
G1 X150.00 Y57.40 F1800
G1 X155.00 Y57.40 E0.2495
G1 X150.00 Y57.80 F1800
G1 X155.00 Y57.80 E0.2495
G1 X150.00 Y58.20 F1800
G1 X155.00 Y58.20 E0.2495
G1 X150.00 Y58.60 F1800
G1 X155.00 Y58.60 E0.2495
G1 X150.00 Y59.00 F1800
G1 X155.00 Y59.00 E0.2495
G1 X150.00 Y59.40 F1800
G1 X155.00 Y59.40 E0.2495
G1 E-1 F2700
G1 X180.00 Y55.00 F7200
G1 E1 F2700
G1 X185.00 Y55.00 E0.9978 F1800
G1 X185.00 Y60.00 E0.9978
G1 X180.00 Y60.00 E0.9978
G1 X180.00 Y55.00 E0.9978
G1 X180.00 Y55.40 F1800
G1 X185.00 Y55.40 E0.2495
G1 X180.00 Y55.80 F1800
G1 X185.00 Y55.80 E0.2495
G1 X180.00 Y56.20 F1800
G1 X185.00 Y56.20 E0.2495
G1 X180.00 Y56.60 F1800
G1 X185.00 Y56.60 E0.2495
G1 X180.00 Y57.00 F1800
G1 X185.00 Y57.00 E0.2495
G1 X180.00 Y57.40 F1800
G1 X185.00 Y57.40 E0.2495
G1 X180.00 Y57.80 F1800
G1 X185.00 Y57.80 E0.2495
G1 X180.00 Y58.20 F1800
G1 X185.00 Y58.20 E0.2495
G1 X180.00 Y58.60 F1800
G1 X185.00 Y58.60 E0.2495
G1 X180.00 Y59.00 F1800
G1 X185.00 Y59.00 E0.2495
G1 X180.00 Y59.40 F1800
G1 X185.00 Y59.40 E0.2495
G1 E-1 F2700
G1 X150.00 Y50.00 F7200
G1 E1 F2700
G1 X155.00 Y50.00 E0.9978 F1800
G1 X155.00 Y55.00 E0.9978
G1 X150.00 Y55.00 E0.9978
G1 X150.00 Y50.00 E0.9978
G1 X150.00 Y50.40 F1800
G1 X155.00 Y50.40 E0.2495
G1 X150.00 Y50.80 F1800
G1 X155.00 Y50.80 E0.2495
G1 X150.00 Y51.20 F1800
G1 X155.00 Y51.20 E0.2495
G1 X150.00 Y51.60 F1800
G1 X155.00 Y51.60 E0.2495
G1 X150.00 Y52.00 F1800
G1 X155.00 Y52.00 E0.2495
G1 X150.00 Y52.40 F1800
G1 X155.00 Y52.40 E0.2495
G1 X150.00 Y52.80 F1800
G1 X155.00 Y52.80 E0.2495
G1 X150.00 Y53.20 F1800
G1 X155.00 Y53.20 E0.2495
G1 X150.00 Y53.60 F1800
G1 X155.00 Y53.60 E0.2495
G1 X150.00 Y54.00 F1800
G1 X155.00 Y54.00 E0.2495
G1 X150.00 Y54.40 F1800
G1 X155.00 Y54.40 E0.2495
G1 E-1 F2700
G1 X170.00 Y50.00 F7200
G1 E1 F2700
G1 X175.00 Y50.00 E0.9978 F1800
G1 X175.00 Y55.00 E0.9978
G1 X170.00 Y55.00 E0.9978
G1 X170.00 Y50.00 E0.9978
G1 X170.00 Y50.40 F1800
G1 X175.00 Y50.40 E0.2495
G1 X170.00 Y50.80 F1800
G1 X175.00 Y50.80 E0.2495
G1 X170.00 Y51.20 F1800
G1 X175.00 Y51.20 E0.2495
G1 X170.00 Y51.60 F1800
G1 X175.00 Y51.60 E0.2495
G1 X170.00 Y52.00 F1800
G1 X175.00 Y52.00 E0.2495
G1 X170.00 Y52.40 F1800
G1 X175.00 Y52.40 E0.2495
G1 X170.00 Y52.80 F1800
G1 X175.00 Y52.80 E0.2495
G1 X170.00 Y53.20 F1800
G1 X175.00 Y53.20 E0.2495
G1 X170.00 Y53.60 F1800
G1 X175.00 Y53.60 E0.2495
G1 X170.00 Y54.00 F1800
G1 X175.00 Y54.00 E0.2495
G1 X170.00 Y54.40 F1800
G1 X175.00 Y54.40 E0.2495
G1 E-1 F2700
G1 X180.00 Y50.00 F7200
G1 E1 F2700
G1 X185.00 Y50.00 E0.9978 F1800
G1 X185.00 Y55.00 E0.9978
G1 X180.00 Y55.00 E0.9978
G1 X180.00 Y50.00 E0.9978
G1 X180.00 Y50.40 F1800
G1 X185.00 Y50.40 E0.2495
G1 X180.00 Y50.80 F1800
G1 X185.00 Y50.80 E0.2495
G1 X180.00 Y51.20 F1800
G1 X185.00 Y51.20 E0.2495
G1 X180.00 Y51.60 F1800
G1 X185.00 Y51.60 E0.2495
G1 X180.00 Y52.00 F1800
G1 X185.00 Y52.00 E0.2495
G1 X180.00 Y52.40 F1800
G1 X185.00 Y52.40 E0.2495
G1 X180.00 Y52.80 F1800
G1 X185.00 Y52.80 E0.2495
G1 X180.00 Y53.20 F1800
G1 X185.00 Y53.20 E0.2495
G1 X180.00 Y53.60 F1800
G1 X185.00 Y53.60 E0.2495
G1 X180.00 Y54.00 F1800
G1 X185.00 Y54.00 E0.2495
G1 X180.00 Y54.40 F1800
G1 X185.00 Y54.40 E0.2495
G1 E-1 F2700
G1 X150.00 Y45.00 F7200
G1 E1 F2700
G1 X155.00 Y45.00 E0.9978 F1800
G1 X155.00 Y50.00 E0.9978
G1 X150.00 Y50.00 E0.9978
G1 X150.00 Y45.00 E0.9978
G1 X150.00 Y45.40 F1800
G1 X155.00 Y45.40 E0.2495
G1 X150.00 Y45.80 F1800
G1 X155.00 Y45.80 E0.2495
G1 X150.00 Y46.20 F1800
G1 X155.00 Y46.20 E0.2495
G1 X150.00 Y46.60 F1800
G1 X155.00 Y46.60 E0.2495
G1 X150.00 Y47.00 F1800
G1 X155.00 Y47.00 E0.2495
G1 X150.00 Y47.40 F1800
G1 X155.00 Y47.40 E0.2495
G1 X150.00 Y47.80 F1800
G1 X155.00 Y47.80 E0.2495
G1 X150.00 Y48.20 F1800
G1 X155.00 Y48.20 E0.2495
G1 X150.00 Y48.60 F1800
G1 X155.00 Y48.60 E0.2495
G1 X150.00 Y49.00 F1800
G1 X155.00 Y49.00 E0.2495
G1 X150.00 Y49.40 F1800
G1 X155.00 Y49.40 E0.2495
G1 E-1 F2700
G1 X165.00 Y45.00 F7200
G1 E1 F2700
G1 X170.00 Y45.00 E0.9978 F1800
G1 X170.00 Y50.00 E0.9978
G1 X165.00 Y50.00 E0.9978
G1 X165.00 Y45.00 E0.9978
G1 X165.00 Y45.40 F1800
G1 X170.00 Y45.40 E0.2495
G1 X165.00 Y45.80 F1800
G1 X170.00 Y45.80 E0.2495
G1 X165.00 Y46.20 F1800
G1 X170.00 Y46.20 E0.2495
G1 X165.00 Y46.60 F1800
G1 X170.00 Y46.60 E0.2495
G1 X165.00 Y47.00 F1800
G1 X170.00 Y47.00 E0.2495
G1 X165.00 Y47.40 F1800
G1 X170.00 Y47.40 E0.2495
G1 X165.00 Y47.80 F1800
G1 X170.00 Y47.80 E0.2495
G1 X165.00 Y48.20 F1800
G1 X170.00 Y48.20 E0.2495
G1 X165.00 Y48.60 F1800
G1 X170.00 Y48.60 E0.2495
G1 X165.00 Y49.00 F1800
G1 X170.00 Y49.00 E0.2495
G1 X165.00 Y49.40 F1800
G1 X170.00 Y49.40 E0.2495
G1 E-1 F2700
G1 X180.00 Y45.00 F7200
G1 E1 F2700
G1 X185.00 Y45.00 E0.9978 F1800
G1 X185.00 Y50.00 E0.9978
G1 X180.00 Y50.00 E0.9978
G1 X180.00 Y45.00 E0.9978
G1 X180.00 Y45.40 F1800
G1 X185.00 Y45.40 E0.2495
G1 X180.00 Y45.80 F1800
G1 X185.00 Y45.80 E0.2495
G1 X180.00 Y46.20 F1800
G1 X185.00 Y46.20 E0.2495
G1 X180.00 Y46.60 F1800
G1 X185.00 Y46.60 E0.2495
G1 X180.00 Y47.00 F1800
G1 X185.00 Y47.00 E0.2495
G1 X180.00 Y47.40 F1800
G1 X185.00 Y47.40 E0.2495
G1 X180.00 Y47.80 F1800
G1 X185.00 Y47.80 E0.2495
G1 X180.00 Y48.20 F1800
G1 X185.00 Y48.20 E0.2495
G1 X180.00 Y48.60 F1800
G1 X185.00 Y48.60 E0.2495
G1 X180.00 Y49.00 F1800
G1 X185.00 Y49.00 E0.2495
G1 X180.00 Y49.40 F1800
G1 X185.00 Y49.40 E0.2495
G1 E-1 F2700
G1 X150.00 Y40.00 F7200
G1 E1 F2700
G1 X155.00 Y40.00 E0.9978 F1800
G1 X155.00 Y45.00 E0.9978
G1 X150.00 Y45.00 E0.9978
G1 X150.00 Y40.00 E0.9978
G1 X150.00 Y40.40 F1800
G1 X155.00 Y40.40 E0.2495
G1 X150.00 Y40.80 F1800
G1 X155.00 Y40.80 E0.2495
G1 X150.00 Y41.20 F1800
G1 X155.00 Y41.20 E0.2495
G1 X150.00 Y41.60 F1800
G1 X155.00 Y41.60 E0.2495
G1 X150.00 Y42.00 F1800
G1 X155.00 Y42.00 E0.2495
G1 X150.00 Y42.40 F1800
G1 X155.00 Y42.40 E0.2495
G1 X150.00 Y42.80 F1800
G1 X155.00 Y42.80 E0.2495
G1 X150.00 Y43.20 F1800
G1 X155.00 Y43.20 E0.2495
G1 X150.00 Y43.60 F1800
G1 X155.00 Y43.60 E0.2495
G1 X150.00 Y44.00 F1800
G1 X155.00 Y44.00 E0.2495
G1 X150.00 Y44.40 F1800
G1 X155.00 Y44.40 E0.2495
G1 E-1 F2700
G1 X160.00 Y40.00 F7200
G1 E1 F2700
G1 X165.00 Y40.00 E0.9978 F1800
G1 X165.00 Y45.00 E0.9978
G1 X160.00 Y45.00 E0.9978
G1 X160.00 Y40.00 E0.9978
G1 X160.00 Y40.40 F1800
G1 X165.00 Y40.40 E0.2495
G1 X160.00 Y40.80 F1800
G1 X165.00 Y40.80 E0.2495
G1 X160.00 Y41.20 F1800
G1 X165.00 Y41.20 E0.2495
G1 X160.00 Y41.60 F1800
G1 X165.00 Y41.60 E0.2495
G1 X160.00 Y42.00 F1800
G1 X165.00 Y42.00 E0.2495
G1 X160.00 Y42.40 F1800
G1 X165.00 Y42.40 E0.2495
G1 X160.00 Y42.80 F1800
G1 X165.00 Y42.80 E0.2495
G1 X160.00 Y43.20 F1800
G1 X165.00 Y43.20 E0.2495
G1 X160.00 Y43.60 F1800
G1 X165.00 Y43.60 E0.2495
G1 X160.00 Y44.00 F1800
G1 X165.00 Y44.00 E0.2495
G1 X160.00 Y44.40 F1800
G1 X165.00 Y44.40 E0.2495
G1 E-1 F2700
G1 X180.00 Y40.00 F7200
G1 E1 F2700
G1 X185.00 Y40.00 E0.9978 F1800
G1 X185.00 Y45.00 E0.9978
G1 X180.00 Y45.00 E0.9978
G1 X180.00 Y40.00 E0.9978
G1 X180.00 Y40.40 F1800
G1 X185.00 Y40.40 E0.2495
G1 X180.00 Y40.80 F1800
G1 X185.00 Y40.80 E0.2495
G1 X180.00 Y41.20 F1800
G1 X185.00 Y41.20 E0.2495
G1 X180.00 Y41.60 F1800
G1 X185.00 Y41.60 E0.2495
G1 X180.00 Y42.00 F1800
G1 X185.00 Y42.00 E0.2495
G1 X180.00 Y42.40 F1800
G1 X185.00 Y42.40 E0.2495
G1 X180.00 Y42.80 F1800
G1 X185.00 Y42.80 E0.2495
G1 X180.00 Y43.20 F1800
G1 X185.00 Y43.20 E0.2495
G1 X180.00 Y43.60 F1800
G1 X185.00 Y43.60 E0.2495
G1 X180.00 Y44.00 F1800
G1 X185.00 Y44.00 E0.2495
G1 X180.00 Y44.40 F1800
G1 X185.00 Y44.40 E0.2495
G1 E-1 F2700
G1 X150.00 Y35.00 F7200
G1 E1 F2700
G1 X155.00 Y35.00 E0.9978 F1800
G1 X155.00 Y40.00 E0.9978
G1 X150.00 Y40.00 E0.9978
G1 X150.00 Y35.00 E0.9978
G1 X150.00 Y35.40 F1800
G1 X155.00 Y35.40 E0.2495
G1 X150.00 Y35.80 F1800
G1 X155.00 Y35.80 E0.2495
G1 X150.00 Y36.20 F1800
G1 X155.00 Y36.20 E0.2495
G1 X150.00 Y36.60 F1800
G1 X155.00 Y36.60 E0.2495
G1 X150.00 Y37.00 F1800
G1 X155.00 Y37.00 E0.2495
G1 X150.00 Y37.40 F1800
G1 X155.00 Y37.40 E0.2495
G1 X150.00 Y37.80 F1800
G1 X155.00 Y37.80 E0.2495
G1 X150.00 Y38.20 F1800
G1 X155.00 Y38.20 E0.2495
G1 X150.00 Y38.60 F1800
G1 X155.00 Y38.60 E0.2495
G1 X150.00 Y39.00 F1800
G1 X155.00 Y39.00 E0.2495
G1 X150.00 Y39.40 F1800
G1 X155.00 Y39.40 E0.2495
G1 E-1 F2700
G1 X180.00 Y35.00 F7200
G1 E1 F2700
G1 X185.00 Y35.00 E0.9978 F1800
G1 X185.00 Y40.00 E0.9978
G1 X180.00 Y40.00 E0.9978
G1 X180.00 Y35.00 E0.9978
G1 X180.00 Y35.40 F1800
G1 X185.00 Y35.40 E0.2495
G1 X180.00 Y35.80 F1800
G1 X185.00 Y35.80 E0.2495
G1 X180.00 Y36.20 F1800
G1 X185.00 Y36.20 E0.2495
G1 X180.00 Y36.60 F1800
G1 X185.00 Y36.60 E0.2495
G1 X180.00 Y37.00 F1800
G1 X185.00 Y37.00 E0.2495
G1 X180.00 Y37.40 F1800
G1 X185.00 Y37.40 E0.2495
G1 X180.00 Y37.80 F1800
G1 X185.00 Y37.80 E0.2495
G1 X180.00 Y38.20 F1800
G1 X185.00 Y38.20 E0.2495
G1 X180.00 Y38.60 F1800
G1 X185.00 Y38.60 E0.2495
G1 X180.00 Y39.00 F1800
G1 X185.00 Y39.00 E0.2495
G1 X180.00 Y39.40 F1800
G1 X185.00 Y39.40 E0.2495
G1 E-1 F2700
G1 X155.00 Y30.00 F7200
G1 E1 F2700
G1 X160.00 Y30.00 E0.9978 F1800
G1 X160.00 Y35.00 E0.9978
G1 X155.00 Y35.00 E0.9978
G1 X155.00 Y30.00 E0.9978
G1 X155.00 Y30.40 F1800
G1 X160.00 Y30.40 E0.2495
G1 X155.00 Y30.80 F1800
G1 X160.00 Y30.80 E0.2495
G1 X155.00 Y31.20 F1800
G1 X160.00 Y31.20 E0.2495
G1 X155.00 Y31.60 F1800
G1 X160.00 Y31.60 E0.2495
G1 X155.00 Y32.00 F1800
G1 X160.00 Y32.00 E0.2495
G1 X155.00 Y32.40 F1800
G1 X160.00 Y32.40 E0.2495
G1 X155.00 Y32.80 F1800
G1 X160.00 Y32.80 E0.2495
G1 X155.00 Y33.20 F1800
G1 X160.00 Y33.20 E0.2495
G1 X155.00 Y33.60 F1800
G1 X160.00 Y33.60 E0.2495
G1 X155.00 Y34.00 F1800
G1 X160.00 Y34.00 E0.2495
G1 X155.00 Y34.40 F1800
G1 X160.00 Y34.40 E0.2495
G1 E-1 F2700
G1 X160.00 Y30.00 F7200
G1 E1 F2700
G1 X165.00 Y30.00 E0.9978 F1800
G1 X165.00 Y35.00 E0.9978
G1 X160.00 Y35.00 E0.9978
G1 X160.00 Y30.00 E0.9978
G1 X160.00 Y30.40 F1800
G1 X165.00 Y30.40 E0.2495
G1 X160.00 Y30.80 F1800
G1 X165.00 Y30.80 E0.2495
G1 X160.00 Y31.20 F1800
G1 X165.00 Y31.20 E0.2495
G1 X160.00 Y31.60 F1800
G1 X165.00 Y31.60 E0.2495
G1 X160.00 Y32.00 F1800
G1 X165.00 Y32.00 E0.2495
G1 X160.00 Y32.40 F1800
G1 X165.00 Y32.40 E0.2495
G1 X160.00 Y32.80 F1800
G1 X165.00 Y32.80 E0.2495
G1 X160.00 Y33.20 F1800
G1 X165.00 Y33.20 E0.2495
G1 X160.00 Y33.60 F1800
G1 X165.00 Y33.60 E0.2495
G1 X160.00 Y34.00 F1800
G1 X165.00 Y34.00 E0.2495
G1 X160.00 Y34.40 F1800
G1 X165.00 Y34.40 E0.2495
G1 E-1 F2700
G1 X165.00 Y30.00 F7200
G1 E1 F2700
G1 X170.00 Y30.00 E0.9978 F1800
G1 X170.00 Y35.00 E0.9978
G1 X165.00 Y35.00 E0.9978
G1 X165.00 Y30.00 E0.9978
G1 X165.00 Y30.40 F1800
G1 X170.00 Y30.40 E0.2495
G1 X165.00 Y30.80 F1800
G1 X170.00 Y30.80 E0.2495
G1 X165.00 Y31.20 F1800
G1 X170.00 Y31.20 E0.2495
G1 X165.00 Y31.60 F1800
G1 X170.00 Y31.60 E0.2495
G1 X165.00 Y32.00 F1800
G1 X170.00 Y32.00 E0.2495
G1 X165.00 Y32.40 F1800
G1 X170.00 Y32.40 E0.2495
G1 X165.00 Y32.80 F1800
G1 X170.00 Y32.80 E0.2495
G1 X165.00 Y33.20 F1800
G1 X170.00 Y33.20 E0.2495
G1 X165.00 Y33.60 F1800
G1 X170.00 Y33.60 E0.2495
G1 X165.00 Y34.00 F1800
G1 X170.00 Y34.00 E0.2495
G1 X165.00 Y34.40 F1800
G1 X170.00 Y34.40 E0.2495
G1 E-1 F2700
G1 X170.00 Y30.00 F7200
G1 E1 F2700
G1 X175.00 Y30.00 E0.9978 F1800
G1 X175.00 Y35.00 E0.9978
G1 X170.00 Y35.00 E0.9978
G1 X170.00 Y30.00 E0.9978
G1 X170.00 Y30.40 F1800
G1 X175.00 Y30.40 E0.2495
G1 X170.00 Y30.80 F1800
G1 X175.00 Y30.80 E0.2495
G1 X170.00 Y31.20 F1800
G1 X175.00 Y31.20 E0.2495
G1 X170.00 Y31.60 F1800
G1 X175.00 Y31.60 E0.2495
G1 X170.00 Y32.00 F1800
G1 X175.00 Y32.00 E0.2495
G1 X170.00 Y32.40 F1800
G1 X175.00 Y32.40 E0.2495
G1 X170.00 Y32.80 F1800
G1 X175.00 Y32.80 E0.2495
G1 X170.00 Y33.20 F1800
G1 X175.00 Y33.20 E0.2495
G1 X170.00 Y33.60 F1800
G1 X175.00 Y33.60 E0.2495
G1 X170.00 Y34.00 F1800
G1 X175.00 Y34.00 E0.2495
G1 X170.00 Y34.40 F1800
G1 X175.00 Y34.40 E0.2495
G1 E-1 F2700
G1 X175.00 Y30.00 F7200
G1 E1 F2700
G1 X180.00 Y30.00 E0.9978 F1800
G1 X180.00 Y35.00 E0.9978
G1 X175.00 Y35.00 E0.9978
G1 X175.00 Y30.00 E0.9978
G1 X175.00 Y30.40 F1800
G1 X180.00 Y30.40 E0.2495
G1 X175.00 Y30.80 F1800
G1 X180.00 Y30.80 E0.2495
G1 X175.00 Y31.20 F1800
G1 X180.00 Y31.20 E0.2495
G1 X175.00 Y31.60 F1800
G1 X180.00 Y31.60 E0.2495
G1 X175.00 Y32.00 F1800
G1 X180.00 Y32.00 E0.2495
G1 X175.00 Y32.40 F1800
G1 X180.00 Y32.40 E0.2495
G1 X175.00 Y32.80 F1800
G1 X180.00 Y32.80 E0.2495
G1 X175.00 Y33.20 F1800
G1 X180.00 Y33.20 E0.2495
G1 X175.00 Y33.60 F1800
G1 X180.00 Y33.60 E0.2495
G1 X175.00 Y34.00 F1800
G1 X180.00 Y34.00 E0.2495
G1 X175.00 Y34.40 F1800
G1 X180.00 Y34.40 E0.2495
G1 E-1 F2700
G1 X195.00 Y60.00 F7200
G1 E1 F2700
G1 X200.00 Y60.00 E0.9978 F1800
G1 X200.00 Y65.00 E0.9978
G1 X195.00 Y65.00 E0.9978
G1 X195.00 Y60.00 E0.9978
G1 X195.00 Y60.40 F1800
G1 X200.00 Y60.40 E0.2495
G1 X195.00 Y60.80 F1800
G1 X200.00 Y60.80 E0.2495
G1 X195.00 Y61.20 F1800
G1 X200.00 Y61.20 E0.2495
G1 X195.00 Y61.60 F1800
G1 X200.00 Y61.60 E0.2495
G1 X195.00 Y62.00 F1800
G1 X200.00 Y62.00 E0.2495
G1 X195.00 Y62.40 F1800
G1 X200.00 Y62.40 E0.2495
G1 X195.00 Y62.80 F1800
G1 X200.00 Y62.80 E0.2495
G1 X195.00 Y63.20 F1800
G1 X200.00 Y63.20 E0.2495
G1 X195.00 Y63.60 F1800
G1 X200.00 Y63.60 E0.2495
G1 X195.00 Y64.00 F1800
G1 X200.00 Y64.00 E0.2495
G1 X195.00 Y64.40 F1800
G1 X200.00 Y64.40 E0.2495
G1 E-1 F2700
G1 X200.00 Y60.00 F7200
G1 E1 F2700
G1 X205.00 Y60.00 E0.9978 F1800
G1 X205.00 Y65.00 E0.9978
G1 X200.00 Y65.00 E0.9978
G1 X200.00 Y60.00 E0.9978
G1 X200.00 Y60.40 F1800
G1 X205.00 Y60.40 E0.2495
G1 X200.00 Y60.80 F1800
G1 X205.00 Y60.80 E0.2495
G1 X200.00 Y61.20 F1800
G1 X205.00 Y61.20 E0.2495
G1 X200.00 Y61.60 F1800
G1 X205.00 Y61.60 E0.2495
G1 X200.00 Y62.00 F1800
G1 X205.00 Y62.00 E0.2495
G1 X200.00 Y62.40 F1800
G1 X205.00 Y62.40 E0.2495
G1 X200.00 Y62.80 F1800
G1 X205.00 Y62.80 E0.2495
G1 X200.00 Y63.20 F1800
G1 X205.00 Y63.20 E0.2495
G1 X200.00 Y63.60 F1800
G1 X205.00 Y63.60 E0.2495
G1 X200.00 Y64.00 F1800
G1 X205.00 Y64.00 E0.2495
G1 X200.00 Y64.40 F1800
G1 X205.00 Y64.40 E0.2495
G1 E-1 F2700
G1 X205.00 Y60.00 F7200
G1 E1 F2700
G1 X210.00 Y60.00 E0.9978 F1800
G1 X210.00 Y65.00 E0.9978
G1 X205.00 Y65.00 E0.9978
G1 X205.00 Y60.00 E0.9978
G1 X205.00 Y60.40 F1800
G1 X210.00 Y60.40 E0.2495
G1 X205.00 Y60.80 F1800
G1 X210.00 Y60.80 E0.2495
G1 X205.00 Y61.20 F1800
G1 X210.00 Y61.20 E0.2495
G1 X205.00 Y61.60 F1800
G1 X210.00 Y61.60 E0.2495
G1 X205.00 Y62.00 F1800
G1 X210.00 Y62.00 E0.2495
G1 X205.00 Y62.40 F1800
G1 X210.00 Y62.40 E0.2495
G1 X205.00 Y62.80 F1800
G1 X210.00 Y62.80 E0.2495
G1 X205.00 Y63.20 F1800
G1 X210.00 Y63.20 E0.2495
G1 X205.00 Y63.60 F1800
G1 X210.00 Y63.60 E0.2495
G1 X205.00 Y64.00 F1800
G1 X210.00 Y64.00 E0.2495
G1 X205.00 Y64.40 F1800
G1 X210.00 Y64.40 E0.2495
G1 E-1 F2700
G1 X210.00 Y60.00 F7200
G1 E1 F2700
G1 X215.00 Y60.00 E0.9978 F1800
G1 X215.00 Y65.00 E0.9978
G1 X210.00 Y65.00 E0.9978
G1 X210.00 Y60.00 E0.9978
G1 X210.00 Y60.40 F1800
G1 X215.00 Y60.40 E0.2495
G1 X210.00 Y60.80 F1800
G1 X215.00 Y60.80 E0.2495
G1 X210.00 Y61.20 F1800
G1 X215.00 Y61.20 E0.2495
G1 X210.00 Y61.60 F1800
G1 X215.00 Y61.60 E0.2495
G1 X210.00 Y62.00 F1800
G1 X215.00 Y62.00 E0.2495
G1 X210.00 Y62.40 F1800
G1 X215.00 Y62.40 E0.2495
G1 X210.00 Y62.80 F1800
G1 X215.00 Y62.80 E0.2495
G1 X210.00 Y63.20 F1800
G1 X215.00 Y63.20 E0.2495
G1 X210.00 Y63.60 F1800
G1 X215.00 Y63.60 E0.2495
G1 X210.00 Y64.00 F1800
G1 X215.00 Y64.00 E0.2495
G1 X210.00 Y64.40 F1800
G1 X215.00 Y64.40 E0.2495
G1 E-1 F2700
G1 X215.00 Y60.00 F7200
G1 E1 F2700
G1 X220.00 Y60.00 E0.9978 F1800
G1 X220.00 Y65.00 E0.9978
G1 X215.00 Y65.00 E0.9978
G1 X215.00 Y60.00 E0.9978
G1 X215.00 Y60.40 F1800
G1 X220.00 Y60.40 E0.2495
G1 X215.00 Y60.80 F1800
G1 X220.00 Y60.80 E0.2495
G1 X215.00 Y61.20 F1800
G1 X220.00 Y61.20 E0.2495
G1 X215.00 Y61.60 F1800
G1 X220.00 Y61.60 E0.2495
G1 X215.00 Y62.00 F1800
G1 X220.00 Y62.00 E0.2495
G1 X215.00 Y62.40 F1800
G1 X220.00 Y62.40 E0.2495
G1 X215.00 Y62.80 F1800
G1 X220.00 Y62.80 E0.2495
G1 X215.00 Y63.20 F1800
G1 X220.00 Y63.20 E0.2495
G1 X215.00 Y63.60 F1800
G1 X220.00 Y63.60 E0.2495
G1 X215.00 Y64.00 F1800
G1 X220.00 Y64.00 E0.2495
G1 X215.00 Y64.40 F1800
G1 X220.00 Y64.40 E0.2495
G1 E-1 F2700
G1 X190.00 Y55.00 F7200
G1 E1 F2700
G1 X195.00 Y55.00 E0.9978 F1800
G1 X195.00 Y60.00 E0.9978
G1 X190.00 Y60.00 E0.9978
G1 X190.00 Y55.00 E0.9978
G1 X190.00 Y55.40 F1800
G1 X195.00 Y55.40 E0.2495
G1 X190.00 Y55.80 F1800
G1 X195.00 Y55.80 E0.2495
G1 X190.00 Y56.20 F1800
G1 X195.00 Y56.20 E0.2495
G1 X190.00 Y56.60 F1800
G1 X195.00 Y56.60 E0.2495
G1 X190.00 Y57.00 F1800
G1 X195.00 Y57.00 E0.2495
G1 X190.00 Y57.40 F1800
G1 X195.00 Y57.40 E0.2495
G1 X190.00 Y57.80 F1800
G1 X195.00 Y57.80 E0.2495
G1 X190.00 Y58.20 F1800
G1 X195.00 Y58.20 E0.2495
G1 X190.00 Y58.60 F1800
G1 X195.00 Y58.60 E0.2495
G1 X190.00 Y59.00 F1800
G1 X195.00 Y59.00 E0.2495
G1 X190.00 Y59.40 F1800
G1 X195.00 Y59.40 E0.2495
G1 E-1 F2700
G1 X220.00 Y55.00 F7200
G1 E1 F2700
G1 X225.00 Y55.00 E0.9978 F1800
G1 X225.00 Y60.00 E0.9978
G1 X220.00 Y60.00 E0.9978
G1 X220.00 Y55.00 E0.9978
G1 X220.00 Y55.40 F1800
G1 X225.00 Y55.40 E0.2495
G1 X220.00 Y55.80 F1800
G1 X225.00 Y55.80 E0.2495
G1 X220.00 Y56.20 F1800
G1 X225.00 Y56.20 E0.2495
G1 X220.00 Y56.60 F1800
G1 X225.00 Y56.60 E0.2495
G1 X220.00 Y57.00 F1800
G1 X225.00 Y57.00 E0.2495
G1 X220.00 Y57.40 F1800
G1 X225.00 Y57.40 E0.2495
G1 X220.00 Y57.80 F1800
G1 X225.00 Y57.80 E0.2495
G1 X220.00 Y58.20 F1800
G1 X225.00 Y58.20 E0.2495
G1 X220.00 Y58.60 F1800
G1 X225.00 Y58.60 E0.2495
G1 X220.00 Y59.00 F1800
G1 X225.00 Y59.00 E0.2495
G1 X220.00 Y59.40 F1800
G1 X225.00 Y59.40 E0.2495
G1 E-1 F2700
G1 X220.00 Y50.00 F7200
G1 E1 F2700
G1 X225.00 Y50.00 E0.9978 F1800
G1 X225.00 Y55.00 E0.9978
G1 X220.00 Y55.00 E0.9978
G1 X220.00 Y50.00 E0.9978
G1 X220.00 Y50.40 F1800
G1 X225.00 Y50.40 E0.2495
G1 X220.00 Y50.80 F1800
G1 X225.00 Y50.80 E0.2495
G1 X220.00 Y51.20 F1800
G1 X225.00 Y51.20 E0.2495
G1 X220.00 Y51.60 F1800
G1 X225.00 Y51.60 E0.2495
G1 X220.00 Y52.00 F1800
G1 X225.00 Y52.00 E0.2495
G1 X220.00 Y52.40 F1800
G1 X225.00 Y52.40 E0.2495
G1 X220.00 Y52.80 F1800
G1 X225.00 Y52.80 E0.2495
G1 X220.00 Y53.20 F1800
G1 X225.00 Y53.20 E0.2495
G1 X220.00 Y53.60 F1800
G1 X225.00 Y53.60 E0.2495
G1 X220.00 Y54.00 F1800
G1 X225.00 Y54.00 E0.2495
G1 X220.00 Y54.40 F1800
G1 X225.00 Y54.40 E0.2495
G1 E-1 F2700
G1 X205.00 Y45.00 F7200
G1 E1 F2700
G1 X210.00 Y45.00 E0.9978 F1800
G1 X210.00 Y50.00 E0.9978
G1 X205.00 Y50.00 E0.9978
G1 X205.00 Y45.00 E0.9978
G1 X205.00 Y45.40 F1800
G1 X210.00 Y45.40 E0.2495
G1 X205.00 Y45.80 F1800
G1 X210.00 Y45.80 E0.2495
G1 X205.00 Y46.20 F1800
G1 X210.00 Y46.20 E0.2495
G1 X205.00 Y46.60 F1800
G1 X210.00 Y46.60 E0.2495
G1 X205.00 Y47.00 F1800
G1 X210.00 Y47.00 E0.2495
G1 X205.00 Y47.40 F1800
G1 X210.00 Y47.40 E0.2495
G1 X205.00 Y47.80 F1800
G1 X210.00 Y47.80 E0.2495
G1 X205.00 Y48.20 F1800
G1 X210.00 Y48.20 E0.2495
G1 X205.00 Y48.60 F1800
G1 X210.00 Y48.60 E0.2495
G1 X205.00 Y49.00 F1800
G1 X210.00 Y49.00 E0.2495
G1 X205.00 Y49.40 F1800
G1 X210.00 Y49.40 E0.2495
G1 E-1 F2700
G1 X210.00 Y45.00 F7200
G1 E1 F2700
G1 X215.00 Y45.00 E0.9978 F1800
G1 X215.00 Y50.00 E0.9978
G1 X210.00 Y50.00 E0.9978
G1 X210.00 Y45.00 E0.9978
G1 X210.00 Y45.40 F1800
G1 X215.00 Y45.40 E0.2495
G1 X210.00 Y45.80 F1800
G1 X215.00 Y45.80 E0.2495
G1 X210.00 Y46.20 F1800
G1 X215.00 Y46.20 E0.2495
G1 X210.00 Y46.60 F1800
G1 X215.00 Y46.60 E0.2495
G1 X210.00 Y47.00 F1800
G1 X215.00 Y47.00 E0.2495
G1 X210.00 Y47.40 F1800
G1 X215.00 Y47.40 E0.2495
G1 X210.00 Y47.80 F1800
G1 X215.00 Y47.80 E0.2495
G1 X210.00 Y48.20 F1800
G1 X215.00 Y48.20 E0.2495
G1 X210.00 Y48.60 F1800
G1 X215.00 Y48.60 E0.2495
G1 X210.00 Y49.00 F1800
G1 X215.00 Y49.00 E0.2495
G1 X210.00 Y49.40 F1800
G1 X215.00 Y49.40 E0.2495
G1 E-1 F2700
G1 X215.00 Y45.00 F7200
G1 E1 F2700
G1 X220.00 Y45.00 E0.9978 F1800
G1 X220.00 Y50.00 E0.9978
G1 X215.00 Y50.00 E0.9978
G1 X215.00 Y45.00 E0.9978
G1 X215.00 Y45.40 F1800
G1 X220.00 Y45.40 E0.2495
G1 X215.00 Y45.80 F1800
G1 X220.00 Y45.80 E0.2495
G1 X215.00 Y46.20 F1800
G1 X220.00 Y46.20 E0.2495
G1 X215.00 Y46.60 F1800
G1 X220.00 Y46.60 E0.2495
G1 X215.00 Y47.00 F1800
G1 X220.00 Y47.00 E0.2495
G1 X215.00 Y47.40 F1800
G1 X220.00 Y47.40 E0.2495
G1 X215.00 Y47.80 F1800
G1 X220.00 Y47.80 E0.2495
G1 X215.00 Y48.20 F1800
G1 X220.00 Y48.20 E0.2495
G1 X215.00 Y48.60 F1800
G1 X220.00 Y48.60 E0.2495
G1 X215.00 Y49.00 F1800
G1 X220.00 Y49.00 E0.2495
G1 X215.00 Y49.40 F1800
G1 X220.00 Y49.40 E0.2495
G1 E-1 F2700
G1 X195.00 Y40.00 F7200
G1 E1 F2700
G1 X200.00 Y40.00 E0.9978 F1800
G1 X200.00 Y45.00 E0.9978
G1 X195.00 Y45.00 E0.9978
G1 X195.00 Y40.00 E0.9978
G1 X195.00 Y40.40 F1800
G1 X200.00 Y40.40 E0.2495
G1 X195.00 Y40.80 F1800
G1 X200.00 Y40.80 E0.2495
G1 X195.00 Y41.20 F1800
G1 X200.00 Y41.20 E0.2495
G1 X195.00 Y41.60 F1800
G1 X200.00 Y41.60 E0.2495
G1 X195.00 Y42.00 F1800
G1 X200.00 Y42.00 E0.2495
G1 X195.00 Y42.40 F1800
G1 X200.00 Y42.40 E0.2495
G1 X195.00 Y42.80 F1800
G1 X200.00 Y42.80 E0.2495
G1 X195.00 Y43.20 F1800
G1 X200.00 Y43.20 E0.2495
G1 X195.00 Y43.60 F1800
G1 X200.00 Y43.60 E0.2495
G1 X195.00 Y44.00 F1800
G1 X200.00 Y44.00 E0.2495
G1 X195.00 Y44.40 F1800
G1 X200.00 Y44.40 E0.2495
G1 E-1 F2700
G1 X200.00 Y40.00 F7200
G1 E1 F2700
G1 X205.00 Y40.00 E0.9978 F1800
G1 X205.00 Y45.00 E0.9978
G1 X200.00 Y45.00 E0.9978
G1 X200.00 Y40.00 E0.9978
G1 X200.00 Y40.40 F1800
G1 X205.00 Y40.40 E0.2495
G1 X200.00 Y40.80 F1800
G1 X205.00 Y40.80 E0.2495
G1 X200.00 Y41.20 F1800
G1 X205.00 Y41.20 E0.2495
G1 X200.00 Y41.60 F1800
G1 X205.00 Y41.60 E0.2495
G1 X200.00 Y42.00 F1800
G1 X205.00 Y42.00 E0.2495
G1 X200.00 Y42.40 F1800
G1 X205.00 Y42.40 E0.2495
G1 X200.00 Y42.80 F1800
G1 X205.00 Y42.80 E0.2495
G1 X200.00 Y43.20 F1800
G1 X205.00 Y43.20 E0.2495
G1 X200.00 Y43.60 F1800
G1 X205.00 Y43.60 E0.2495
G1 X200.00 Y44.00 F1800
G1 X205.00 Y44.00 E0.2495
G1 X200.00 Y44.40 F1800
G1 X205.00 Y44.40 E0.2495
G1 E-1 F2700
G1 X190.00 Y35.00 F7200
G1 E1 F2700
G1 X195.00 Y35.00 E0.9978 F1800
G1 X195.00 Y40.00 E0.9978
G1 X190.00 Y40.00 E0.9978
G1 X190.00 Y35.00 E0.9978
G1 X190.00 Y35.40 F1800
G1 X195.00 Y35.40 E0.2495
G1 X190.00 Y35.80 F1800
G1 X195.00 Y35.80 E0.2495
G1 X190.00 Y36.20 F1800
G1 X195.00 Y36.20 E0.2495
G1 X190.00 Y36.60 F1800
G1 X195.00 Y36.60 E0.2495
G1 X190.00 Y37.00 F1800
G1 X195.00 Y37.00 E0.2495
G1 X190.00 Y37.40 F1800
G1 X195.00 Y37.40 E0.2495
G1 X190.00 Y37.80 F1800
G1 X195.00 Y37.80 E0.2495
G1 X190.00 Y38.20 F1800
G1 X195.00 Y38.20 E0.2495
G1 X190.00 Y38.60 F1800
G1 X195.00 Y38.60 E0.2495
G1 X190.00 Y39.00 F1800
G1 X195.00 Y39.00 E0.2495
G1 X190.00 Y39.40 F1800
G1 X195.00 Y39.40 E0.2495
G1 E-1 F2700
G1 X190.00 Y30.00 F7200
G1 E1 F2700
G1 X195.00 Y30.00 E0.9978 F1800
G1 X195.00 Y35.00 E0.9978
G1 X190.00 Y35.00 E0.9978
G1 X190.00 Y30.00 E0.9978
G1 X190.00 Y30.40 F1800
G1 X195.00 Y30.40 E0.2495
G1 X190.00 Y30.80 F1800
G1 X195.00 Y30.80 E0.2495
G1 X190.00 Y31.20 F1800
G1 X195.00 Y31.20 E0.2495
G1 X190.00 Y31.60 F1800
G1 X195.00 Y31.60 E0.2495
G1 X190.00 Y32.00 F1800
G1 X195.00 Y32.00 E0.2495
G1 X190.00 Y32.40 F1800
G1 X195.00 Y32.40 E0.2495
G1 X190.00 Y32.80 F1800
G1 X195.00 Y32.80 E0.2495
G1 X190.00 Y33.20 F1800
G1 X195.00 Y33.20 E0.2495
G1 X190.00 Y33.60 F1800
G1 X195.00 Y33.60 E0.2495
G1 X190.00 Y34.00 F1800
G1 X195.00 Y34.00 E0.2495
G1 X190.00 Y34.40 F1800
G1 X195.00 Y34.40 E0.2495
G1 E-1 F2700
G1 X195.00 Y30.00 F7200
G1 E1 F2700
G1 X200.00 Y30.00 E0.9978 F1800
G1 X200.00 Y35.00 E0.9978
G1 X195.00 Y35.00 E0.9978
G1 X195.00 Y30.00 E0.9978
G1 X195.00 Y30.40 F1800
G1 X200.00 Y30.40 E0.2495
G1 X195.00 Y30.80 F1800
G1 X200.00 Y30.80 E0.2495
G1 X195.00 Y31.20 F1800
G1 X200.00 Y31.20 E0.2495
G1 X195.00 Y31.60 F1800
G1 X200.00 Y31.60 E0.2495
G1 X195.00 Y32.00 F1800
G1 X200.00 Y32.00 E0.2495
G1 X195.00 Y32.40 F1800
G1 X200.00 Y32.40 E0.2495
G1 X195.00 Y32.80 F1800
G1 X200.00 Y32.80 E0.2495
G1 X195.00 Y33.20 F1800
G1 X200.00 Y33.20 E0.2495
G1 X195.00 Y33.60 F1800
G1 X200.00 Y33.60 E0.2495
G1 X195.00 Y34.00 F1800
G1 X200.00 Y34.00 E0.2495
G1 X195.00 Y34.40 F1800
G1 X200.00 Y34.40 E0.2495
G1 E-1 F2700
G1 X200.00 Y30.00 F7200
G1 E1 F2700
G1 X205.00 Y30.00 E0.9978 F1800
G1 X205.00 Y35.00 E0.9978
G1 X200.00 Y35.00 E0.9978
G1 X200.00 Y30.00 E0.9978
G1 X200.00 Y30.40 F1800
G1 X205.00 Y30.40 E0.2495
G1 X200.00 Y30.80 F1800
G1 X205.00 Y30.80 E0.2495
G1 X200.00 Y31.20 F1800
G1 X205.00 Y31.20 E0.2495
G1 X200.00 Y31.60 F1800
G1 X205.00 Y31.60 E0.2495
G1 X200.00 Y32.00 F1800
G1 X205.00 Y32.00 E0.2495
G1 X200.00 Y32.40 F1800
G1 X205.00 Y32.40 E0.2495
G1 X200.00 Y32.80 F1800
G1 X205.00 Y32.80 E0.2495
G1 X200.00 Y33.20 F1800
G1 X205.00 Y33.20 E0.2495
G1 X200.00 Y33.60 F1800
G1 X205.00 Y33.60 E0.2495
G1 X200.00 Y34.00 F1800
G1 X205.00 Y34.00 E0.2495
G1 X200.00 Y34.40 F1800
G1 X205.00 Y34.40 E0.2495
G1 E-1 F2700
G1 X205.00 Y30.00 F7200
G1 E1 F2700
G1 X210.00 Y30.00 E0.9978 F1800
G1 X210.00 Y35.00 E0.9978
G1 X205.00 Y35.00 E0.9978
G1 X205.00 Y30.00 E0.9978
G1 X205.00 Y30.40 F1800
G1 X210.00 Y30.40 E0.2495
G1 X205.00 Y30.80 F1800
G1 X210.00 Y30.80 E0.2495
G1 X205.00 Y31.20 F1800
G1 X210.00 Y31.20 E0.2495
G1 X205.00 Y31.60 F1800
G1 X210.00 Y31.60 E0.2495
G1 X205.00 Y32.00 F1800
G1 X210.00 Y32.00 E0.2495
G1 X205.00 Y32.40 F1800
G1 X210.00 Y32.40 E0.2495
G1 X205.00 Y32.80 F1800
G1 X210.00 Y32.80 E0.2495
G1 X205.00 Y33.20 F1800
G1 X210.00 Y33.20 E0.2495
G1 X205.00 Y33.60 F1800
G1 X210.00 Y33.60 E0.2495
G1 X205.00 Y34.00 F1800
G1 X210.00 Y34.00 E0.2495
G1 X205.00 Y34.40 F1800
G1 X210.00 Y34.40 E0.2495
G1 E-1 F2700
G1 X210.00 Y30.00 F7200
G1 E1 F2700
G1 X215.00 Y30.00 E0.9978 F1800
G1 X215.00 Y35.00 E0.9978
G1 X210.00 Y35.00 E0.9978
G1 X210.00 Y30.00 E0.9978
G1 X210.00 Y30.40 F1800
G1 X215.00 Y30.40 E0.2495
G1 X210.00 Y30.80 F1800
G1 X215.00 Y30.80 E0.2495
G1 X210.00 Y31.20 F1800
G1 X215.00 Y31.20 E0.2495
G1 X210.00 Y31.60 F1800
G1 X215.00 Y31.60 E0.2495
G1 X210.00 Y32.00 F1800
G1 X215.00 Y32.00 E0.2495
G1 X210.00 Y32.40 F1800
G1 X215.00 Y32.40 E0.2495
G1 X210.00 Y32.80 F1800
G1 X215.00 Y32.80 E0.2495
G1 X210.00 Y33.20 F1800
G1 X215.00 Y33.20 E0.2495
G1 X210.00 Y33.60 F1800
G1 X215.00 Y33.60 E0.2495
G1 X210.00 Y34.00 F1800
G1 X215.00 Y34.00 E0.2495
G1 X210.00 Y34.40 F1800
G1 X215.00 Y34.40 E0.2495
G1 E-1 F2700
G1 X215.00 Y30.00 F7200
G1 E1 F2700
G1 X220.00 Y30.00 E0.9978 F1800
G1 X220.00 Y35.00 E0.9978
G1 X215.00 Y35.00 E0.9978
G1 X215.00 Y30.00 E0.9978
G1 X215.00 Y30.40 F1800
G1 X220.00 Y30.40 E0.2495
G1 X215.00 Y30.80 F1800
G1 X220.00 Y30.80 E0.2495
G1 X215.00 Y31.20 F1800
G1 X220.00 Y31.20 E0.2495
G1 X215.00 Y31.60 F1800
G1 X220.00 Y31.60 E0.2495
G1 X215.00 Y32.00 F1800
G1 X220.00 Y32.00 E0.2495
G1 X215.00 Y32.40 F1800
G1 X220.00 Y32.40 E0.2495
G1 X215.00 Y32.80 F1800
G1 X220.00 Y32.80 E0.2495
G1 X215.00 Y33.20 F1800
G1 X220.00 Y33.20 E0.2495
G1 X215.00 Y33.60 F1800
G1 X220.00 Y33.60 E0.2495
G1 X215.00 Y34.00 F1800
G1 X220.00 Y34.00 E0.2495
G1 X215.00 Y34.40 F1800
G1 X220.00 Y34.40 E0.2495
G1 E-1 F2700
G1 X220.00 Y30.00 F7200
G1 E1 F2700
G1 X225.00 Y30.00 E0.9978 F1800
G1 X225.00 Y35.00 E0.9978
G1 X220.00 Y35.00 E0.9978
G1 X220.00 Y30.00 E0.9978
G1 X220.00 Y30.40 F1800
G1 X225.00 Y30.40 E0.2495
G1 X220.00 Y30.80 F1800
G1 X225.00 Y30.80 E0.2495
G1 X220.00 Y31.20 F1800
G1 X225.00 Y31.20 E0.2495
G1 X220.00 Y31.60 F1800
G1 X225.00 Y31.60 E0.2495
G1 X220.00 Y32.00 F1800
G1 X225.00 Y32.00 E0.2495
G1 X220.00 Y32.40 F1800
G1 X225.00 Y32.40 E0.2495
G1 X220.00 Y32.80 F1800
G1 X225.00 Y32.80 E0.2495
G1 X220.00 Y33.20 F1800
G1 X225.00 Y33.20 E0.2495
G1 X220.00 Y33.60 F1800
G1 X225.00 Y33.60 E0.2495
G1 X220.00 Y34.00 F1800
G1 X225.00 Y34.00 E0.2495
G1 X220.00 Y34.40 F1800
G1 X225.00 Y34.40 E0.2495
G1 E-1 F2700
G1 X230.00 Y60.00 F7200
G1 E1 F2700
G1 X235.00 Y60.00 E0.9978 F1800
G1 X235.00 Y65.00 E0.9978
G1 X230.00 Y65.00 E0.9978
G1 X230.00 Y60.00 E0.9978
G1 X230.00 Y60.40 F1800
G1 X235.00 Y60.40 E0.2495
G1 X230.00 Y60.80 F1800
G1 X235.00 Y60.80 E0.2495
G1 X230.00 Y61.20 F1800
G1 X235.00 Y61.20 E0.2495
G1 X230.00 Y61.60 F1800
G1 X235.00 Y61.60 E0.2495
G1 X230.00 Y62.00 F1800
G1 X235.00 Y62.00 E0.2495
G1 X230.00 Y62.40 F1800
G1 X235.00 Y62.40 E0.2495
G1 X230.00 Y62.80 F1800
G1 X235.00 Y62.80 E0.2495
G1 X230.00 Y63.20 F1800
G1 X235.00 Y63.20 E0.2495
G1 X230.00 Y63.60 F1800
G1 X235.00 Y63.60 E0.2495
G1 X230.00 Y64.00 F1800
G1 X235.00 Y64.00 E0.2495
G1 X230.00 Y64.40 F1800
G1 X235.00 Y64.40 E0.2495
G1 E-1 F2700
G1 X235.00 Y60.00 F7200
G1 E1 F2700
G1 X240.00 Y60.00 E0.9978 F1800
G1 X240.00 Y65.00 E0.9978
G1 X235.00 Y65.00 E0.9978
G1 X235.00 Y60.00 E0.9978
G1 X235.00 Y60.40 F1800
G1 X240.00 Y60.40 E0.2495
G1 X235.00 Y60.80 F1800
G1 X240.00 Y60.80 E0.2495
G1 X235.00 Y61.20 F1800
G1 X240.00 Y61.20 E0.2495
G1 X235.00 Y61.60 F1800
G1 X240.00 Y61.60 E0.2495
G1 X235.00 Y62.00 F1800
G1 X240.00 Y62.00 E0.2495
G1 X235.00 Y62.40 F1800
G1 X240.00 Y62.40 E0.2495
G1 X235.00 Y62.80 F1800
G1 X240.00 Y62.80 E0.2495
G1 X235.00 Y63.20 F1800
G1 X240.00 Y63.20 E0.2495
G1 X235.00 Y63.60 F1800
G1 X240.00 Y63.60 E0.2495
G1 X235.00 Y64.00 F1800
G1 X240.00 Y64.00 E0.2495
G1 X235.00 Y64.40 F1800
G1 X240.00 Y64.40 E0.2495
G1 E-1 F2700
G1 X240.00 Y60.00 F7200
G1 E1 F2700
G1 X245.00 Y60.00 E0.9978 F1800
G1 X245.00 Y65.00 E0.9978
G1 X240.00 Y65.00 E0.9978
G1 X240.00 Y60.00 E0.9978
G1 X240.00 Y60.40 F1800
G1 X245.00 Y60.40 E0.2495
G1 X240.00 Y60.80 F1800
G1 X245.00 Y60.80 E0.2495
G1 X240.00 Y61.20 F1800
G1 X245.00 Y61.20 E0.2495
G1 X240.00 Y61.60 F1800
G1 X245.00 Y61.60 E0.2495
G1 X240.00 Y62.00 F1800
G1 X245.00 Y62.00 E0.2495
G1 X240.00 Y62.40 F1800
G1 X245.00 Y62.40 E0.2495
G1 X240.00 Y62.80 F1800
G1 X245.00 Y62.80 E0.2495
G1 X240.00 Y63.20 F1800
G1 X245.00 Y63.20 E0.2495
G1 X240.00 Y63.60 F1800
G1 X245.00 Y63.60 E0.2495
G1 X240.00 Y64.00 F1800
G1 X245.00 Y64.00 E0.2495
G1 X240.00 Y64.40 F1800
G1 X245.00 Y64.40 E0.2495
G1 E-1 F2700
G1 X245.00 Y60.00 F7200
G1 E1 F2700
G1 X250.00 Y60.00 E0.9978 F1800
G1 X250.00 Y65.00 E0.9978
G1 X245.00 Y65.00 E0.9978
G1 X245.00 Y60.00 E0.9978
G1 X245.00 Y60.40 F1800
G1 X250.00 Y60.40 E0.2495
G1 X245.00 Y60.80 F1800
G1 X250.00 Y60.80 E0.2495
G1 X245.00 Y61.20 F1800
G1 X250.00 Y61.20 E0.2495
G1 X245.00 Y61.60 F1800
G1 X250.00 Y61.60 E0.2495
G1 X245.00 Y62.00 F1800
G1 X250.00 Y62.00 E0.2495
G1 X245.00 Y62.40 F1800
G1 X250.00 Y62.40 E0.2495
G1 X245.00 Y62.80 F1800
G1 X250.00 Y62.80 E0.2495
G1 X245.00 Y63.20 F1800
G1 X250.00 Y63.20 E0.2495
G1 X245.00 Y63.60 F1800
G1 X250.00 Y63.60 E0.2495
G1 X245.00 Y64.00 F1800
G1 X250.00 Y64.00 E0.2495
G1 X245.00 Y64.40 F1800
G1 X250.00 Y64.40 E0.2495
G1 E-1 F2700
G1 X250.00 Y60.00 F7200
G1 E1 F2700
G1 X255.00 Y60.00 E0.9978 F1800
G1 X255.00 Y65.00 E0.9978
G1 X250.00 Y65.00 E0.9978
G1 X250.00 Y60.00 E0.9978
G1 X250.00 Y60.40 F1800
G1 X255.00 Y60.40 E0.2495
G1 X250.00 Y60.80 F1800
G1 X255.00 Y60.80 E0.2495
G1 X250.00 Y61.20 F1800
G1 X255.00 Y61.20 E0.2495
G1 X250.00 Y61.60 F1800
G1 X255.00 Y61.60 E0.2495
G1 X250.00 Y62.00 F1800
G1 X255.00 Y62.00 E0.2495
G1 X250.00 Y62.40 F1800
G1 X255.00 Y62.40 E0.2495
G1 X250.00 Y62.80 F1800
G1 X255.00 Y62.80 E0.2495
G1 X250.00 Y63.20 F1800
G1 X255.00 Y63.20 E0.2495
G1 X250.00 Y63.60 F1800
G1 X255.00 Y63.60 E0.2495
G1 X250.00 Y64.00 F1800
G1 X255.00 Y64.00 E0.2495
G1 X250.00 Y64.40 F1800
G1 X255.00 Y64.40 E0.2495
G1 E-1 F2700
G1 X255.00 Y60.00 F7200
G1 E1 F2700
G1 X260.00 Y60.00 E0.9978 F1800
G1 X260.00 Y65.00 E0.9978
G1 X255.00 Y65.00 E0.9978
G1 X255.00 Y60.00 E0.9978
G1 X255.00 Y60.40 F1800
G1 X260.00 Y60.40 E0.2495
G1 X255.00 Y60.80 F1800
G1 X260.00 Y60.80 E0.2495
G1 X255.00 Y61.20 F1800
G1 X260.00 Y61.20 E0.2495
G1 X255.00 Y61.60 F1800
G1 X260.00 Y61.60 E0.2495
G1 X255.00 Y62.00 F1800
G1 X260.00 Y62.00 E0.2495
G1 X255.00 Y62.40 F1800
G1 X260.00 Y62.40 E0.2495
G1 X255.00 Y62.80 F1800
G1 X260.00 Y62.80 E0.2495
G1 X255.00 Y63.20 F1800
G1 X260.00 Y63.20 E0.2495
G1 X255.00 Y63.60 F1800
G1 X260.00 Y63.60 E0.2495
G1 X255.00 Y64.00 F1800
G1 X260.00 Y64.00 E0.2495
G1 X255.00 Y64.40 F1800
G1 X260.00 Y64.40 E0.2495
G1 E-1 F2700
G1 X260.00 Y60.00 F7200
G1 E1 F2700
G1 X265.00 Y60.00 E0.9978 F1800
G1 X265.00 Y65.00 E0.9978
G1 X260.00 Y65.00 E0.9978
G1 X260.00 Y60.00 E0.9978
G1 X260.00 Y60.40 F1800
G1 X265.00 Y60.40 E0.2495
G1 X260.00 Y60.80 F1800
G1 X265.00 Y60.80 E0.2495
G1 X260.00 Y61.20 F1800
G1 X265.00 Y61.20 E0.2495
G1 X260.00 Y61.60 F1800
G1 X265.00 Y61.60 E0.2495
G1 X260.00 Y62.00 F1800
G1 X265.00 Y62.00 E0.2495
G1 X260.00 Y62.40 F1800
G1 X265.00 Y62.40 E0.2495
G1 X260.00 Y62.80 F1800
G1 X265.00 Y62.80 E0.2495
G1 X260.00 Y63.20 F1800
G1 X265.00 Y63.20 E0.2495
G1 X260.00 Y63.60 F1800
G1 X265.00 Y63.60 E0.2495
G1 X260.00 Y64.00 F1800
G1 X265.00 Y64.00 E0.2495
G1 X260.00 Y64.40 F1800
G1 X265.00 Y64.40 E0.2495
G1 E-1 F2700
G1 X230.00 Y55.00 F7200
G1 E1 F2700
G1 X235.00 Y55.00 E0.9978 F1800
G1 X235.00 Y60.00 E0.9978
G1 X230.00 Y60.00 E0.9978
G1 X230.00 Y55.00 E0.9978
G1 X230.00 Y55.40 F1800
G1 X235.00 Y55.40 E0.2495
G1 X230.00 Y55.80 F1800
G1 X235.00 Y55.80 E0.2495
G1 X230.00 Y56.20 F1800
G1 X235.00 Y56.20 E0.2495
G1 X230.00 Y56.60 F1800
G1 X235.00 Y56.60 E0.2495
G1 X230.00 Y57.00 F1800
G1 X235.00 Y57.00 E0.2495
G1 X230.00 Y57.40 F1800
G1 X235.00 Y57.40 E0.2495
G1 X230.00 Y57.80 F1800
G1 X235.00 Y57.80 E0.2495
G1 X230.00 Y58.20 F1800
G1 X235.00 Y58.20 E0.2495
G1 X230.00 Y58.60 F1800
G1 X235.00 Y58.60 E0.2495
G1 X230.00 Y59.00 F1800
G1 X235.00 Y59.00 E0.2495
G1 X230.00 Y59.40 F1800
G1 X235.00 Y59.40 E0.2495
G1 E-1 F2700
G1 X230.00 Y50.00 F7200
G1 E1 F2700
G1 X235.00 Y50.00 E0.9978 F1800
G1 X235.00 Y55.00 E0.9978
G1 X230.00 Y55.00 E0.9978
G1 X230.00 Y50.00 E0.9978
G1 X230.00 Y50.40 F1800
G1 X235.00 Y50.40 E0.2495
G1 X230.00 Y50.80 F1800
G1 X235.00 Y50.80 E0.2495
G1 X230.00 Y51.20 F1800
G1 X235.00 Y51.20 E0.2495
G1 X230.00 Y51.60 F1800
G1 X235.00 Y51.60 E0.2495
G1 X230.00 Y52.00 F1800
G1 X235.00 Y52.00 E0.2495
G1 X230.00 Y52.40 F1800
G1 X235.00 Y52.40 E0.2495
G1 X230.00 Y52.80 F1800
G1 X235.00 Y52.80 E0.2495
G1 X230.00 Y53.20 F1800
G1 X235.00 Y53.20 E0.2495
G1 X230.00 Y53.60 F1800
G1 X235.00 Y53.60 E0.2495
G1 X230.00 Y54.00 F1800
G1 X235.00 Y54.00 E0.2495
G1 X230.00 Y54.40 F1800
G1 X235.00 Y54.40 E0.2495
G1 E-1 F2700
G1 X230.00 Y45.00 F7200
G1 E1 F2700
G1 X235.00 Y45.00 E0.9978 F1800
G1 X235.00 Y50.00 E0.9978
G1 X230.00 Y50.00 E0.9978
G1 X230.00 Y45.00 E0.9978
G1 X230.00 Y45.40 F1800
G1 X235.00 Y45.40 E0.2495
G1 X230.00 Y45.80 F1800
G1 X235.00 Y45.80 E0.2495
G1 X230.00 Y46.20 F1800
G1 X235.00 Y46.20 E0.2495
G1 X230.00 Y46.60 F1800
G1 X235.00 Y46.60 E0.2495
G1 X230.00 Y47.00 F1800
G1 X235.00 Y47.00 E0.2495
G1 X230.00 Y47.40 F1800
G1 X235.00 Y47.40 E0.2495
G1 X230.00 Y47.80 F1800
G1 X235.00 Y47.80 E0.2495
G1 X230.00 Y48.20 F1800
G1 X235.00 Y48.20 E0.2495
G1 X230.00 Y48.60 F1800
G1 X235.00 Y48.60 E0.2495
G1 X230.00 Y49.00 F1800
G1 X235.00 Y49.00 E0.2495
G1 X230.00 Y49.40 F1800
G1 X235.00 Y49.40 E0.2495
G1 E-1 F2700
G1 X235.00 Y45.00 F7200
G1 E1 F2700
G1 X240.00 Y45.00 E0.9978 F1800
G1 X240.00 Y50.00 E0.9978
G1 X235.00 Y50.00 E0.9978
G1 X235.00 Y45.00 E0.9978
G1 X235.00 Y45.40 F1800
G1 X240.00 Y45.40 E0.2495
G1 X235.00 Y45.80 F1800
G1 X240.00 Y45.80 E0.2495
G1 X235.00 Y46.20 F1800
G1 X240.00 Y46.20 E0.2495
G1 X235.00 Y46.60 F1800
G1 X240.00 Y46.60 E0.2495
G1 X235.00 Y47.00 F1800
G1 X240.00 Y47.00 E0.2495
G1 X235.00 Y47.40 F1800
G1 X240.00 Y47.40 E0.2495
G1 X235.00 Y47.80 F1800
G1 X240.00 Y47.80 E0.2495
G1 X235.00 Y48.20 F1800
G1 X240.00 Y48.20 E0.2495
G1 X235.00 Y48.60 F1800
G1 X240.00 Y48.60 E0.2495
G1 X235.00 Y49.00 F1800
G1 X240.00 Y49.00 E0.2495
G1 X235.00 Y49.40 F1800
G1 X240.00 Y49.40 E0.2495
G1 E-1 F2700
G1 X240.00 Y45.00 F7200
G1 E1 F2700
G1 X245.00 Y45.00 E0.9978 F1800
G1 X245.00 Y50.00 E0.9978
G1 X240.00 Y50.00 E0.9978
G1 X240.00 Y45.00 E0.9978
G1 X240.00 Y45.40 F1800
G1 X245.00 Y45.40 E0.2495
G1 X240.00 Y45.80 F1800
G1 X245.00 Y45.80 E0.2495
G1 X240.00 Y46.20 F1800
G1 X245.00 Y46.20 E0.2495
G1 X240.00 Y46.60 F1800
G1 X245.00 Y46.60 E0.2495
G1 X240.00 Y47.00 F1800
G1 X245.00 Y47.00 E0.2495
G1 X240.00 Y47.40 F1800
G1 X245.00 Y47.40 E0.2495
G1 X240.00 Y47.80 F1800
G1 X245.00 Y47.80 E0.2495
G1 X240.00 Y48.20 F1800
G1 X245.00 Y48.20 E0.2495
G1 X240.00 Y48.60 F1800
G1 X245.00 Y48.60 E0.2495
G1 X240.00 Y49.00 F1800
G1 X245.00 Y49.00 E0.2495
G1 X240.00 Y49.40 F1800
G1 X245.00 Y49.40 E0.2495
G1 E-1 F2700
G1 X245.00 Y45.00 F7200
G1 E1 F2700
G1 X250.00 Y45.00 E0.9978 F1800
G1 X250.00 Y50.00 E0.9978
G1 X245.00 Y50.00 E0.9978
G1 X245.00 Y45.00 E0.9978
G1 X245.00 Y45.40 F1800
G1 X250.00 Y45.40 E0.2495
G1 X245.00 Y45.80 F1800
G1 X250.00 Y45.80 E0.2495
G1 X245.00 Y46.20 F1800
G1 X250.00 Y46.20 E0.2495
G1 X245.00 Y46.60 F1800
G1 X250.00 Y46.60 E0.2495
G1 X245.00 Y47.00 F1800
G1 X250.00 Y47.00 E0.2495
G1 X245.00 Y47.40 F1800
G1 X250.00 Y47.40 E0.2495
G1 X245.00 Y47.80 F1800
G1 X250.00 Y47.80 E0.2495
G1 X245.00 Y48.20 F1800
G1 X250.00 Y48.20 E0.2495
G1 X245.00 Y48.60 F1800
G1 X250.00 Y48.60 E0.2495
G1 X245.00 Y49.00 F1800
G1 X250.00 Y49.00 E0.2495
G1 X245.00 Y49.40 F1800
G1 X250.00 Y49.40 E0.2495
G1 E-1 F2700
G1 X250.00 Y45.00 F7200
G1 E1 F2700
G1 X255.00 Y45.00 E0.9978 F1800
G1 X255.00 Y50.00 E0.9978
G1 X250.00 Y50.00 E0.9978
G1 X250.00 Y45.00 E0.9978
G1 X250.00 Y45.40 F1800
G1 X255.00 Y45.40 E0.2495
G1 X250.00 Y45.80 F1800
G1 X255.00 Y45.80 E0.2495
G1 X250.00 Y46.20 F1800
G1 X255.00 Y46.20 E0.2495
G1 X250.00 Y46.60 F1800
G1 X255.00 Y46.60 E0.2495
G1 X250.00 Y47.00 F1800
G1 X255.00 Y47.00 E0.2495
G1 X250.00 Y47.40 F1800
G1 X255.00 Y47.40 E0.2495
G1 X250.00 Y47.80 F1800
G1 X255.00 Y47.80 E0.2495
G1 X250.00 Y48.20 F1800
G1 X255.00 Y48.20 E0.2495
G1 X250.00 Y48.60 F1800
G1 X255.00 Y48.60 E0.2495
G1 X250.00 Y49.00 F1800
G1 X255.00 Y49.00 E0.2495
G1 X250.00 Y49.40 F1800
G1 X255.00 Y49.40 E0.2495
G1 E-1 F2700
G1 X255.00 Y45.00 F7200
G1 E1 F2700
G1 X260.00 Y45.00 E0.9978 F1800
G1 X260.00 Y50.00 E0.9978
G1 X255.00 Y50.00 E0.9978
G1 X255.00 Y45.00 E0.9978
G1 X255.00 Y45.40 F1800
G1 X260.00 Y45.40 E0.2495
G1 X255.00 Y45.80 F1800
G1 X260.00 Y45.80 E0.2495
G1 X255.00 Y46.20 F1800
G1 X260.00 Y46.20 E0.2495
G1 X255.00 Y46.60 F1800
G1 X260.00 Y46.60 E0.2495
G1 X255.00 Y47.00 F1800
G1 X260.00 Y47.00 E0.2495
G1 X255.00 Y47.40 F1800
G1 X260.00 Y47.40 E0.2495
G1 X255.00 Y47.80 F1800
G1 X260.00 Y47.80 E0.2495
G1 X255.00 Y48.20 F1800
G1 X260.00 Y48.20 E0.2495
G1 X255.00 Y48.60 F1800
G1 X260.00 Y48.60 E0.2495
G1 X255.00 Y49.00 F1800
G1 X260.00 Y49.00 E0.2495
G1 X255.00 Y49.40 F1800
G1 X260.00 Y49.40 E0.2495
G1 E-1 F2700
G1 X260.00 Y40.00 F7200
G1 E1 F2700
G1 X265.00 Y40.00 E0.9978 F1800
G1 X265.00 Y45.00 E0.9978
G1 X260.00 Y45.00 E0.9978
G1 X260.00 Y40.00 E0.9978
G1 X260.00 Y40.40 F1800
G1 X265.00 Y40.40 E0.2495
G1 X260.00 Y40.80 F1800
G1 X265.00 Y40.80 E0.2495
G1 X260.00 Y41.20 F1800
G1 X265.00 Y41.20 E0.2495
G1 X260.00 Y41.60 F1800
G1 X265.00 Y41.60 E0.2495
G1 X260.00 Y42.00 F1800
G1 X265.00 Y42.00 E0.2495
G1 X260.00 Y42.40 F1800
G1 X265.00 Y42.40 E0.2495
G1 X260.00 Y42.80 F1800
G1 X265.00 Y42.80 E0.2495
G1 X260.00 Y43.20 F1800
G1 X265.00 Y43.20 E0.2495
G1 X260.00 Y43.60 F1800
G1 X265.00 Y43.60 E0.2495
G1 X260.00 Y44.00 F1800
G1 X265.00 Y44.00 E0.2495
G1 X260.00 Y44.40 F1800
G1 X265.00 Y44.40 E0.2495
G1 E-1 F2700
G1 X230.00 Y35.00 F7200
G1 E1 F2700
G1 X235.00 Y35.00 E0.9978 F1800
G1 X235.00 Y40.00 E0.9978
G1 X230.00 Y40.00 E0.9978
G1 X230.00 Y35.00 E0.9978
G1 X230.00 Y35.40 F1800
G1 X235.00 Y35.40 E0.2495
G1 X230.00 Y35.80 F1800
G1 X235.00 Y35.80 E0.2495
G1 X230.00 Y36.20 F1800
G1 X235.00 Y36.20 E0.2495
G1 X230.00 Y36.60 F1800
G1 X235.00 Y36.60 E0.2495
G1 X230.00 Y37.00 F1800
G1 X235.00 Y37.00 E0.2495
G1 X230.00 Y37.40 F1800
G1 X235.00 Y37.40 E0.2495
G1 X230.00 Y37.80 F1800
G1 X235.00 Y37.80 E0.2495
G1 X230.00 Y38.20 F1800
G1 X235.00 Y38.20 E0.2495
G1 X230.00 Y38.60 F1800
G1 X235.00 Y38.60 E0.2495
G1 X230.00 Y39.00 F1800
G1 X235.00 Y39.00 E0.2495
G1 X230.00 Y39.40 F1800
G1 X235.00 Y39.40 E0.2495
G1 E-1 F2700
G1 X260.00 Y35.00 F7200
G1 E1 F2700
G1 X265.00 Y35.00 E0.9978 F1800
G1 X265.00 Y40.00 E0.9978
G1 X260.00 Y40.00 E0.9978
G1 X260.00 Y35.00 E0.9978
G1 X260.00 Y35.40 F1800
G1 X265.00 Y35.40 E0.2495
G1 X260.00 Y35.80 F1800
G1 X265.00 Y35.80 E0.2495
G1 X260.00 Y36.20 F1800
G1 X265.00 Y36.20 E0.2495
G1 X260.00 Y36.60 F1800
G1 X265.00 Y36.60 E0.2495
G1 X260.00 Y37.00 F1800
G1 X265.00 Y37.00 E0.2495
G1 X260.00 Y37.40 F1800
G1 X265.00 Y37.40 E0.2495
G1 X260.00 Y37.80 F1800
G1 X265.00 Y37.80 E0.2495
G1 X260.00 Y38.20 F1800
G1 X265.00 Y38.20 E0.2495
G1 X260.00 Y38.60 F1800
G1 X265.00 Y38.60 E0.2495
G1 X260.00 Y39.00 F1800
G1 X265.00 Y39.00 E0.2495
G1 X260.00 Y39.40 F1800
G1 X265.00 Y39.40 E0.2495
G1 E-1 F2700
G1 X235.00 Y30.00 F7200
G1 E1 F2700
G1 X240.00 Y30.00 E0.9978 F1800
G1 X240.00 Y35.00 E0.9978
G1 X235.00 Y35.00 E0.9978
G1 X235.00 Y30.00 E0.9978
G1 X235.00 Y30.40 F1800
G1 X240.00 Y30.40 E0.2495
G1 X235.00 Y30.80 F1800
G1 X240.00 Y30.80 E0.2495
G1 X235.00 Y31.20 F1800
G1 X240.00 Y31.20 E0.2495
G1 X235.00 Y31.60 F1800
G1 X240.00 Y31.60 E0.2495
G1 X235.00 Y32.00 F1800
G1 X240.00 Y32.00 E0.2495
G1 X235.00 Y32.40 F1800
G1 X240.00 Y32.40 E0.2495
G1 X235.00 Y32.80 F1800
G1 X240.00 Y32.80 E0.2495
G1 X235.00 Y33.20 F1800
G1 X240.00 Y33.20 E0.2495
G1 X235.00 Y33.60 F1800
G1 X240.00 Y33.60 E0.2495
G1 X235.00 Y34.00 F1800
G1 X240.00 Y34.00 E0.2495
G1 X235.00 Y34.40 F1800
G1 X240.00 Y34.40 E0.2495
G1 E-1 F2700
G1 X240.00 Y30.00 F7200
G1 E1 F2700
G1 X245.00 Y30.00 E0.9978 F1800
G1 X245.00 Y35.00 E0.9978
G1 X240.00 Y35.00 E0.9978
G1 X240.00 Y30.00 E0.9978
G1 X240.00 Y30.40 F1800
G1 X245.00 Y30.40 E0.2495
G1 X240.00 Y30.80 F1800
G1 X245.00 Y30.80 E0.2495
G1 X240.00 Y31.20 F1800
G1 X245.00 Y31.20 E0.2495
G1 X240.00 Y31.60 F1800
G1 X245.00 Y31.60 E0.2495
G1 X240.00 Y32.00 F1800
G1 X245.00 Y32.00 E0.2495
G1 X240.00 Y32.40 F1800
G1 X245.00 Y32.40 E0.2495
G1 X240.00 Y32.80 F1800
G1 X245.00 Y32.80 E0.2495
G1 X240.00 Y33.20 F1800
G1 X245.00 Y33.20 E0.2495
G1 X240.00 Y33.60 F1800
G1 X245.00 Y33.60 E0.2495
G1 X240.00 Y34.00 F1800
G1 X245.00 Y34.00 E0.2495
G1 X240.00 Y34.40 F1800
G1 X245.00 Y34.40 E0.2495
G1 E-1 F2700
G1 X245.00 Y30.00 F7200
G1 E1 F2700
G1 X250.00 Y30.00 E0.9978 F1800
G1 X250.00 Y35.00 E0.9978
G1 X245.00 Y35.00 E0.9978
G1 X245.00 Y30.00 E0.9978
G1 X245.00 Y30.40 F1800
G1 X250.00 Y30.40 E0.2495
G1 X245.00 Y30.80 F1800
G1 X250.00 Y30.80 E0.2495
G1 X245.00 Y31.20 F1800
G1 X250.00 Y31.20 E0.2495
G1 X245.00 Y31.60 F1800
G1 X250.00 Y31.60 E0.2495
G1 X245.00 Y32.00 F1800
G1 X250.00 Y32.00 E0.2495
G1 X245.00 Y32.40 F1800
G1 X250.00 Y32.40 E0.2495
G1 X245.00 Y32.80 F1800
G1 X250.00 Y32.80 E0.2495
G1 X245.00 Y33.20 F1800
G1 X250.00 Y33.20 E0.2495
G1 X245.00 Y33.60 F1800
G1 X250.00 Y33.60 E0.2495
G1 X245.00 Y34.00 F1800
G1 X250.00 Y34.00 E0.2495
G1 X245.00 Y34.40 F1800
G1 X250.00 Y34.40 E0.2495
G1 E-1 F2700
G1 X250.00 Y30.00 F7200
G1 E1 F2700
G1 X255.00 Y30.00 E0.9978 F1800
G1 X255.00 Y35.00 E0.9978
G1 X250.00 Y35.00 E0.9978
G1 X250.00 Y30.00 E0.9978
G1 X250.00 Y30.40 F1800
G1 X255.00 Y30.40 E0.2495
G1 X250.00 Y30.80 F1800
G1 X255.00 Y30.80 E0.2495
G1 X250.00 Y31.20 F1800
G1 X255.00 Y31.20 E0.2495
G1 X250.00 Y31.60 F1800
G1 X255.00 Y31.60 E0.2495
G1 X250.00 Y32.00 F1800
G1 X255.00 Y32.00 E0.2495
G1 X250.00 Y32.40 F1800
G1 X255.00 Y32.40 E0.2495
G1 X250.00 Y32.80 F1800
G1 X255.00 Y32.80 E0.2495
G1 X250.00 Y33.20 F1800
G1 X255.00 Y33.20 E0.2495
G1 X250.00 Y33.60 F1800
G1 X255.00 Y33.60 E0.2495
G1 X250.00 Y34.00 F1800
G1 X255.00 Y34.00 E0.2495
G1 X250.00 Y34.40 F1800
G1 X255.00 Y34.40 E0.2495
G1 E-1 F2700
G1 X255.00 Y30.00 F7200
G1 E1 F2700
G1 X260.00 Y30.00 E0.9978 F1800
G1 X260.00 Y35.00 E0.9978
G1 X255.00 Y35.00 E0.9978
G1 X255.00 Y30.00 E0.9978
G1 X255.00 Y30.40 F1800
G1 X260.00 Y30.40 E0.2495
G1 X255.00 Y30.80 F1800
G1 X260.00 Y30.80 E0.2495
G1 X255.00 Y31.20 F1800
G1 X260.00 Y31.20 E0.2495
G1 X255.00 Y31.60 F1800
G1 X260.00 Y31.60 E0.2495
G1 X255.00 Y32.00 F1800
G1 X260.00 Y32.00 E0.2495
G1 X255.00 Y32.40 F1800
G1 X260.00 Y32.40 E0.2495
G1 X255.00 Y32.80 F1800
G1 X260.00 Y32.80 E0.2495
G1 X255.00 Y33.20 F1800
G1 X260.00 Y33.20 E0.2495
G1 X255.00 Y33.60 F1800
G1 X260.00 Y33.60 E0.2495
G1 X255.00 Y34.00 F1800
G1 X260.00 Y34.00 E0.2495
G1 X255.00 Y34.40 F1800
G1 X260.00 Y34.40 E0.2495
G1 E-1 F2700
G1 Z1.30 F7200

; ============ 第 2 層 ============
G1 Z0.50 F7200
G1 X35.00 Y60.00 F7200
G1 E1 F2700
G1 X40.00 Y60.00 E0.6652 F3600
G1 X40.00 Y65.00 E0.6652
G1 X35.00 Y65.00 E0.6652
G1 X35.00 Y60.00 E0.6652
G1 X35.00 Y60.40 F3600
G1 X40.00 Y60.40 E0.1663
G1 X35.00 Y60.80 F3600
G1 X40.00 Y60.80 E0.1663
G1 X35.00 Y61.20 F3600
G1 X40.00 Y61.20 E0.1663
G1 X35.00 Y61.60 F3600
G1 X40.00 Y61.60 E0.1663
G1 X35.00 Y62.00 F3600
G1 X40.00 Y62.00 E0.1663
G1 X35.00 Y62.40 F3600
G1 X40.00 Y62.40 E0.1663
G1 X35.00 Y62.80 F3600
G1 X40.00 Y62.80 E0.1663
G1 X35.00 Y63.20 F3600
G1 X40.00 Y63.20 E0.1663
G1 X35.00 Y63.60 F3600
G1 X40.00 Y63.60 E0.1663
G1 X35.00 Y64.00 F3600
G1 X40.00 Y64.00 E0.1663
G1 X35.00 Y64.40 F3600
G1 X40.00 Y64.40 E0.1663
G1 E-1 F2700
G1 X40.00 Y60.00 F7200
G1 E1 F2700
G1 X45.00 Y60.00 E0.6652 F3600
G1 X45.00 Y65.00 E0.6652
G1 X40.00 Y65.00 E0.6652
G1 X40.00 Y60.00 E0.6652
G1 X40.00 Y60.40 F3600
G1 X45.00 Y60.40 E0.1663
G1 X40.00 Y60.80 F3600
G1 X45.00 Y60.80 E0.1663
G1 X40.00 Y61.20 F3600
G1 X45.00 Y61.20 E0.1663
G1 X40.00 Y61.60 F3600
G1 X45.00 Y61.60 E0.1663
G1 X40.00 Y62.00 F3600
G1 X45.00 Y62.00 E0.1663
G1 X40.00 Y62.40 F3600
G1 X45.00 Y62.40 E0.1663
G1 X40.00 Y62.80 F3600
G1 X45.00 Y62.80 E0.1663
G1 X40.00 Y63.20 F3600
G1 X45.00 Y63.20 E0.1663
G1 X40.00 Y63.60 F3600
G1 X45.00 Y63.60 E0.1663
G1 X40.00 Y64.00 F3600
G1 X45.00 Y64.00 E0.1663
G1 X40.00 Y64.40 F3600
G1 X45.00 Y64.40 E0.1663
G1 E-1 F2700
G1 X45.00 Y60.00 F7200
G1 E1 F2700
G1 X50.00 Y60.00 E0.6652 F3600
G1 X50.00 Y65.00 E0.6652
G1 X45.00 Y65.00 E0.6652
G1 X45.00 Y60.00 E0.6652
G1 X45.00 Y60.40 F3600
G1 X50.00 Y60.40 E0.1663
G1 X45.00 Y60.80 F3600
G1 X50.00 Y60.80 E0.1663
G1 X45.00 Y61.20 F3600
G1 X50.00 Y61.20 E0.1663
G1 X45.00 Y61.60 F3600
G1 X50.00 Y61.60 E0.1663
G1 X45.00 Y62.00 F3600
G1 X50.00 Y62.00 E0.1663
G1 X45.00 Y62.40 F3600
G1 X50.00 Y62.40 E0.1663
G1 X45.00 Y62.80 F3600
G1 X50.00 Y62.80 E0.1663
G1 X45.00 Y63.20 F3600
G1 X50.00 Y63.20 E0.1663
G1 X45.00 Y63.60 F3600
G1 X50.00 Y63.60 E0.1663
G1 X45.00 Y64.00 F3600
G1 X50.00 Y64.00 E0.1663
G1 X45.00 Y64.40 F3600
G1 X50.00 Y64.40 E0.1663
G1 E-1 F2700
G1 X50.00 Y60.00 F7200
G1 E1 F2700
G1 X55.00 Y60.00 E0.6652 F3600
G1 X55.00 Y65.00 E0.6652
G1 X50.00 Y65.00 E0.6652
G1 X50.00 Y60.00 E0.6652
G1 X50.00 Y60.40 F3600
G1 X55.00 Y60.40 E0.1663
G1 X50.00 Y60.80 F3600
G1 X55.00 Y60.80 E0.1663
G1 X50.00 Y61.20 F3600
G1 X55.00 Y61.20 E0.1663
G1 X50.00 Y61.60 F3600
G1 X55.00 Y61.60 E0.1663
G1 X50.00 Y62.00 F3600
G1 X55.00 Y62.00 E0.1663
G1 X50.00 Y62.40 F3600
G1 X55.00 Y62.40 E0.1663
G1 X50.00 Y62.80 F3600
G1 X55.00 Y62.80 E0.1663
G1 X50.00 Y63.20 F3600
G1 X55.00 Y63.20 E0.1663
G1 X50.00 Y63.60 F3600
G1 X55.00 Y63.60 E0.1663
G1 X50.00 Y64.00 F3600
G1 X55.00 Y64.00 E0.1663
G1 X50.00 Y64.40 F3600
G1 X55.00 Y64.40 E0.1663
G1 E-1 F2700
G1 X55.00 Y60.00 F7200
G1 E1 F2700
G1 X60.00 Y60.00 E0.6652 F3600
G1 X60.00 Y65.00 E0.6652
G1 X55.00 Y65.00 E0.6652
G1 X55.00 Y60.00 E0.6652
G1 X55.00 Y60.40 F3600
G1 X60.00 Y60.40 E0.1663
G1 X55.00 Y60.80 F3600
G1 X60.00 Y60.80 E0.1663
G1 X55.00 Y61.20 F3600
G1 X60.00 Y61.20 E0.1663
G1 X55.00 Y61.60 F3600
G1 X60.00 Y61.60 E0.1663
G1 X55.00 Y62.00 F3600
G1 X60.00 Y62.00 E0.1663
G1 X55.00 Y62.40 F3600
G1 X60.00 Y62.40 E0.1663
G1 X55.00 Y62.80 F3600
G1 X60.00 Y62.80 E0.1663
G1 X55.00 Y63.20 F3600
G1 X60.00 Y63.20 E0.1663
G1 X55.00 Y63.60 F3600
G1 X60.00 Y63.60 E0.1663
G1 X55.00 Y64.00 F3600
G1 X60.00 Y64.00 E0.1663
G1 X55.00 Y64.40 F3600
G1 X60.00 Y64.40 E0.1663
G1 E-1 F2700
G1 X30.00 Y55.00 F7200
G1 E1 F2700
G1 X35.00 Y55.00 E0.6652 F3600
G1 X35.00 Y60.00 E0.6652
G1 X30.00 Y60.00 E0.6652
G1 X30.00 Y55.00 E0.6652
G1 X30.00 Y55.40 F3600
G1 X35.00 Y55.40 E0.1663
G1 X30.00 Y55.80 F3600
G1 X35.00 Y55.80 E0.1663
G1 X30.00 Y56.20 F3600
G1 X35.00 Y56.20 E0.1663
G1 X30.00 Y56.60 F3600
G1 X35.00 Y56.60 E0.1663
G1 X30.00 Y57.00 F3600
G1 X35.00 Y57.00 E0.1663
G1 X30.00 Y57.40 F3600
G1 X35.00 Y57.40 E0.1663
G1 X30.00 Y57.80 F3600
G1 X35.00 Y57.80 E0.1663
G1 X30.00 Y58.20 F3600
G1 X35.00 Y58.20 E0.1663
G1 X30.00 Y58.60 F3600
G1 X35.00 Y58.60 E0.1663
G1 X30.00 Y59.00 F3600
G1 X35.00 Y59.00 E0.1663
G1 X30.00 Y59.40 F3600
G1 X35.00 Y59.40 E0.1663
G1 E-1 F2700
G1 X60.00 Y55.00 F7200
G1 E1 F2700
G1 X65.00 Y55.00 E0.6652 F3600
G1 X65.00 Y60.00 E0.6652
G1 X60.00 Y60.00 E0.6652
G1 X60.00 Y55.00 E0.6652
G1 X60.00 Y55.40 F3600
G1 X65.00 Y55.40 E0.1663
G1 X60.00 Y55.80 F3600
G1 X65.00 Y55.80 E0.1663
G1 X60.00 Y56.20 F3600
G1 X65.00 Y56.20 E0.1663
G1 X60.00 Y56.60 F3600
G1 X65.00 Y56.60 E0.1663
G1 X60.00 Y57.00 F3600
G1 X65.00 Y57.00 E0.1663
G1 X60.00 Y57.40 F3600
G1 X65.00 Y57.40 E0.1663
G1 X60.00 Y57.80 F3600
G1 X65.00 Y57.80 E0.1663
G1 X60.00 Y58.20 F3600
G1 X65.00 Y58.20 E0.1663
G1 X60.00 Y58.60 F3600
G1 X65.00 Y58.60 E0.1663
G1 X60.00 Y59.00 F3600
G1 X65.00 Y59.00 E0.1663
G1 X60.00 Y59.40 F3600
G1 X65.00 Y59.40 E0.1663
G1 E-1 F2700
G1 X30.00 Y50.00 F7200
G1 E1 F2700
G1 X35.00 Y50.00 E0.6652 F3600
G1 X35.00 Y55.00 E0.6652
G1 X30.00 Y55.00 E0.6652
G1 X30.00 Y50.00 E0.6652
G1 X30.00 Y50.40 F3600
G1 X35.00 Y50.40 E0.1663
G1 X30.00 Y50.80 F3600
G1 X35.00 Y50.80 E0.1663
G1 X30.00 Y51.20 F3600
G1 X35.00 Y51.20 E0.1663
G1 X30.00 Y51.60 F3600
G1 X35.00 Y51.60 E0.1663
G1 X30.00 Y52.00 F3600
G1 X35.00 Y52.00 E0.1663
G1 X30.00 Y52.40 F3600
G1 X35.00 Y52.40 E0.1663
G1 X30.00 Y52.80 F3600
G1 X35.00 Y52.80 E0.1663
G1 X30.00 Y53.20 F3600
G1 X35.00 Y53.20 E0.1663
G1 X30.00 Y53.60 F3600
G1 X35.00 Y53.60 E0.1663
G1 X30.00 Y54.00 F3600
G1 X35.00 Y54.00 E0.1663
G1 X30.00 Y54.40 F3600
G1 X35.00 Y54.40 E0.1663
G1 E-1 F2700
G1 X30.00 Y45.00 F7200
G1 E1 F2700
G1 X35.00 Y45.00 E0.6652 F3600
G1 X35.00 Y50.00 E0.6652
G1 X30.00 Y50.00 E0.6652
G1 X30.00 Y45.00 E0.6652
G1 X30.00 Y45.40 F3600
G1 X35.00 Y45.40 E0.1663
G1 X30.00 Y45.80 F3600
G1 X35.00 Y45.80 E0.1663
G1 X30.00 Y46.20 F3600
G1 X35.00 Y46.20 E0.1663
G1 X30.00 Y46.60 F3600
G1 X35.00 Y46.60 E0.1663
G1 X30.00 Y47.00 F3600
G1 X35.00 Y47.00 E0.1663
G1 X30.00 Y47.40 F3600
G1 X35.00 Y47.40 E0.1663
G1 X30.00 Y47.80 F3600
G1 X35.00 Y47.80 E0.1663
G1 X30.00 Y48.20 F3600
G1 X35.00 Y48.20 E0.1663
G1 X30.00 Y48.60 F3600
G1 X35.00 Y48.60 E0.1663
G1 X30.00 Y49.00 F3600
G1 X35.00 Y49.00 E0.1663
G1 X30.00 Y49.40 F3600
G1 X35.00 Y49.40 E0.1663
G1 E-1 F2700
G1 X30.00 Y40.00 F7200
G1 E1 F2700
G1 X35.00 Y40.00 E0.6652 F3600
G1 X35.00 Y45.00 E0.6652
G1 X30.00 Y45.00 E0.6652
G1 X30.00 Y40.00 E0.6652
G1 X30.00 Y40.40 F3600
G1 X35.00 Y40.40 E0.1663
G1 X30.00 Y40.80 F3600
G1 X35.00 Y40.80 E0.1663
G1 X30.00 Y41.20 F3600
G1 X35.00 Y41.20 E0.1663
G1 X30.00 Y41.60 F3600
G1 X35.00 Y41.60 E0.1663
G1 X30.00 Y42.00 F3600
G1 X35.00 Y42.00 E0.1663
G1 X30.00 Y42.40 F3600
G1 X35.00 Y42.40 E0.1663
G1 X30.00 Y42.80 F3600
G1 X35.00 Y42.80 E0.1663
G1 X30.00 Y43.20 F3600
G1 X35.00 Y43.20 E0.1663
G1 X30.00 Y43.60 F3600
G1 X35.00 Y43.60 E0.1663
G1 X30.00 Y44.00 F3600
G1 X35.00 Y44.00 E0.1663
G1 X30.00 Y44.40 F3600
G1 X35.00 Y44.40 E0.1663
G1 E-1 F2700
G1 X30.00 Y35.00 F7200
G1 E1 F2700
G1 X35.00 Y35.00 E0.6652 F3600
G1 X35.00 Y40.00 E0.6652
G1 X30.00 Y40.00 E0.6652
G1 X30.00 Y35.00 E0.6652
G1 X30.00 Y35.40 F3600
G1 X35.00 Y35.40 E0.1663
G1 X30.00 Y35.80 F3600
G1 X35.00 Y35.80 E0.1663
G1 X30.00 Y36.20 F3600
G1 X35.00 Y36.20 E0.1663
G1 X30.00 Y36.60 F3600
G1 X35.00 Y36.60 E0.1663
G1 X30.00 Y37.00 F3600
G1 X35.00 Y37.00 E0.1663
G1 X30.00 Y37.40 F3600
G1 X35.00 Y37.40 E0.1663
G1 X30.00 Y37.80 F3600
G1 X35.00 Y37.80 E0.1663
G1 X30.00 Y38.20 F3600
G1 X35.00 Y38.20 E0.1663
G1 X30.00 Y38.60 F3600
G1 X35.00 Y38.60 E0.1663
G1 X30.00 Y39.00 F3600
G1 X35.00 Y39.00 E0.1663
G1 X30.00 Y39.40 F3600
G1 X35.00 Y39.40 E0.1663
G1 E-1 F2700
G1 X60.00 Y35.00 F7200
G1 E1 F2700
G1 X65.00 Y35.00 E0.6652 F3600
G1 X65.00 Y40.00 E0.6652
G1 X60.00 Y40.00 E0.6652
G1 X60.00 Y35.00 E0.6652
G1 X60.00 Y35.40 F3600
G1 X65.00 Y35.40 E0.1663
G1 X60.00 Y35.80 F3600
G1 X65.00 Y35.80 E0.1663
G1 X60.00 Y36.20 F3600
G1 X65.00 Y36.20 E0.1663
G1 X60.00 Y36.60 F3600
G1 X65.00 Y36.60 E0.1663
G1 X60.00 Y37.00 F3600
G1 X65.00 Y37.00 E0.1663
G1 X60.00 Y37.40 F3600
G1 X65.00 Y37.40 E0.1663
G1 X60.00 Y37.80 F3600
G1 X65.00 Y37.80 E0.1663
G1 X60.00 Y38.20 F3600
G1 X65.00 Y38.20 E0.1663
G1 X60.00 Y38.60 F3600
G1 X65.00 Y38.60 E0.1663
G1 X60.00 Y39.00 F3600
G1 X65.00 Y39.00 E0.1663
G1 X60.00 Y39.40 F3600
G1 X65.00 Y39.40 E0.1663
G1 E-1 F2700
G1 X35.00 Y30.00 F7200
G1 E1 F2700
G1 X40.00 Y30.00 E0.6652 F3600
G1 X40.00 Y35.00 E0.6652
G1 X35.00 Y35.00 E0.6652
G1 X35.00 Y30.00 E0.6652
G1 X35.00 Y30.40 F3600
G1 X40.00 Y30.40 E0.1663
G1 X35.00 Y30.80 F3600
G1 X40.00 Y30.80 E0.1663
G1 X35.00 Y31.20 F3600
G1 X40.00 Y31.20 E0.1663
G1 X35.00 Y31.60 F3600
G1 X40.00 Y31.60 E0.1663
G1 X35.00 Y32.00 F3600
G1 X40.00 Y32.00 E0.1663
G1 X35.00 Y32.40 F3600
G1 X40.00 Y32.40 E0.1663
G1 X35.00 Y32.80 F3600
G1 X40.00 Y32.80 E0.1663
G1 X35.00 Y33.20 F3600
G1 X40.00 Y33.20 E0.1663
G1 X35.00 Y33.60 F3600
G1 X40.00 Y33.60 E0.1663
G1 X35.00 Y34.00 F3600
G1 X40.00 Y34.00 E0.1663
G1 X35.00 Y34.40 F3600
G1 X40.00 Y34.40 E0.1663
G1 E-1 F2700
G1 X40.00 Y30.00 F7200
G1 E1 F2700
G1 X45.00 Y30.00 E0.6652 F3600
G1 X45.00 Y35.00 E0.6652
G1 X40.00 Y35.00 E0.6652
G1 X40.00 Y30.00 E0.6652
G1 X40.00 Y30.40 F3600
G1 X45.00 Y30.40 E0.1663
G1 X40.00 Y30.80 F3600
G1 X45.00 Y30.80 E0.1663
G1 X40.00 Y31.20 F3600
G1 X45.00 Y31.20 E0.1663
G1 X40.00 Y31.60 F3600
G1 X45.00 Y31.60 E0.1663
G1 X40.00 Y32.00 F3600
G1 X45.00 Y32.00 E0.1663
G1 X40.00 Y32.40 F3600
G1 X45.00 Y32.40 E0.1663
G1 X40.00 Y32.80 F3600
G1 X45.00 Y32.80 E0.1663
G1 X40.00 Y33.20 F3600
G1 X45.00 Y33.20 E0.1663
G1 X40.00 Y33.60 F3600
G1 X45.00 Y33.60 E0.1663
G1 X40.00 Y34.00 F3600
G1 X45.00 Y34.00 E0.1663
G1 X40.00 Y34.40 F3600
G1 X45.00 Y34.40 E0.1663
G1 E-1 F2700
G1 X45.00 Y30.00 F7200
G1 E1 F2700
G1 X50.00 Y30.00 E0.6652 F3600
G1 X50.00 Y35.00 E0.6652
G1 X45.00 Y35.00 E0.6652
G1 X45.00 Y30.00 E0.6652
G1 X45.00 Y30.40 F3600
G1 X50.00 Y30.40 E0.1663
G1 X45.00 Y30.80 F3600
G1 X50.00 Y30.80 E0.1663
G1 X45.00 Y31.20 F3600
G1 X50.00 Y31.20 E0.1663
G1 X45.00 Y31.60 F3600
G1 X50.00 Y31.60 E0.1663
G1 X45.00 Y32.00 F3600
G1 X50.00 Y32.00 E0.1663
G1 X45.00 Y32.40 F3600
G1 X50.00 Y32.40 E0.1663
G1 X45.00 Y32.80 F3600
G1 X50.00 Y32.80 E0.1663
G1 X45.00 Y33.20 F3600
G1 X50.00 Y33.20 E0.1663
G1 X45.00 Y33.60 F3600
G1 X50.00 Y33.60 E0.1663
G1 X45.00 Y34.00 F3600
G1 X50.00 Y34.00 E0.1663
G1 X45.00 Y34.40 F3600
G1 X50.00 Y34.40 E0.1663
G1 E-1 F2700
G1 X50.00 Y30.00 F7200
G1 E1 F2700
G1 X55.00 Y30.00 E0.6652 F3600
G1 X55.00 Y35.00 E0.6652
G1 X50.00 Y35.00 E0.6652
G1 X50.00 Y30.00 E0.6652
G1 X50.00 Y30.40 F3600
G1 X55.00 Y30.40 E0.1663
G1 X50.00 Y30.80 F3600
G1 X55.00 Y30.80 E0.1663
G1 X50.00 Y31.20 F3600
G1 X55.00 Y31.20 E0.1663
G1 X50.00 Y31.60 F3600
G1 X55.00 Y31.60 E0.1663
G1 X50.00 Y32.00 F3600
G1 X55.00 Y32.00 E0.1663
G1 X50.00 Y32.40 F3600
G1 X55.00 Y32.40 E0.1663
G1 X50.00 Y32.80 F3600
G1 X55.00 Y32.80 E0.1663
G1 X50.00 Y33.20 F3600
G1 X55.00 Y33.20 E0.1663
G1 X50.00 Y33.60 F3600
G1 X55.00 Y33.60 E0.1663
G1 X50.00 Y34.00 F3600
G1 X55.00 Y34.00 E0.1663
G1 X50.00 Y34.40 F3600
G1 X55.00 Y34.40 E0.1663
G1 E-1 F2700
G1 X55.00 Y30.00 F7200
G1 E1 F2700
G1 X60.00 Y30.00 E0.6652 F3600
G1 X60.00 Y35.00 E0.6652
G1 X55.00 Y35.00 E0.6652
G1 X55.00 Y30.00 E0.6652
G1 X55.00 Y30.40 F3600
G1 X60.00 Y30.40 E0.1663
G1 X55.00 Y30.80 F3600
G1 X60.00 Y30.80 E0.1663
G1 X55.00 Y31.20 F3600
G1 X60.00 Y31.20 E0.1663
G1 X55.00 Y31.60 F3600
G1 X60.00 Y31.60 E0.1663
G1 X55.00 Y32.00 F3600
G1 X60.00 Y32.00 E0.1663
G1 X55.00 Y32.40 F3600
G1 X60.00 Y32.40 E0.1663
G1 X55.00 Y32.80 F3600
G1 X60.00 Y32.80 E0.1663
G1 X55.00 Y33.20 F3600
G1 X60.00 Y33.20 E0.1663
G1 X55.00 Y33.60 F3600
G1 X60.00 Y33.60 E0.1663
G1 X55.00 Y34.00 F3600
G1 X60.00 Y34.00 E0.1663
G1 X55.00 Y34.40 F3600
G1 X60.00 Y34.40 E0.1663
G1 E-1 F2700
G1 X70.00 Y60.00 F7200
G1 E1 F2700
G1 X75.00 Y60.00 E0.6652 F3600
G1 X75.00 Y65.00 E0.6652
G1 X70.00 Y65.00 E0.6652
G1 X70.00 Y60.00 E0.6652
G1 X70.00 Y60.40 F3600
G1 X75.00 Y60.40 E0.1663
G1 X70.00 Y60.80 F3600
G1 X75.00 Y60.80 E0.1663
G1 X70.00 Y61.20 F3600
G1 X75.00 Y61.20 E0.1663
G1 X70.00 Y61.60 F3600
G1 X75.00 Y61.60 E0.1663
G1 X70.00 Y62.00 F3600
G1 X75.00 Y62.00 E0.1663
G1 X70.00 Y62.40 F3600
G1 X75.00 Y62.40 E0.1663
G1 X70.00 Y62.80 F3600
G1 X75.00 Y62.80 E0.1663
G1 X70.00 Y63.20 F3600
G1 X75.00 Y63.20 E0.1663
G1 X70.00 Y63.60 F3600
G1 X75.00 Y63.60 E0.1663
G1 X70.00 Y64.00 F3600
G1 X75.00 Y64.00 E0.1663
G1 X70.00 Y64.40 F3600
G1 X75.00 Y64.40 E0.1663
G1 E-1 F2700
G1 X75.00 Y60.00 F7200
G1 E1 F2700
G1 X80.00 Y60.00 E0.6652 F3600
G1 X80.00 Y65.00 E0.6652
G1 X75.00 Y65.00 E0.6652
G1 X75.00 Y60.00 E0.6652
G1 X75.00 Y60.40 F3600
G1 X80.00 Y60.40 E0.1663
G1 X75.00 Y60.80 F3600
G1 X80.00 Y60.80 E0.1663
G1 X75.00 Y61.20 F3600
G1 X80.00 Y61.20 E0.1663
G1 X75.00 Y61.60 F3600
G1 X80.00 Y61.60 E0.1663
G1 X75.00 Y62.00 F3600
G1 X80.00 Y62.00 E0.1663
G1 X75.00 Y62.40 F3600
G1 X80.00 Y62.40 E0.1663
G1 X75.00 Y62.80 F3600
G1 X80.00 Y62.80 E0.1663
G1 X75.00 Y63.20 F3600
G1 X80.00 Y63.20 E0.1663
G1 X75.00 Y63.60 F3600
G1 X80.00 Y63.60 E0.1663
G1 X75.00 Y64.00 F3600
G1 X80.00 Y64.00 E0.1663
G1 X75.00 Y64.40 F3600
G1 X80.00 Y64.40 E0.1663
G1 E-1 F2700
G1 X80.00 Y60.00 F7200
G1 E1 F2700
G1 X85.00 Y60.00 E0.6652 F3600
G1 X85.00 Y65.00 E0.6652
G1 X80.00 Y65.00 E0.6652
G1 X80.00 Y60.00 E0.6652
G1 X80.00 Y60.40 F3600
G1 X85.00 Y60.40 E0.1663
G1 X80.00 Y60.80 F3600
G1 X85.00 Y60.80 E0.1663
G1 X80.00 Y61.20 F3600
G1 X85.00 Y61.20 E0.1663
G1 X80.00 Y61.60 F3600
G1 X85.00 Y61.60 E0.1663
G1 X80.00 Y62.00 F3600
G1 X85.00 Y62.00 E0.1663
G1 X80.00 Y62.40 F3600
G1 X85.00 Y62.40 E0.1663
G1 X80.00 Y62.80 F3600
G1 X85.00 Y62.80 E0.1663
G1 X80.00 Y63.20 F3600
G1 X85.00 Y63.20 E0.1663
G1 X80.00 Y63.60 F3600
G1 X85.00 Y63.60 E0.1663
G1 X80.00 Y64.00 F3600
G1 X85.00 Y64.00 E0.1663
G1 X80.00 Y64.40 F3600
G1 X85.00 Y64.40 E0.1663
G1 E-1 F2700
G1 X85.00 Y60.00 F7200
G1 E1 F2700
G1 X90.00 Y60.00 E0.6652 F3600
G1 X90.00 Y65.00 E0.6652
G1 X85.00 Y65.00 E0.6652
G1 X85.00 Y60.00 E0.6652
G1 X85.00 Y60.40 F3600
G1 X90.00 Y60.40 E0.1663
G1 X85.00 Y60.80 F3600
G1 X90.00 Y60.80 E0.1663
G1 X85.00 Y61.20 F3600
G1 X90.00 Y61.20 E0.1663
G1 X85.00 Y61.60 F3600
G1 X90.00 Y61.60 E0.1663
G1 X85.00 Y62.00 F3600
G1 X90.00 Y62.00 E0.1663
G1 X85.00 Y62.40 F3600
G1 X90.00 Y62.40 E0.1663
G1 X85.00 Y62.80 F3600
G1 X90.00 Y62.80 E0.1663
G1 X85.00 Y63.20 F3600
G1 X90.00 Y63.20 E0.1663
G1 X85.00 Y63.60 F3600
G1 X90.00 Y63.60 E0.1663
G1 X85.00 Y64.00 F3600
G1 X90.00 Y64.00 E0.1663
G1 X85.00 Y64.40 F3600
G1 X90.00 Y64.40 E0.1663
G1 E-1 F2700
G1 X90.00 Y60.00 F7200
G1 E1 F2700
G1 X95.00 Y60.00 E0.6652 F3600
G1 X95.00 Y65.00 E0.6652
G1 X90.00 Y65.00 E0.6652
G1 X90.00 Y60.00 E0.6652
G1 X90.00 Y60.40 F3600
G1 X95.00 Y60.40 E0.1663
G1 X90.00 Y60.80 F3600
G1 X95.00 Y60.80 E0.1663
G1 X90.00 Y61.20 F3600
G1 X95.00 Y61.20 E0.1663
G1 X90.00 Y61.60 F3600
G1 X95.00 Y61.60 E0.1663
G1 X90.00 Y62.00 F3600
G1 X95.00 Y62.00 E0.1663
G1 X90.00 Y62.40 F3600
G1 X95.00 Y62.40 E0.1663
G1 X90.00 Y62.80 F3600
G1 X95.00 Y62.80 E0.1663
G1 X90.00 Y63.20 F3600
G1 X95.00 Y63.20 E0.1663
G1 X90.00 Y63.60 F3600
G1 X95.00 Y63.60 E0.1663
G1 X90.00 Y64.00 F3600
G1 X95.00 Y64.00 E0.1663
G1 X90.00 Y64.40 F3600
G1 X95.00 Y64.40 E0.1663
G1 E-1 F2700
G1 X95.00 Y60.00 F7200
G1 E1 F2700
G1 X100.00 Y60.00 E0.6652 F3600
G1 X100.00 Y65.00 E0.6652
G1 X95.00 Y65.00 E0.6652
G1 X95.00 Y60.00 E0.6652
G1 X95.00 Y60.40 F3600
G1 X100.00 Y60.40 E0.1663
G1 X95.00 Y60.80 F3600
G1 X100.00 Y60.80 E0.1663
G1 X95.00 Y61.20 F3600
G1 X100.00 Y61.20 E0.1663
G1 X95.00 Y61.60 F3600
G1 X100.00 Y61.60 E0.1663
G1 X95.00 Y62.00 F3600
G1 X100.00 Y62.00 E0.1663
G1 X95.00 Y62.40 F3600
G1 X100.00 Y62.40 E0.1663
G1 X95.00 Y62.80 F3600
G1 X100.00 Y62.80 E0.1663
G1 X95.00 Y63.20 F3600
G1 X100.00 Y63.20 E0.1663
G1 X95.00 Y63.60 F3600
G1 X100.00 Y63.60 E0.1663
G1 X95.00 Y64.00 F3600
G1 X100.00 Y64.00 E0.1663
G1 X95.00 Y64.40 F3600
G1 X100.00 Y64.40 E0.1663
G1 E-1 F2700
G1 X70.00 Y55.00 F7200
G1 E1 F2700
G1 X75.00 Y55.00 E0.6652 F3600
G1 X75.00 Y60.00 E0.6652
G1 X70.00 Y60.00 E0.6652
G1 X70.00 Y55.00 E0.6652
G1 X70.00 Y55.40 F3600
G1 X75.00 Y55.40 E0.1663
G1 X70.00 Y55.80 F3600
G1 X75.00 Y55.80 E0.1663
G1 X70.00 Y56.20 F3600
G1 X75.00 Y56.20 E0.1663
G1 X70.00 Y56.60 F3600
G1 X75.00 Y56.60 E0.1663
G1 X70.00 Y57.00 F3600
G1 X75.00 Y57.00 E0.1663
G1 X70.00 Y57.40 F3600
G1 X75.00 Y57.40 E0.1663
G1 X70.00 Y57.80 F3600
G1 X75.00 Y57.80 E0.1663
G1 X70.00 Y58.20 F3600
G1 X75.00 Y58.20 E0.1663
G1 X70.00 Y58.60 F3600
G1 X75.00 Y58.60 E0.1663
G1 X70.00 Y59.00 F3600
G1 X75.00 Y59.00 E0.1663
G1 X70.00 Y59.40 F3600
G1 X75.00 Y59.40 E0.1663
G1 E-1 F2700
G1 X100.00 Y55.00 F7200
G1 E1 F2700
G1 X105.00 Y55.00 E0.6652 F3600
G1 X105.00 Y60.00 E0.6652
G1 X100.00 Y60.00 E0.6652
G1 X100.00 Y55.00 E0.6652
G1 X100.00 Y55.40 F3600
G1 X105.00 Y55.40 E0.1663
G1 X100.00 Y55.80 F3600
G1 X105.00 Y55.80 E0.1663
G1 X100.00 Y56.20 F3600
G1 X105.00 Y56.20 E0.1663
G1 X100.00 Y56.60 F3600
G1 X105.00 Y56.60 E0.1663
G1 X100.00 Y57.00 F3600
G1 X105.00 Y57.00 E0.1663
G1 X100.00 Y57.40 F3600
G1 X105.00 Y57.40 E0.1663
G1 X100.00 Y57.80 F3600
G1 X105.00 Y57.80 E0.1663
G1 X100.00 Y58.20 F3600
G1 X105.00 Y58.20 E0.1663
G1 X100.00 Y58.60 F3600
G1 X105.00 Y58.60 E0.1663
G1 X100.00 Y59.00 F3600
G1 X105.00 Y59.00 E0.1663
G1 X100.00 Y59.40 F3600
G1 X105.00 Y59.40 E0.1663
G1 E-1 F2700
G1 X70.00 Y50.00 F7200
G1 E1 F2700
G1 X75.00 Y50.00 E0.6652 F3600
G1 X75.00 Y55.00 E0.6652
G1 X70.00 Y55.00 E0.6652
G1 X70.00 Y50.00 E0.6652
G1 X70.00 Y50.40 F3600
G1 X75.00 Y50.40 E0.1663
G1 X70.00 Y50.80 F3600
G1 X75.00 Y50.80 E0.1663
G1 X70.00 Y51.20 F3600
G1 X75.00 Y51.20 E0.1663
G1 X70.00 Y51.60 F3600
G1 X75.00 Y51.60 E0.1663
G1 X70.00 Y52.00 F3600
G1 X75.00 Y52.00 E0.1663
G1 X70.00 Y52.40 F3600
G1 X75.00 Y52.40 E0.1663
G1 X70.00 Y52.80 F3600
G1 X75.00 Y52.80 E0.1663
G1 X70.00 Y53.20 F3600
G1 X75.00 Y53.20 E0.1663
G1 X70.00 Y53.60 F3600
G1 X75.00 Y53.60 E0.1663
G1 X70.00 Y54.00 F3600
G1 X75.00 Y54.00 E0.1663
G1 X70.00 Y54.40 F3600
G1 X75.00 Y54.40 E0.1663
G1 E-1 F2700
G1 X100.00 Y50.00 F7200
G1 E1 F2700
G1 X105.00 Y50.00 E0.6652 F3600
G1 X105.00 Y55.00 E0.6652
G1 X100.00 Y55.00 E0.6652
G1 X100.00 Y50.00 E0.6652
G1 X100.00 Y50.40 F3600
G1 X105.00 Y50.40 E0.1663
G1 X100.00 Y50.80 F3600
G1 X105.00 Y50.80 E0.1663
G1 X100.00 Y51.20 F3600
G1 X105.00 Y51.20 E0.1663
G1 X100.00 Y51.60 F3600
G1 X105.00 Y51.60 E0.1663
G1 X100.00 Y52.00 F3600
G1 X105.00 Y52.00 E0.1663
G1 X100.00 Y52.40 F3600
G1 X105.00 Y52.40 E0.1663
G1 X100.00 Y52.80 F3600
G1 X105.00 Y52.80 E0.1663
G1 X100.00 Y53.20 F3600
G1 X105.00 Y53.20 E0.1663
G1 X100.00 Y53.60 F3600
G1 X105.00 Y53.60 E0.1663
G1 X100.00 Y54.00 F3600
G1 X105.00 Y54.00 E0.1663
G1 X100.00 Y54.40 F3600
G1 X105.00 Y54.40 E0.1663
G1 E-1 F2700
G1 X70.00 Y45.00 F7200
G1 E1 F2700
G1 X75.00 Y45.00 E0.6652 F3600
G1 X75.00 Y50.00 E0.6652
G1 X70.00 Y50.00 E0.6652
G1 X70.00 Y45.00 E0.6652
G1 X70.00 Y45.40 F3600
G1 X75.00 Y45.40 E0.1663
G1 X70.00 Y45.80 F3600
G1 X75.00 Y45.80 E0.1663
G1 X70.00 Y46.20 F3600
G1 X75.00 Y46.20 E0.1663
G1 X70.00 Y46.60 F3600
G1 X75.00 Y46.60 E0.1663
G1 X70.00 Y47.00 F3600
G1 X75.00 Y47.00 E0.1663
G1 X70.00 Y47.40 F3600
G1 X75.00 Y47.40 E0.1663
G1 X70.00 Y47.80 F3600
G1 X75.00 Y47.80 E0.1663
G1 X70.00 Y48.20 F3600
G1 X75.00 Y48.20 E0.1663
G1 X70.00 Y48.60 F3600
G1 X75.00 Y48.60 E0.1663
G1 X70.00 Y49.00 F3600
G1 X75.00 Y49.00 E0.1663
G1 X70.00 Y49.40 F3600
G1 X75.00 Y49.40 E0.1663
G1 E-1 F2700
G1 X75.00 Y45.00 F7200
G1 E1 F2700
G1 X80.00 Y45.00 E0.6652 F3600
G1 X80.00 Y50.00 E0.6652
G1 X75.00 Y50.00 E0.6652
G1 X75.00 Y45.00 E0.6652
G1 X75.00 Y45.40 F3600
G1 X80.00 Y45.40 E0.1663
G1 X75.00 Y45.80 F3600
G1 X80.00 Y45.80 E0.1663
G1 X75.00 Y46.20 F3600
G1 X80.00 Y46.20 E0.1663
G1 X75.00 Y46.60 F3600
G1 X80.00 Y46.60 E0.1663
G1 X75.00 Y47.00 F3600
G1 X80.00 Y47.00 E0.1663
G1 X75.00 Y47.40 F3600
G1 X80.00 Y47.40 E0.1663
G1 X75.00 Y47.80 F3600
G1 X80.00 Y47.80 E0.1663
G1 X75.00 Y48.20 F3600
G1 X80.00 Y48.20 E0.1663
G1 X75.00 Y48.60 F3600
G1 X80.00 Y48.60 E0.1663
G1 X75.00 Y49.00 F3600
G1 X80.00 Y49.00 E0.1663
G1 X75.00 Y49.40 F3600
G1 X80.00 Y49.40 E0.1663
G1 E-1 F2700
G1 X80.00 Y45.00 F7200
G1 E1 F2700
G1 X85.00 Y45.00 E0.6652 F3600
G1 X85.00 Y50.00 E0.6652
G1 X80.00 Y50.00 E0.6652
G1 X80.00 Y45.00 E0.6652
G1 X80.00 Y45.40 F3600
G1 X85.00 Y45.40 E0.1663
G1 X80.00 Y45.80 F3600
G1 X85.00 Y45.80 E0.1663
G1 X80.00 Y46.20 F3600
G1 X85.00 Y46.20 E0.1663
G1 X80.00 Y46.60 F3600
G1 X85.00 Y46.60 E0.1663
G1 X80.00 Y47.00 F3600
G1 X85.00 Y47.00 E0.1663
G1 X80.00 Y47.40 F3600
G1 X85.00 Y47.40 E0.1663
G1 X80.00 Y47.80 F3600
G1 X85.00 Y47.80 E0.1663
G1 X80.00 Y48.20 F3600
G1 X85.00 Y48.20 E0.1663
G1 X80.00 Y48.60 F3600
G1 X85.00 Y48.60 E0.1663
G1 X80.00 Y49.00 F3600
G1 X85.00 Y49.00 E0.1663
G1 X80.00 Y49.40 F3600
G1 X85.00 Y49.40 E0.1663
G1 E-1 F2700
G1 X85.00 Y45.00 F7200
G1 E1 F2700
G1 X90.00 Y45.00 E0.6652 F3600
G1 X90.00 Y50.00 E0.6652
G1 X85.00 Y50.00 E0.6652
G1 X85.00 Y45.00 E0.6652
G1 X85.00 Y45.40 F3600
G1 X90.00 Y45.40 E0.1663
G1 X85.00 Y45.80 F3600
G1 X90.00 Y45.80 E0.1663
G1 X85.00 Y46.20 F3600
G1 X90.00 Y46.20 E0.1663
G1 X85.00 Y46.60 F3600
G1 X90.00 Y46.60 E0.1663
G1 X85.00 Y47.00 F3600
G1 X90.00 Y47.00 E0.1663
G1 X85.00 Y47.40 F3600
G1 X90.00 Y47.40 E0.1663
G1 X85.00 Y47.80 F3600
G1 X90.00 Y47.80 E0.1663
G1 X85.00 Y48.20 F3600
G1 X90.00 Y48.20 E0.1663
G1 X85.00 Y48.60 F3600
G1 X90.00 Y48.60 E0.1663
G1 X85.00 Y49.00 F3600
G1 X90.00 Y49.00 E0.1663
G1 X85.00 Y49.40 F3600
G1 X90.00 Y49.40 E0.1663
G1 E-1 F2700
G1 X90.00 Y45.00 F7200
G1 E1 F2700
G1 X95.00 Y45.00 E0.6652 F3600
G1 X95.00 Y50.00 E0.6652
G1 X90.00 Y50.00 E0.6652
G1 X90.00 Y45.00 E0.6652
G1 X90.00 Y45.40 F3600
G1 X95.00 Y45.40 E0.1663
G1 X90.00 Y45.80 F3600
G1 X95.00 Y45.80 E0.1663
G1 X90.00 Y46.20 F3600
G1 X95.00 Y46.20 E0.1663
G1 X90.00 Y46.60 F3600
G1 X95.00 Y46.60 E0.1663
G1 X90.00 Y47.00 F3600
G1 X95.00 Y47.00 E0.1663
G1 X90.00 Y47.40 F3600
G1 X95.00 Y47.40 E0.1663
G1 X90.00 Y47.80 F3600
G1 X95.00 Y47.80 E0.1663
G1 X90.00 Y48.20 F3600
G1 X95.00 Y48.20 E0.1663
G1 X90.00 Y48.60 F3600
G1 X95.00 Y48.60 E0.1663
G1 X90.00 Y49.00 F3600
G1 X95.00 Y49.00 E0.1663
G1 X90.00 Y49.40 F3600
G1 X95.00 Y49.40 E0.1663
G1 E-1 F2700
G1 X95.00 Y45.00 F7200
G1 E1 F2700
G1 X100.00 Y45.00 E0.6652 F3600
G1 X100.00 Y50.00 E0.6652
G1 X95.00 Y50.00 E0.6652
G1 X95.00 Y45.00 E0.6652
G1 X95.00 Y45.40 F3600
G1 X100.00 Y45.40 E0.1663
G1 X95.00 Y45.80 F3600
G1 X100.00 Y45.80 E0.1663
G1 X95.00 Y46.20 F3600
G1 X100.00 Y46.20 E0.1663
G1 X95.00 Y46.60 F3600
G1 X100.00 Y46.60 E0.1663
G1 X95.00 Y47.00 F3600
G1 X100.00 Y47.00 E0.1663
G1 X95.00 Y47.40 F3600
G1 X100.00 Y47.40 E0.1663
G1 X95.00 Y47.80 F3600
G1 X100.00 Y47.80 E0.1663
G1 X95.00 Y48.20 F3600
G1 X100.00 Y48.20 E0.1663
G1 X95.00 Y48.60 F3600
G1 X100.00 Y48.60 E0.1663
G1 X95.00 Y49.00 F3600
G1 X100.00 Y49.00 E0.1663
G1 X95.00 Y49.40 F3600
G1 X100.00 Y49.40 E0.1663
G1 E-1 F2700
G1 X70.00 Y40.00 F7200
G1 E1 F2700
G1 X75.00 Y40.00 E0.6652 F3600
G1 X75.00 Y45.00 E0.6652
G1 X70.00 Y45.00 E0.6652
G1 X70.00 Y40.00 E0.6652
G1 X70.00 Y40.40 F3600
G1 X75.00 Y40.40 E0.1663
G1 X70.00 Y40.80 F3600
G1 X75.00 Y40.80 E0.1663
G1 X70.00 Y41.20 F3600
G1 X75.00 Y41.20 E0.1663
G1 X70.00 Y41.60 F3600
G1 X75.00 Y41.60 E0.1663
G1 X70.00 Y42.00 F3600
G1 X75.00 Y42.00 E0.1663
G1 X70.00 Y42.40 F3600
G1 X75.00 Y42.40 E0.1663
G1 X70.00 Y42.80 F3600
G1 X75.00 Y42.80 E0.1663
G1 X70.00 Y43.20 F3600
G1 X75.00 Y43.20 E0.1663
G1 X70.00 Y43.60 F3600
G1 X75.00 Y43.60 E0.1663
G1 X70.00 Y44.00 F3600
G1 X75.00 Y44.00 E0.1663
G1 X70.00 Y44.40 F3600
G1 X75.00 Y44.40 E0.1663
G1 E-1 F2700
G1 X70.00 Y35.00 F7200
G1 E1 F2700
G1 X75.00 Y35.00 E0.6652 F3600
G1 X75.00 Y40.00 E0.6652
G1 X70.00 Y40.00 E0.6652
G1 X70.00 Y35.00 E0.6652
G1 X70.00 Y35.40 F3600
G1 X75.00 Y35.40 E0.1663
G1 X70.00 Y35.80 F3600
G1 X75.00 Y35.80 E0.1663
G1 X70.00 Y36.20 F3600
G1 X75.00 Y36.20 E0.1663
G1 X70.00 Y36.60 F3600
G1 X75.00 Y36.60 E0.1663
G1 X70.00 Y37.00 F3600
G1 X75.00 Y37.00 E0.1663
G1 X70.00 Y37.40 F3600
G1 X75.00 Y37.40 E0.1663
G1 X70.00 Y37.80 F3600
G1 X75.00 Y37.80 E0.1663
G1 X70.00 Y38.20 F3600
G1 X75.00 Y38.20 E0.1663
G1 X70.00 Y38.60 F3600
G1 X75.00 Y38.60 E0.1663
G1 X70.00 Y39.00 F3600
G1 X75.00 Y39.00 E0.1663
G1 X70.00 Y39.40 F3600
G1 X75.00 Y39.40 E0.1663
G1 E-1 F2700
G1 X70.00 Y30.00 F7200
G1 E1 F2700
G1 X75.00 Y30.00 E0.6652 F3600
G1 X75.00 Y35.00 E0.6652
G1 X70.00 Y35.00 E0.6652
G1 X70.00 Y30.00 E0.6652
G1 X70.00 Y30.40 F3600
G1 X75.00 Y30.40 E0.1663
G1 X70.00 Y30.80 F3600
G1 X75.00 Y30.80 E0.1663
G1 X70.00 Y31.20 F3600
G1 X75.00 Y31.20 E0.1663
G1 X70.00 Y31.60 F3600
G1 X75.00 Y31.60 E0.1663
G1 X70.00 Y32.00 F3600
G1 X75.00 Y32.00 E0.1663
G1 X70.00 Y32.40 F3600
G1 X75.00 Y32.40 E0.1663
G1 X70.00 Y32.80 F3600
G1 X75.00 Y32.80 E0.1663
G1 X70.00 Y33.20 F3600
G1 X75.00 Y33.20 E0.1663
G1 X70.00 Y33.60 F3600
G1 X75.00 Y33.60 E0.1663
G1 X70.00 Y34.00 F3600
G1 X75.00 Y34.00 E0.1663
G1 X70.00 Y34.40 F3600
G1 X75.00 Y34.40 E0.1663
G1 E-1 F2700
G1 X115.00 Y60.00 F7200
G1 E1 F2700
G1 X120.00 Y60.00 E0.6652 F3600
G1 X120.00 Y65.00 E0.6652
G1 X115.00 Y65.00 E0.6652
G1 X115.00 Y60.00 E0.6652
G1 X115.00 Y60.40 F3600
G1 X120.00 Y60.40 E0.1663
G1 X115.00 Y60.80 F3600
G1 X120.00 Y60.80 E0.1663
G1 X115.00 Y61.20 F3600
G1 X120.00 Y61.20 E0.1663
G1 X115.00 Y61.60 F3600
G1 X120.00 Y61.60 E0.1663
G1 X115.00 Y62.00 F3600
G1 X120.00 Y62.00 E0.1663
G1 X115.00 Y62.40 F3600
G1 X120.00 Y62.40 E0.1663
G1 X115.00 Y62.80 F3600
G1 X120.00 Y62.80 E0.1663
G1 X115.00 Y63.20 F3600
G1 X120.00 Y63.20 E0.1663
G1 X115.00 Y63.60 F3600
G1 X120.00 Y63.60 E0.1663
G1 X115.00 Y64.00 F3600
G1 X120.00 Y64.00 E0.1663
G1 X115.00 Y64.40 F3600
G1 X120.00 Y64.40 E0.1663
G1 E-1 F2700
G1 X120.00 Y60.00 F7200
G1 E1 F2700
G1 X125.00 Y60.00 E0.6652 F3600
G1 X125.00 Y65.00 E0.6652
G1 X120.00 Y65.00 E0.6652
G1 X120.00 Y60.00 E0.6652
G1 X120.00 Y60.40 F3600
G1 X125.00 Y60.40 E0.1663
G1 X120.00 Y60.80 F3600
G1 X125.00 Y60.80 E0.1663
G1 X120.00 Y61.20 F3600
G1 X125.00 Y61.20 E0.1663
G1 X120.00 Y61.60 F3600
G1 X125.00 Y61.60 E0.1663
G1 X120.00 Y62.00 F3600
G1 X125.00 Y62.00 E0.1663
G1 X120.00 Y62.40 F3600
G1 X125.00 Y62.40 E0.1663
G1 X120.00 Y62.80 F3600
G1 X125.00 Y62.80 E0.1663
G1 X120.00 Y63.20 F3600
G1 X125.00 Y63.20 E0.1663
G1 X120.00 Y63.60 F3600
G1 X125.00 Y63.60 E0.1663
G1 X120.00 Y64.00 F3600
G1 X125.00 Y64.00 E0.1663
G1 X120.00 Y64.40 F3600
G1 X125.00 Y64.40 E0.1663
G1 E-1 F2700
G1 X125.00 Y60.00 F7200
G1 E1 F2700
G1 X130.00 Y60.00 E0.6652 F3600
G1 X130.00 Y65.00 E0.6652
G1 X125.00 Y65.00 E0.6652
G1 X125.00 Y60.00 E0.6652
G1 X125.00 Y60.40 F3600
G1 X130.00 Y60.40 E0.1663
G1 X125.00 Y60.80 F3600
G1 X130.00 Y60.80 E0.1663
G1 X125.00 Y61.20 F3600
G1 X130.00 Y61.20 E0.1663
G1 X125.00 Y61.60 F3600
G1 X130.00 Y61.60 E0.1663
G1 X125.00 Y62.00 F3600
G1 X130.00 Y62.00 E0.1663
G1 X125.00 Y62.40 F3600
G1 X130.00 Y62.40 E0.1663
G1 X125.00 Y62.80 F3600
G1 X130.00 Y62.80 E0.1663
G1 X125.00 Y63.20 F3600
G1 X130.00 Y63.20 E0.1663
G1 X125.00 Y63.60 F3600
G1 X130.00 Y63.60 E0.1663
G1 X125.00 Y64.00 F3600
G1 X130.00 Y64.00 E0.1663
G1 X125.00 Y64.40 F3600
G1 X130.00 Y64.40 E0.1663
G1 E-1 F2700
G1 X130.00 Y60.00 F7200
G1 E1 F2700
G1 X135.00 Y60.00 E0.6652 F3600
G1 X135.00 Y65.00 E0.6652
G1 X130.00 Y65.00 E0.6652
G1 X130.00 Y60.00 E0.6652
G1 X130.00 Y60.40 F3600
G1 X135.00 Y60.40 E0.1663
G1 X130.00 Y60.80 F3600
G1 X135.00 Y60.80 E0.1663
G1 X130.00 Y61.20 F3600
G1 X135.00 Y61.20 E0.1663
G1 X130.00 Y61.60 F3600
G1 X135.00 Y61.60 E0.1663
G1 X130.00 Y62.00 F3600
G1 X135.00 Y62.00 E0.1663
G1 X130.00 Y62.40 F3600
G1 X135.00 Y62.40 E0.1663
G1 X130.00 Y62.80 F3600
G1 X135.00 Y62.80 E0.1663
G1 X130.00 Y63.20 F3600
G1 X135.00 Y63.20 E0.1663
G1 X130.00 Y63.60 F3600
G1 X135.00 Y63.60 E0.1663
G1 X130.00 Y64.00 F3600
G1 X135.00 Y64.00 E0.1663
G1 X130.00 Y64.40 F3600
G1 X135.00 Y64.40 E0.1663
G1 E-1 F2700
G1 X135.00 Y60.00 F7200
G1 E1 F2700
G1 X140.00 Y60.00 E0.6652 F3600
G1 X140.00 Y65.00 E0.6652
G1 X135.00 Y65.00 E0.6652
G1 X135.00 Y60.00 E0.6652
G1 X135.00 Y60.40 F3600
G1 X140.00 Y60.40 E0.1663
G1 X135.00 Y60.80 F3600
G1 X140.00 Y60.80 E0.1663
G1 X135.00 Y61.20 F3600
G1 X140.00 Y61.20 E0.1663
G1 X135.00 Y61.60 F3600
G1 X140.00 Y61.60 E0.1663
G1 X135.00 Y62.00 F3600
G1 X140.00 Y62.00 E0.1663
G1 X135.00 Y62.40 F3600
G1 X140.00 Y62.40 E0.1663
G1 X135.00 Y62.80 F3600
G1 X140.00 Y62.80 E0.1663
G1 X135.00 Y63.20 F3600
G1 X140.00 Y63.20 E0.1663
G1 X135.00 Y63.60 F3600
G1 X140.00 Y63.60 E0.1663
G1 X135.00 Y64.00 F3600
G1 X140.00 Y64.00 E0.1663
G1 X135.00 Y64.40 F3600
G1 X140.00 Y64.40 E0.1663
G1 E-1 F2700
G1 X110.00 Y55.00 F7200
G1 E1 F2700
G1 X115.00 Y55.00 E0.6652 F3600
G1 X115.00 Y60.00 E0.6652
G1 X110.00 Y60.00 E0.6652
G1 X110.00 Y55.00 E0.6652
G1 X110.00 Y55.40 F3600
G1 X115.00 Y55.40 E0.1663
G1 X110.00 Y55.80 F3600
G1 X115.00 Y55.80 E0.1663
G1 X110.00 Y56.20 F3600
G1 X115.00 Y56.20 E0.1663
G1 X110.00 Y56.60 F3600
G1 X115.00 Y56.60 E0.1663
G1 X110.00 Y57.00 F3600
G1 X115.00 Y57.00 E0.1663
G1 X110.00 Y57.40 F3600
G1 X115.00 Y57.40 E0.1663
G1 X110.00 Y57.80 F3600
G1 X115.00 Y57.80 E0.1663
G1 X110.00 Y58.20 F3600
G1 X115.00 Y58.20 E0.1663
G1 X110.00 Y58.60 F3600
G1 X115.00 Y58.60 E0.1663
G1 X110.00 Y59.00 F3600
G1 X115.00 Y59.00 E0.1663
G1 X110.00 Y59.40 F3600
G1 X115.00 Y59.40 E0.1663
G1 E-1 F2700
G1 X140.00 Y55.00 F7200
G1 E1 F2700
G1 X145.00 Y55.00 E0.6652 F3600
G1 X145.00 Y60.00 E0.6652
G1 X140.00 Y60.00 E0.6652
G1 X140.00 Y55.00 E0.6652
G1 X140.00 Y55.40 F3600
G1 X145.00 Y55.40 E0.1663
G1 X140.00 Y55.80 F3600
G1 X145.00 Y55.80 E0.1663
G1 X140.00 Y56.20 F3600
G1 X145.00 Y56.20 E0.1663
G1 X140.00 Y56.60 F3600
G1 X145.00 Y56.60 E0.1663
G1 X140.00 Y57.00 F3600
G1 X145.00 Y57.00 E0.1663
G1 X140.00 Y57.40 F3600
G1 X145.00 Y57.40 E0.1663
G1 X140.00 Y57.80 F3600
G1 X145.00 Y57.80 E0.1663
G1 X140.00 Y58.20 F3600
G1 X145.00 Y58.20 E0.1663
G1 X140.00 Y58.60 F3600
G1 X145.00 Y58.60 E0.1663
G1 X140.00 Y59.00 F3600
G1 X145.00 Y59.00 E0.1663
G1 X140.00 Y59.40 F3600
G1 X145.00 Y59.40 E0.1663
G1 E-1 F2700
G1 X140.00 Y50.00 F7200
G1 E1 F2700
G1 X145.00 Y50.00 E0.6652 F3600
G1 X145.00 Y55.00 E0.6652
G1 X140.00 Y55.00 E0.6652
G1 X140.00 Y50.00 E0.6652
G1 X140.00 Y50.40 F3600
G1 X145.00 Y50.40 E0.1663
G1 X140.00 Y50.80 F3600
G1 X145.00 Y50.80 E0.1663
G1 X140.00 Y51.20 F3600
G1 X145.00 Y51.20 E0.1663
G1 X140.00 Y51.60 F3600
G1 X145.00 Y51.60 E0.1663
G1 X140.00 Y52.00 F3600
G1 X145.00 Y52.00 E0.1663
G1 X140.00 Y52.40 F3600
G1 X145.00 Y52.40 E0.1663
G1 X140.00 Y52.80 F3600
G1 X145.00 Y52.80 E0.1663
G1 X140.00 Y53.20 F3600
G1 X145.00 Y53.20 E0.1663
G1 X140.00 Y53.60 F3600
G1 X145.00 Y53.60 E0.1663
G1 X140.00 Y54.00 F3600
G1 X145.00 Y54.00 E0.1663
G1 X140.00 Y54.40 F3600
G1 X145.00 Y54.40 E0.1663
G1 E-1 F2700
G1 X125.00 Y45.00 F7200
G1 E1 F2700
G1 X130.00 Y45.00 E0.6652 F3600
G1 X130.00 Y50.00 E0.6652
G1 X125.00 Y50.00 E0.6652
G1 X125.00 Y45.00 E0.6652
G1 X125.00 Y45.40 F3600
G1 X130.00 Y45.40 E0.1663
G1 X125.00 Y45.80 F3600
G1 X130.00 Y45.80 E0.1663
G1 X125.00 Y46.20 F3600
G1 X130.00 Y46.20 E0.1663
G1 X125.00 Y46.60 F3600
G1 X130.00 Y46.60 E0.1663
G1 X125.00 Y47.00 F3600
G1 X130.00 Y47.00 E0.1663
G1 X125.00 Y47.40 F3600
G1 X130.00 Y47.40 E0.1663
G1 X125.00 Y47.80 F3600
G1 X130.00 Y47.80 E0.1663
G1 X125.00 Y48.20 F3600
G1 X130.00 Y48.20 E0.1663
G1 X125.00 Y48.60 F3600
G1 X130.00 Y48.60 E0.1663
G1 X125.00 Y49.00 F3600
G1 X130.00 Y49.00 E0.1663
G1 X125.00 Y49.40 F3600
G1 X130.00 Y49.40 E0.1663
G1 E-1 F2700
G1 X130.00 Y45.00 F7200
G1 E1 F2700
G1 X135.00 Y45.00 E0.6652 F3600
G1 X135.00 Y50.00 E0.6652
G1 X130.00 Y50.00 E0.6652
G1 X130.00 Y45.00 E0.6652
G1 X130.00 Y45.40 F3600
G1 X135.00 Y45.40 E0.1663
G1 X130.00 Y45.80 F3600
G1 X135.00 Y45.80 E0.1663
G1 X130.00 Y46.20 F3600
G1 X135.00 Y46.20 E0.1663
G1 X130.00 Y46.60 F3600
G1 X135.00 Y46.60 E0.1663
G1 X130.00 Y47.00 F3600
G1 X135.00 Y47.00 E0.1663
G1 X130.00 Y47.40 F3600
G1 X135.00 Y47.40 E0.1663
G1 X130.00 Y47.80 F3600
G1 X135.00 Y47.80 E0.1663
G1 X130.00 Y48.20 F3600
G1 X135.00 Y48.20 E0.1663
G1 X130.00 Y48.60 F3600
G1 X135.00 Y48.60 E0.1663
G1 X130.00 Y49.00 F3600
G1 X135.00 Y49.00 E0.1663
G1 X130.00 Y49.40 F3600
G1 X135.00 Y49.40 E0.1663
G1 E-1 F2700
G1 X135.00 Y45.00 F7200
G1 E1 F2700
G1 X140.00 Y45.00 E0.6652 F3600
G1 X140.00 Y50.00 E0.6652
G1 X135.00 Y50.00 E0.6652
G1 X135.00 Y45.00 E0.6652
G1 X135.00 Y45.40 F3600
G1 X140.00 Y45.40 E0.1663
G1 X135.00 Y45.80 F3600
G1 X140.00 Y45.80 E0.1663
G1 X135.00 Y46.20 F3600
G1 X140.00 Y46.20 E0.1663
G1 X135.00 Y46.60 F3600
G1 X140.00 Y46.60 E0.1663
G1 X135.00 Y47.00 F3600
G1 X140.00 Y47.00 E0.1663
G1 X135.00 Y47.40 F3600
G1 X140.00 Y47.40 E0.1663
G1 X135.00 Y47.80 F3600
G1 X140.00 Y47.80 E0.1663
G1 X135.00 Y48.20 F3600
G1 X140.00 Y48.20 E0.1663
G1 X135.00 Y48.60 F3600
G1 X140.00 Y48.60 E0.1663
G1 X135.00 Y49.00 F3600
G1 X140.00 Y49.00 E0.1663
G1 X135.00 Y49.40 F3600
G1 X140.00 Y49.40 E0.1663
G1 E-1 F2700
G1 X115.00 Y40.00 F7200
G1 E1 F2700
G1 X120.00 Y40.00 E0.6652 F3600
G1 X120.00 Y45.00 E0.6652
G1 X115.00 Y45.00 E0.6652
G1 X115.00 Y40.00 E0.6652
G1 X115.00 Y40.40 F3600
G1 X120.00 Y40.40 E0.1663
G1 X115.00 Y40.80 F3600
G1 X120.00 Y40.80 E0.1663
G1 X115.00 Y41.20 F3600
G1 X120.00 Y41.20 E0.1663
G1 X115.00 Y41.60 F3600
G1 X120.00 Y41.60 E0.1663
G1 X115.00 Y42.00 F3600
G1 X120.00 Y42.00 E0.1663
G1 X115.00 Y42.40 F3600
G1 X120.00 Y42.40 E0.1663
G1 X115.00 Y42.80 F3600
G1 X120.00 Y42.80 E0.1663
G1 X115.00 Y43.20 F3600
G1 X120.00 Y43.20 E0.1663
G1 X115.00 Y43.60 F3600
G1 X120.00 Y43.60 E0.1663
G1 X115.00 Y44.00 F3600
G1 X120.00 Y44.00 E0.1663
G1 X115.00 Y44.40 F3600
G1 X120.00 Y44.40 E0.1663
G1 E-1 F2700
G1 X120.00 Y40.00 F7200
G1 E1 F2700
G1 X125.00 Y40.00 E0.6652 F3600
G1 X125.00 Y45.00 E0.6652
G1 X120.00 Y45.00 E0.6652
G1 X120.00 Y40.00 E0.6652
G1 X120.00 Y40.40 F3600
G1 X125.00 Y40.40 E0.1663
G1 X120.00 Y40.80 F3600
G1 X125.00 Y40.80 E0.1663
G1 X120.00 Y41.20 F3600
G1 X125.00 Y41.20 E0.1663
G1 X120.00 Y41.60 F3600
G1 X125.00 Y41.60 E0.1663
G1 X120.00 Y42.00 F3600
G1 X125.00 Y42.00 E0.1663
G1 X120.00 Y42.40 F3600
G1 X125.00 Y42.40 E0.1663
G1 X120.00 Y42.80 F3600
G1 X125.00 Y42.80 E0.1663
G1 X120.00 Y43.20 F3600
G1 X125.00 Y43.20 E0.1663
G1 X120.00 Y43.60 F3600
G1 X125.00 Y43.60 E0.1663
G1 X120.00 Y44.00 F3600
G1 X125.00 Y44.00 E0.1663
G1 X120.00 Y44.40 F3600
G1 X125.00 Y44.40 E0.1663
G1 E-1 F2700
G1 X110.00 Y35.00 F7200
G1 E1 F2700
G1 X115.00 Y35.00 E0.6652 F3600
G1 X115.00 Y40.00 E0.6652
G1 X110.00 Y40.00 E0.6652
G1 X110.00 Y35.00 E0.6652
G1 X110.00 Y35.40 F3600
G1 X115.00 Y35.40 E0.1663
G1 X110.00 Y35.80 F3600
G1 X115.00 Y35.80 E0.1663
G1 X110.00 Y36.20 F3600
G1 X115.00 Y36.20 E0.1663
G1 X110.00 Y36.60 F3600
G1 X115.00 Y36.60 E0.1663
G1 X110.00 Y37.00 F3600
G1 X115.00 Y37.00 E0.1663
G1 X110.00 Y37.40 F3600
G1 X115.00 Y37.40 E0.1663
G1 X110.00 Y37.80 F3600
G1 X115.00 Y37.80 E0.1663
G1 X110.00 Y38.20 F3600
G1 X115.00 Y38.20 E0.1663
G1 X110.00 Y38.60 F3600
G1 X115.00 Y38.60 E0.1663
G1 X110.00 Y39.00 F3600
G1 X115.00 Y39.00 E0.1663
G1 X110.00 Y39.40 F3600
G1 X115.00 Y39.40 E0.1663
G1 E-1 F2700
G1 X110.00 Y30.00 F7200
G1 E1 F2700
G1 X115.00 Y30.00 E0.6652 F3600
G1 X115.00 Y35.00 E0.6652
G1 X110.00 Y35.00 E0.6652
G1 X110.00 Y30.00 E0.6652
G1 X110.00 Y30.40 F3600
G1 X115.00 Y30.40 E0.1663
G1 X110.00 Y30.80 F3600
G1 X115.00 Y30.80 E0.1663
G1 X110.00 Y31.20 F3600
G1 X115.00 Y31.20 E0.1663
G1 X110.00 Y31.60 F3600
G1 X115.00 Y31.60 E0.1663
G1 X110.00 Y32.00 F3600
G1 X115.00 Y32.00 E0.1663
G1 X110.00 Y32.40 F3600
G1 X115.00 Y32.40 E0.1663
G1 X110.00 Y32.80 F3600
G1 X115.00 Y32.80 E0.1663
G1 X110.00 Y33.20 F3600
G1 X115.00 Y33.20 E0.1663
G1 X110.00 Y33.60 F3600
G1 X115.00 Y33.60 E0.1663
G1 X110.00 Y34.00 F3600
G1 X115.00 Y34.00 E0.1663
G1 X110.00 Y34.40 F3600
G1 X115.00 Y34.40 E0.1663
G1 E-1 F2700
G1 X115.00 Y30.00 F7200
G1 E1 F2700
G1 X120.00 Y30.00 E0.6652 F3600
G1 X120.00 Y35.00 E0.6652
G1 X115.00 Y35.00 E0.6652
G1 X115.00 Y30.00 E0.6652
G1 X115.00 Y30.40 F3600
G1 X120.00 Y30.40 E0.1663
G1 X115.00 Y30.80 F3600
G1 X120.00 Y30.80 E0.1663
G1 X115.00 Y31.20 F3600
G1 X120.00 Y31.20 E0.1663
G1 X115.00 Y31.60 F3600
G1 X120.00 Y31.60 E0.1663
G1 X115.00 Y32.00 F3600
G1 X120.00 Y32.00 E0.1663
G1 X115.00 Y32.40 F3600
G1 X120.00 Y32.40 E0.1663
G1 X115.00 Y32.80 F3600
G1 X120.00 Y32.80 E0.1663
G1 X115.00 Y33.20 F3600
G1 X120.00 Y33.20 E0.1663
G1 X115.00 Y33.60 F3600
G1 X120.00 Y33.60 E0.1663
G1 X115.00 Y34.00 F3600
G1 X120.00 Y34.00 E0.1663
G1 X115.00 Y34.40 F3600
G1 X120.00 Y34.40 E0.1663
G1 E-1 F2700
G1 X120.00 Y30.00 F7200
G1 E1 F2700
G1 X125.00 Y30.00 E0.6652 F3600
G1 X125.00 Y35.00 E0.6652
G1 X120.00 Y35.00 E0.6652
G1 X120.00 Y30.00 E0.6652
G1 X120.00 Y30.40 F3600
G1 X125.00 Y30.40 E0.1663
G1 X120.00 Y30.80 F3600
G1 X125.00 Y30.80 E0.1663
G1 X120.00 Y31.20 F3600
G1 X125.00 Y31.20 E0.1663
G1 X120.00 Y31.60 F3600
G1 X125.00 Y31.60 E0.1663
G1 X120.00 Y32.00 F3600
G1 X125.00 Y32.00 E0.1663
G1 X120.00 Y32.40 F3600
G1 X125.00 Y32.40 E0.1663
G1 X120.00 Y32.80 F3600
G1 X125.00 Y32.80 E0.1663
G1 X120.00 Y33.20 F3600
G1 X125.00 Y33.20 E0.1663
G1 X120.00 Y33.60 F3600
G1 X125.00 Y33.60 E0.1663
G1 X120.00 Y34.00 F3600
G1 X125.00 Y34.00 E0.1663
G1 X120.00 Y34.40 F3600
G1 X125.00 Y34.40 E0.1663
G1 E-1 F2700
G1 X125.00 Y30.00 F7200
G1 E1 F2700
G1 X130.00 Y30.00 E0.6652 F3600
G1 X130.00 Y35.00 E0.6652
G1 X125.00 Y35.00 E0.6652
G1 X125.00 Y30.00 E0.6652
G1 X125.00 Y30.40 F3600
G1 X130.00 Y30.40 E0.1663
G1 X125.00 Y30.80 F3600
G1 X130.00 Y30.80 E0.1663
G1 X125.00 Y31.20 F3600
G1 X130.00 Y31.20 E0.1663
G1 X125.00 Y31.60 F3600
G1 X130.00 Y31.60 E0.1663
G1 X125.00 Y32.00 F3600
G1 X130.00 Y32.00 E0.1663
G1 X125.00 Y32.40 F3600
G1 X130.00 Y32.40 E0.1663
G1 X125.00 Y32.80 F3600
G1 X130.00 Y32.80 E0.1663
G1 X125.00 Y33.20 F3600
G1 X130.00 Y33.20 E0.1663
G1 X125.00 Y33.60 F3600
G1 X130.00 Y33.60 E0.1663
G1 X125.00 Y34.00 F3600
G1 X130.00 Y34.00 E0.1663
G1 X125.00 Y34.40 F3600
G1 X130.00 Y34.40 E0.1663
G1 E-1 F2700
G1 X130.00 Y30.00 F7200
G1 E1 F2700
G1 X135.00 Y30.00 E0.6652 F3600
G1 X135.00 Y35.00 E0.6652
G1 X130.00 Y35.00 E0.6652
G1 X130.00 Y30.00 E0.6652
G1 X130.00 Y30.40 F3600
G1 X135.00 Y30.40 E0.1663
G1 X130.00 Y30.80 F3600
G1 X135.00 Y30.80 E0.1663
G1 X130.00 Y31.20 F3600
G1 X135.00 Y31.20 E0.1663
G1 X130.00 Y31.60 F3600
G1 X135.00 Y31.60 E0.1663
G1 X130.00 Y32.00 F3600
G1 X135.00 Y32.00 E0.1663
G1 X130.00 Y32.40 F3600
G1 X135.00 Y32.40 E0.1663
G1 X130.00 Y32.80 F3600
G1 X135.00 Y32.80 E0.1663
G1 X130.00 Y33.20 F3600
G1 X135.00 Y33.20 E0.1663
G1 X130.00 Y33.60 F3600
G1 X135.00 Y33.60 E0.1663
G1 X130.00 Y34.00 F3600
G1 X135.00 Y34.00 E0.1663
G1 X130.00 Y34.40 F3600
G1 X135.00 Y34.40 E0.1663
G1 E-1 F2700
G1 X135.00 Y30.00 F7200
G1 E1 F2700
G1 X140.00 Y30.00 E0.6652 F3600
G1 X140.00 Y35.00 E0.6652
G1 X135.00 Y35.00 E0.6652
G1 X135.00 Y30.00 E0.6652
G1 X135.00 Y30.40 F3600
G1 X140.00 Y30.40 E0.1663
G1 X135.00 Y30.80 F3600
G1 X140.00 Y30.80 E0.1663
G1 X135.00 Y31.20 F3600
G1 X140.00 Y31.20 E0.1663
G1 X135.00 Y31.60 F3600
G1 X140.00 Y31.60 E0.1663
G1 X135.00 Y32.00 F3600
G1 X140.00 Y32.00 E0.1663
G1 X135.00 Y32.40 F3600
G1 X140.00 Y32.40 E0.1663
G1 X135.00 Y32.80 F3600
G1 X140.00 Y32.80 E0.1663
G1 X135.00 Y33.20 F3600
G1 X140.00 Y33.20 E0.1663
G1 X135.00 Y33.60 F3600
G1 X140.00 Y33.60 E0.1663
G1 X135.00 Y34.00 F3600
G1 X140.00 Y34.00 E0.1663
G1 X135.00 Y34.40 F3600
G1 X140.00 Y34.40 E0.1663
G1 E-1 F2700
G1 X140.00 Y30.00 F7200
G1 E1 F2700
G1 X145.00 Y30.00 E0.6652 F3600
G1 X145.00 Y35.00 E0.6652
G1 X140.00 Y35.00 E0.6652
G1 X140.00 Y30.00 E0.6652
G1 X140.00 Y30.40 F3600
G1 X145.00 Y30.40 E0.1663
G1 X140.00 Y30.80 F3600
G1 X145.00 Y30.80 E0.1663
G1 X140.00 Y31.20 F3600
G1 X145.00 Y31.20 E0.1663
G1 X140.00 Y31.60 F3600
G1 X145.00 Y31.60 E0.1663
G1 X140.00 Y32.00 F3600
G1 X145.00 Y32.00 E0.1663
G1 X140.00 Y32.40 F3600
G1 X145.00 Y32.40 E0.1663
G1 X140.00 Y32.80 F3600
G1 X145.00 Y32.80 E0.1663
G1 X140.00 Y33.20 F3600
G1 X145.00 Y33.20 E0.1663
G1 X140.00 Y33.60 F3600
G1 X145.00 Y33.60 E0.1663
G1 X140.00 Y34.00 F3600
G1 X145.00 Y34.00 E0.1663
G1 X140.00 Y34.40 F3600
G1 X145.00 Y34.40 E0.1663
G1 E-1 F2700
G1 X155.00 Y60.00 F7200
G1 E1 F2700
G1 X160.00 Y60.00 E0.6652 F3600
G1 X160.00 Y65.00 E0.6652
G1 X155.00 Y65.00 E0.6652
G1 X155.00 Y60.00 E0.6652
G1 X155.00 Y60.40 F3600
G1 X160.00 Y60.40 E0.1663
G1 X155.00 Y60.80 F3600
G1 X160.00 Y60.80 E0.1663
G1 X155.00 Y61.20 F3600
G1 X160.00 Y61.20 E0.1663
G1 X155.00 Y61.60 F3600
G1 X160.00 Y61.60 E0.1663
G1 X155.00 Y62.00 F3600
G1 X160.00 Y62.00 E0.1663
G1 X155.00 Y62.40 F3600
G1 X160.00 Y62.40 E0.1663
G1 X155.00 Y62.80 F3600
G1 X160.00 Y62.80 E0.1663
G1 X155.00 Y63.20 F3600
G1 X160.00 Y63.20 E0.1663
G1 X155.00 Y63.60 F3600
G1 X160.00 Y63.60 E0.1663
G1 X155.00 Y64.00 F3600
G1 X160.00 Y64.00 E0.1663
G1 X155.00 Y64.40 F3600
G1 X160.00 Y64.40 E0.1663
G1 E-1 F2700
G1 X160.00 Y60.00 F7200
G1 E1 F2700
G1 X165.00 Y60.00 E0.6652 F3600
G1 X165.00 Y65.00 E0.6652
G1 X160.00 Y65.00 E0.6652
G1 X160.00 Y60.00 E0.6652
G1 X160.00 Y60.40 F3600
G1 X165.00 Y60.40 E0.1663
G1 X160.00 Y60.80 F3600
G1 X165.00 Y60.80 E0.1663
G1 X160.00 Y61.20 F3600
G1 X165.00 Y61.20 E0.1663
G1 X160.00 Y61.60 F3600
G1 X165.00 Y61.60 E0.1663
G1 X160.00 Y62.00 F3600
G1 X165.00 Y62.00 E0.1663
G1 X160.00 Y62.40 F3600
G1 X165.00 Y62.40 E0.1663
G1 X160.00 Y62.80 F3600
G1 X165.00 Y62.80 E0.1663
G1 X160.00 Y63.20 F3600
G1 X165.00 Y63.20 E0.1663
G1 X160.00 Y63.60 F3600
G1 X165.00 Y63.60 E0.1663
G1 X160.00 Y64.00 F3600
G1 X165.00 Y64.00 E0.1663
G1 X160.00 Y64.40 F3600
G1 X165.00 Y64.40 E0.1663
G1 E-1 F2700
G1 X165.00 Y60.00 F7200
G1 E1 F2700
G1 X170.00 Y60.00 E0.6652 F3600
G1 X170.00 Y65.00 E0.6652
G1 X165.00 Y65.00 E0.6652
G1 X165.00 Y60.00 E0.6652
G1 X165.00 Y60.40 F3600
G1 X170.00 Y60.40 E0.1663
G1 X165.00 Y60.80 F3600
G1 X170.00 Y60.80 E0.1663
G1 X165.00 Y61.20 F3600
G1 X170.00 Y61.20 E0.1663
G1 X165.00 Y61.60 F3600
G1 X170.00 Y61.60 E0.1663
G1 X165.00 Y62.00 F3600
G1 X170.00 Y62.00 E0.1663
G1 X165.00 Y62.40 F3600
G1 X170.00 Y62.40 E0.1663
G1 X165.00 Y62.80 F3600
G1 X170.00 Y62.80 E0.1663
G1 X165.00 Y63.20 F3600
G1 X170.00 Y63.20 E0.1663
G1 X165.00 Y63.60 F3600
G1 X170.00 Y63.60 E0.1663
G1 X165.00 Y64.00 F3600
G1 X170.00 Y64.00 E0.1663
G1 X165.00 Y64.40 F3600
G1 X170.00 Y64.40 E0.1663
G1 E-1 F2700
G1 X170.00 Y60.00 F7200
G1 E1 F2700
G1 X175.00 Y60.00 E0.6652 F3600
G1 X175.00 Y65.00 E0.6652
G1 X170.00 Y65.00 E0.6652
G1 X170.00 Y60.00 E0.6652
G1 X170.00 Y60.40 F3600
G1 X175.00 Y60.40 E0.1663
G1 X170.00 Y60.80 F3600
G1 X175.00 Y60.80 E0.1663
G1 X170.00 Y61.20 F3600
G1 X175.00 Y61.20 E0.1663
G1 X170.00 Y61.60 F3600
G1 X175.00 Y61.60 E0.1663
G1 X170.00 Y62.00 F3600
G1 X175.00 Y62.00 E0.1663
G1 X170.00 Y62.40 F3600
G1 X175.00 Y62.40 E0.1663
G1 X170.00 Y62.80 F3600
G1 X175.00 Y62.80 E0.1663
G1 X170.00 Y63.20 F3600
G1 X175.00 Y63.20 E0.1663
G1 X170.00 Y63.60 F3600
G1 X175.00 Y63.60 E0.1663
G1 X170.00 Y64.00 F3600
G1 X175.00 Y64.00 E0.1663
G1 X170.00 Y64.40 F3600
G1 X175.00 Y64.40 E0.1663
G1 E-1 F2700
G1 X175.00 Y60.00 F7200
G1 E1 F2700
G1 X180.00 Y60.00 E0.6652 F3600
G1 X180.00 Y65.00 E0.6652
G1 X175.00 Y65.00 E0.6652
G1 X175.00 Y60.00 E0.6652
G1 X175.00 Y60.40 F3600
G1 X180.00 Y60.40 E0.1663
G1 X175.00 Y60.80 F3600
G1 X180.00 Y60.80 E0.1663
G1 X175.00 Y61.20 F3600
G1 X180.00 Y61.20 E0.1663
G1 X175.00 Y61.60 F3600
G1 X180.00 Y61.60 E0.1663
G1 X175.00 Y62.00 F3600
G1 X180.00 Y62.00 E0.1663
G1 X175.00 Y62.40 F3600
G1 X180.00 Y62.40 E0.1663
G1 X175.00 Y62.80 F3600
G1 X180.00 Y62.80 E0.1663
G1 X175.00 Y63.20 F3600
G1 X180.00 Y63.20 E0.1663
G1 X175.00 Y63.60 F3600
G1 X180.00 Y63.60 E0.1663
G1 X175.00 Y64.00 F3600
G1 X180.00 Y64.00 E0.1663
G1 X175.00 Y64.40 F3600
G1 X180.00 Y64.40 E0.1663
G1 E-1 F2700
G1 X150.00 Y55.00 F7200
G1 E1 F2700
G1 X155.00 Y55.00 E0.6652 F3600
G1 X155.00 Y60.00 E0.6652
G1 X150.00 Y60.00 E0.6652
G1 X150.00 Y55.00 E0.6652
G1 X150.00 Y55.40 F3600
G1 X155.00 Y55.40 E0.1663
G1 X150.00 Y55.80 F3600
G1 X155.00 Y55.80 E0.1663
G1 X150.00 Y56.20 F3600
G1 X155.00 Y56.20 E0.1663
G1 X150.00 Y56.60 F3600
G1 X155.00 Y56.60 E0.1663
G1 X150.00 Y57.00 F3600
G1 X155.00 Y57.00 E0.1663
G1 X150.00 Y57.40 F3600
G1 X155.00 Y57.40 E0.1663
G1 X150.00 Y57.80 F3600
G1 X155.00 Y57.80 E0.1663
G1 X150.00 Y58.20 F3600
G1 X155.00 Y58.20 E0.1663
G1 X150.00 Y58.60 F3600
G1 X155.00 Y58.60 E0.1663
G1 X150.00 Y59.00 F3600
G1 X155.00 Y59.00 E0.1663
G1 X150.00 Y59.40 F3600
G1 X155.00 Y59.40 E0.1663
G1 E-1 F2700
G1 X180.00 Y55.00 F7200
G1 E1 F2700
G1 X185.00 Y55.00 E0.6652 F3600
G1 X185.00 Y60.00 E0.6652
G1 X180.00 Y60.00 E0.6652
G1 X180.00 Y55.00 E0.6652
G1 X180.00 Y55.40 F3600
G1 X185.00 Y55.40 E0.1663
G1 X180.00 Y55.80 F3600
G1 X185.00 Y55.80 E0.1663
G1 X180.00 Y56.20 F3600
G1 X185.00 Y56.20 E0.1663
G1 X180.00 Y56.60 F3600
G1 X185.00 Y56.60 E0.1663
G1 X180.00 Y57.00 F3600
G1 X185.00 Y57.00 E0.1663
G1 X180.00 Y57.40 F3600
G1 X185.00 Y57.40 E0.1663
G1 X180.00 Y57.80 F3600
G1 X185.00 Y57.80 E0.1663
G1 X180.00 Y58.20 F3600
G1 X185.00 Y58.20 E0.1663
G1 X180.00 Y58.60 F3600
G1 X185.00 Y58.60 E0.1663
G1 X180.00 Y59.00 F3600
G1 X185.00 Y59.00 E0.1663
G1 X180.00 Y59.40 F3600
G1 X185.00 Y59.40 E0.1663
G1 E-1 F2700
G1 X150.00 Y50.00 F7200
G1 E1 F2700
G1 X155.00 Y50.00 E0.6652 F3600
G1 X155.00 Y55.00 E0.6652
G1 X150.00 Y55.00 E0.6652
G1 X150.00 Y50.00 E0.6652
G1 X150.00 Y50.40 F3600
G1 X155.00 Y50.40 E0.1663
G1 X150.00 Y50.80 F3600
G1 X155.00 Y50.80 E0.1663
G1 X150.00 Y51.20 F3600
G1 X155.00 Y51.20 E0.1663
G1 X150.00 Y51.60 F3600
G1 X155.00 Y51.60 E0.1663
G1 X150.00 Y52.00 F3600
G1 X155.00 Y52.00 E0.1663
G1 X150.00 Y52.40 F3600
G1 X155.00 Y52.40 E0.1663
G1 X150.00 Y52.80 F3600
G1 X155.00 Y52.80 E0.1663
G1 X150.00 Y53.20 F3600
G1 X155.00 Y53.20 E0.1663
G1 X150.00 Y53.60 F3600
G1 X155.00 Y53.60 E0.1663
G1 X150.00 Y54.00 F3600
G1 X155.00 Y54.00 E0.1663
G1 X150.00 Y54.40 F3600
G1 X155.00 Y54.40 E0.1663
G1 E-1 F2700
G1 X170.00 Y50.00 F7200
G1 E1 F2700
G1 X175.00 Y50.00 E0.6652 F3600
G1 X175.00 Y55.00 E0.6652
G1 X170.00 Y55.00 E0.6652
G1 X170.00 Y50.00 E0.6652
G1 X170.00 Y50.40 F3600
G1 X175.00 Y50.40 E0.1663
G1 X170.00 Y50.80 F3600
G1 X175.00 Y50.80 E0.1663
G1 X170.00 Y51.20 F3600
G1 X175.00 Y51.20 E0.1663
G1 X170.00 Y51.60 F3600
G1 X175.00 Y51.60 E0.1663
G1 X170.00 Y52.00 F3600
G1 X175.00 Y52.00 E0.1663
G1 X170.00 Y52.40 F3600
G1 X175.00 Y52.40 E0.1663
G1 X170.00 Y52.80 F3600
G1 X175.00 Y52.80 E0.1663
G1 X170.00 Y53.20 F3600
G1 X175.00 Y53.20 E0.1663
G1 X170.00 Y53.60 F3600
G1 X175.00 Y53.60 E0.1663
G1 X170.00 Y54.00 F3600
G1 X175.00 Y54.00 E0.1663
G1 X170.00 Y54.40 F3600
G1 X175.00 Y54.40 E0.1663
G1 E-1 F2700
G1 X180.00 Y50.00 F7200
G1 E1 F2700
G1 X185.00 Y50.00 E0.6652 F3600
G1 X185.00 Y55.00 E0.6652
G1 X180.00 Y55.00 E0.6652
G1 X180.00 Y50.00 E0.6652
G1 X180.00 Y50.40 F3600
G1 X185.00 Y50.40 E0.1663
G1 X180.00 Y50.80 F3600
G1 X185.00 Y50.80 E0.1663
G1 X180.00 Y51.20 F3600
G1 X185.00 Y51.20 E0.1663
G1 X180.00 Y51.60 F3600
G1 X185.00 Y51.60 E0.1663
G1 X180.00 Y52.00 F3600
G1 X185.00 Y52.00 E0.1663
G1 X180.00 Y52.40 F3600
G1 X185.00 Y52.40 E0.1663
G1 X180.00 Y52.80 F3600
G1 X185.00 Y52.80 E0.1663
G1 X180.00 Y53.20 F3600
G1 X185.00 Y53.20 E0.1663
G1 X180.00 Y53.60 F3600
G1 X185.00 Y53.60 E0.1663
G1 X180.00 Y54.00 F3600
G1 X185.00 Y54.00 E0.1663
G1 X180.00 Y54.40 F3600
G1 X185.00 Y54.40 E0.1663
G1 E-1 F2700
G1 X150.00 Y45.00 F7200
G1 E1 F2700
G1 X155.00 Y45.00 E0.6652 F3600
G1 X155.00 Y50.00 E0.6652
G1 X150.00 Y50.00 E0.6652
G1 X150.00 Y45.00 E0.6652
G1 X150.00 Y45.40 F3600
G1 X155.00 Y45.40 E0.1663
G1 X150.00 Y45.80 F3600
G1 X155.00 Y45.80 E0.1663
G1 X150.00 Y46.20 F3600
G1 X155.00 Y46.20 E0.1663
G1 X150.00 Y46.60 F3600
G1 X155.00 Y46.60 E0.1663
G1 X150.00 Y47.00 F3600
G1 X155.00 Y47.00 E0.1663
G1 X150.00 Y47.40 F3600
G1 X155.00 Y47.40 E0.1663
G1 X150.00 Y47.80 F3600
G1 X155.00 Y47.80 E0.1663
G1 X150.00 Y48.20 F3600
G1 X155.00 Y48.20 E0.1663
G1 X150.00 Y48.60 F3600
G1 X155.00 Y48.60 E0.1663
G1 X150.00 Y49.00 F3600
G1 X155.00 Y49.00 E0.1663
G1 X150.00 Y49.40 F3600
G1 X155.00 Y49.40 E0.1663
G1 E-1 F2700
G1 X165.00 Y45.00 F7200
G1 E1 F2700
G1 X170.00 Y45.00 E0.6652 F3600
G1 X170.00 Y50.00 E0.6652
G1 X165.00 Y50.00 E0.6652
G1 X165.00 Y45.00 E0.6652
G1 X165.00 Y45.40 F3600
G1 X170.00 Y45.40 E0.1663
G1 X165.00 Y45.80 F3600
G1 X170.00 Y45.80 E0.1663
G1 X165.00 Y46.20 F3600
G1 X170.00 Y46.20 E0.1663
G1 X165.00 Y46.60 F3600
G1 X170.00 Y46.60 E0.1663
G1 X165.00 Y47.00 F3600
G1 X170.00 Y47.00 E0.1663
G1 X165.00 Y47.40 F3600
G1 X170.00 Y47.40 E0.1663
G1 X165.00 Y47.80 F3600
G1 X170.00 Y47.80 E0.1663
G1 X165.00 Y48.20 F3600
G1 X170.00 Y48.20 E0.1663
G1 X165.00 Y48.60 F3600
G1 X170.00 Y48.60 E0.1663
G1 X165.00 Y49.00 F3600
G1 X170.00 Y49.00 E0.1663
G1 X165.00 Y49.40 F3600
G1 X170.00 Y49.40 E0.1663
G1 E-1 F2700
G1 X180.00 Y45.00 F7200
G1 E1 F2700
G1 X185.00 Y45.00 E0.6652 F3600
G1 X185.00 Y50.00 E0.6652
G1 X180.00 Y50.00 E0.6652
G1 X180.00 Y45.00 E0.6652
G1 X180.00 Y45.40 F3600
G1 X185.00 Y45.40 E0.1663
G1 X180.00 Y45.80 F3600
G1 X185.00 Y45.80 E0.1663
G1 X180.00 Y46.20 F3600
G1 X185.00 Y46.20 E0.1663
G1 X180.00 Y46.60 F3600
G1 X185.00 Y46.60 E0.1663
G1 X180.00 Y47.00 F3600
G1 X185.00 Y47.00 E0.1663
G1 X180.00 Y47.40 F3600
G1 X185.00 Y47.40 E0.1663
G1 X180.00 Y47.80 F3600
G1 X185.00 Y47.80 E0.1663
G1 X180.00 Y48.20 F3600
G1 X185.00 Y48.20 E0.1663
G1 X180.00 Y48.60 F3600
G1 X185.00 Y48.60 E0.1663
G1 X180.00 Y49.00 F3600
G1 X185.00 Y49.00 E0.1663
G1 X180.00 Y49.40 F3600
G1 X185.00 Y49.40 E0.1663
G1 E-1 F2700
G1 X150.00 Y40.00 F7200
G1 E1 F2700
G1 X155.00 Y40.00 E0.6652 F3600
G1 X155.00 Y45.00 E0.6652
G1 X150.00 Y45.00 E0.6652
G1 X150.00 Y40.00 E0.6652
G1 X150.00 Y40.40 F3600
G1 X155.00 Y40.40 E0.1663
G1 X150.00 Y40.80 F3600
G1 X155.00 Y40.80 E0.1663
G1 X150.00 Y41.20 F3600
G1 X155.00 Y41.20 E0.1663
G1 X150.00 Y41.60 F3600
G1 X155.00 Y41.60 E0.1663
G1 X150.00 Y42.00 F3600
G1 X155.00 Y42.00 E0.1663
G1 X150.00 Y42.40 F3600
G1 X155.00 Y42.40 E0.1663
G1 X150.00 Y42.80 F3600
G1 X155.00 Y42.80 E0.1663
G1 X150.00 Y43.20 F3600
G1 X155.00 Y43.20 E0.1663
G1 X150.00 Y43.60 F3600
G1 X155.00 Y43.60 E0.1663
G1 X150.00 Y44.00 F3600
G1 X155.00 Y44.00 E0.1663
G1 X150.00 Y44.40 F3600
G1 X155.00 Y44.40 E0.1663
G1 E-1 F2700
G1 X160.00 Y40.00 F7200
G1 E1 F2700
G1 X165.00 Y40.00 E0.6652 F3600
G1 X165.00 Y45.00 E0.6652
G1 X160.00 Y45.00 E0.6652
G1 X160.00 Y40.00 E0.6652
G1 X160.00 Y40.40 F3600
G1 X165.00 Y40.40 E0.1663
G1 X160.00 Y40.80 F3600
G1 X165.00 Y40.80 E0.1663
G1 X160.00 Y41.20 F3600
G1 X165.00 Y41.20 E0.1663
G1 X160.00 Y41.60 F3600
G1 X165.00 Y41.60 E0.1663
G1 X160.00 Y42.00 F3600
G1 X165.00 Y42.00 E0.1663
G1 X160.00 Y42.40 F3600
G1 X165.00 Y42.40 E0.1663
G1 X160.00 Y42.80 F3600
G1 X165.00 Y42.80 E0.1663
G1 X160.00 Y43.20 F3600
G1 X165.00 Y43.20 E0.1663
G1 X160.00 Y43.60 F3600
G1 X165.00 Y43.60 E0.1663
G1 X160.00 Y44.00 F3600
G1 X165.00 Y44.00 E0.1663
G1 X160.00 Y44.40 F3600
G1 X165.00 Y44.40 E0.1663
G1 E-1 F2700
G1 X180.00 Y40.00 F7200
G1 E1 F2700
G1 X185.00 Y40.00 E0.6652 F3600
G1 X185.00 Y45.00 E0.6652
G1 X180.00 Y45.00 E0.6652
G1 X180.00 Y40.00 E0.6652
G1 X180.00 Y40.40 F3600
G1 X185.00 Y40.40 E0.1663
G1 X180.00 Y40.80 F3600
G1 X185.00 Y40.80 E0.1663
G1 X180.00 Y41.20 F3600
G1 X185.00 Y41.20 E0.1663
G1 X180.00 Y41.60 F3600
G1 X185.00 Y41.60 E0.1663
G1 X180.00 Y42.00 F3600
G1 X185.00 Y42.00 E0.1663
G1 X180.00 Y42.40 F3600
G1 X185.00 Y42.40 E0.1663
G1 X180.00 Y42.80 F3600
G1 X185.00 Y42.80 E0.1663
G1 X180.00 Y43.20 F3600
G1 X185.00 Y43.20 E0.1663
G1 X180.00 Y43.60 F3600
G1 X185.00 Y43.60 E0.1663
G1 X180.00 Y44.00 F3600
G1 X185.00 Y44.00 E0.1663
G1 X180.00 Y44.40 F3600
G1 X185.00 Y44.40 E0.1663
G1 E-1 F2700
G1 X150.00 Y35.00 F7200
G1 E1 F2700
G1 X155.00 Y35.00 E0.6652 F3600
G1 X155.00 Y40.00 E0.6652
G1 X150.00 Y40.00 E0.6652
G1 X150.00 Y35.00 E0.6652
G1 X150.00 Y35.40 F3600
G1 X155.00 Y35.40 E0.1663
G1 X150.00 Y35.80 F3600
G1 X155.00 Y35.80 E0.1663
G1 X150.00 Y36.20 F3600
G1 X155.00 Y36.20 E0.1663
G1 X150.00 Y36.60 F3600
G1 X155.00 Y36.60 E0.1663
G1 X150.00 Y37.00 F3600
G1 X155.00 Y37.00 E0.1663
G1 X150.00 Y37.40 F3600
G1 X155.00 Y37.40 E0.1663
G1 X150.00 Y37.80 F3600
G1 X155.00 Y37.80 E0.1663
G1 X150.00 Y38.20 F3600
G1 X155.00 Y38.20 E0.1663
G1 X150.00 Y38.60 F3600
G1 X155.00 Y38.60 E0.1663
G1 X150.00 Y39.00 F3600
G1 X155.00 Y39.00 E0.1663
G1 X150.00 Y39.40 F3600
G1 X155.00 Y39.40 E0.1663
G1 E-1 F2700
G1 X180.00 Y35.00 F7200
G1 E1 F2700
G1 X185.00 Y35.00 E0.6652 F3600
G1 X185.00 Y40.00 E0.6652
G1 X180.00 Y40.00 E0.6652
G1 X180.00 Y35.00 E0.6652
G1 X180.00 Y35.40 F3600
G1 X185.00 Y35.40 E0.1663
G1 X180.00 Y35.80 F3600
G1 X185.00 Y35.80 E0.1663
G1 X180.00 Y36.20 F3600
G1 X185.00 Y36.20 E0.1663
G1 X180.00 Y36.60 F3600
G1 X185.00 Y36.60 E0.1663
G1 X180.00 Y37.00 F3600
G1 X185.00 Y37.00 E0.1663
G1 X180.00 Y37.40 F3600
G1 X185.00 Y37.40 E0.1663
G1 X180.00 Y37.80 F3600
G1 X185.00 Y37.80 E0.1663
G1 X180.00 Y38.20 F3600
G1 X185.00 Y38.20 E0.1663
G1 X180.00 Y38.60 F3600
G1 X185.00 Y38.60 E0.1663
G1 X180.00 Y39.00 F3600
G1 X185.00 Y39.00 E0.1663
G1 X180.00 Y39.40 F3600
G1 X185.00 Y39.40 E0.1663
G1 E-1 F2700
G1 X155.00 Y30.00 F7200
G1 E1 F2700
G1 X160.00 Y30.00 E0.6652 F3600
G1 X160.00 Y35.00 E0.6652
G1 X155.00 Y35.00 E0.6652
G1 X155.00 Y30.00 E0.6652
G1 X155.00 Y30.40 F3600
G1 X160.00 Y30.40 E0.1663
G1 X155.00 Y30.80 F3600
G1 X160.00 Y30.80 E0.1663
G1 X155.00 Y31.20 F3600
G1 X160.00 Y31.20 E0.1663
G1 X155.00 Y31.60 F3600
G1 X160.00 Y31.60 E0.1663
G1 X155.00 Y32.00 F3600
G1 X160.00 Y32.00 E0.1663
G1 X155.00 Y32.40 F3600
G1 X160.00 Y32.40 E0.1663
G1 X155.00 Y32.80 F3600
G1 X160.00 Y32.80 E0.1663
G1 X155.00 Y33.20 F3600
G1 X160.00 Y33.20 E0.1663
G1 X155.00 Y33.60 F3600
G1 X160.00 Y33.60 E0.1663
G1 X155.00 Y34.00 F3600
G1 X160.00 Y34.00 E0.1663
G1 X155.00 Y34.40 F3600
G1 X160.00 Y34.40 E0.1663
G1 E-1 F2700
G1 X160.00 Y30.00 F7200
G1 E1 F2700
G1 X165.00 Y30.00 E0.6652 F3600
G1 X165.00 Y35.00 E0.6652
G1 X160.00 Y35.00 E0.6652
G1 X160.00 Y30.00 E0.6652
G1 X160.00 Y30.40 F3600
G1 X165.00 Y30.40 E0.1663
G1 X160.00 Y30.80 F3600
G1 X165.00 Y30.80 E0.1663
G1 X160.00 Y31.20 F3600
G1 X165.00 Y31.20 E0.1663
G1 X160.00 Y31.60 F3600
G1 X165.00 Y31.60 E0.1663
G1 X160.00 Y32.00 F3600
G1 X165.00 Y32.00 E0.1663
G1 X160.00 Y32.40 F3600
G1 X165.00 Y32.40 E0.1663
G1 X160.00 Y32.80 F3600
G1 X165.00 Y32.80 E0.1663
G1 X160.00 Y33.20 F3600
G1 X165.00 Y33.20 E0.1663
G1 X160.00 Y33.60 F3600
G1 X165.00 Y33.60 E0.1663
G1 X160.00 Y34.00 F3600
G1 X165.00 Y34.00 E0.1663
G1 X160.00 Y34.40 F3600
G1 X165.00 Y34.40 E0.1663
G1 E-1 F2700
G1 X165.00 Y30.00 F7200
G1 E1 F2700
G1 X170.00 Y30.00 E0.6652 F3600
G1 X170.00 Y35.00 E0.6652
G1 X165.00 Y35.00 E0.6652
G1 X165.00 Y30.00 E0.6652
G1 X165.00 Y30.40 F3600
G1 X170.00 Y30.40 E0.1663
G1 X165.00 Y30.80 F3600
G1 X170.00 Y30.80 E0.1663
G1 X165.00 Y31.20 F3600
G1 X170.00 Y31.20 E0.1663
G1 X165.00 Y31.60 F3600
G1 X170.00 Y31.60 E0.1663
G1 X165.00 Y32.00 F3600
G1 X170.00 Y32.00 E0.1663
G1 X165.00 Y32.40 F3600
G1 X170.00 Y32.40 E0.1663
G1 X165.00 Y32.80 F3600
G1 X170.00 Y32.80 E0.1663
G1 X165.00 Y33.20 F3600
G1 X170.00 Y33.20 E0.1663
G1 X165.00 Y33.60 F3600
G1 X170.00 Y33.60 E0.1663
G1 X165.00 Y34.00 F3600
G1 X170.00 Y34.00 E0.1663
G1 X165.00 Y34.40 F3600
G1 X170.00 Y34.40 E0.1663
G1 E-1 F2700
G1 X170.00 Y30.00 F7200
G1 E1 F2700
G1 X175.00 Y30.00 E0.6652 F3600
G1 X175.00 Y35.00 E0.6652
G1 X170.00 Y35.00 E0.6652
G1 X170.00 Y30.00 E0.6652
G1 X170.00 Y30.40 F3600
G1 X175.00 Y30.40 E0.1663
G1 X170.00 Y30.80 F3600
G1 X175.00 Y30.80 E0.1663
G1 X170.00 Y31.20 F3600
G1 X175.00 Y31.20 E0.1663
G1 X170.00 Y31.60 F3600
G1 X175.00 Y31.60 E0.1663
G1 X170.00 Y32.00 F3600
G1 X175.00 Y32.00 E0.1663
G1 X170.00 Y32.40 F3600
G1 X175.00 Y32.40 E0.1663
G1 X170.00 Y32.80 F3600
G1 X175.00 Y32.80 E0.1663
G1 X170.00 Y33.20 F3600
G1 X175.00 Y33.20 E0.1663
G1 X170.00 Y33.60 F3600
G1 X175.00 Y33.60 E0.1663
G1 X170.00 Y34.00 F3600
G1 X175.00 Y34.00 E0.1663
G1 X170.00 Y34.40 F3600
G1 X175.00 Y34.40 E0.1663
G1 E-1 F2700
G1 X175.00 Y30.00 F7200
G1 E1 F2700
G1 X180.00 Y30.00 E0.6652 F3600
G1 X180.00 Y35.00 E0.6652
G1 X175.00 Y35.00 E0.6652
G1 X175.00 Y30.00 E0.6652
G1 X175.00 Y30.40 F3600
G1 X180.00 Y30.40 E0.1663
G1 X175.00 Y30.80 F3600
G1 X180.00 Y30.80 E0.1663
G1 X175.00 Y31.20 F3600
G1 X180.00 Y31.20 E0.1663
G1 X175.00 Y31.60 F3600
G1 X180.00 Y31.60 E0.1663
G1 X175.00 Y32.00 F3600
G1 X180.00 Y32.00 E0.1663
G1 X175.00 Y32.40 F3600
G1 X180.00 Y32.40 E0.1663
G1 X175.00 Y32.80 F3600
G1 X180.00 Y32.80 E0.1663
G1 X175.00 Y33.20 F3600
G1 X180.00 Y33.20 E0.1663
G1 X175.00 Y33.60 F3600
G1 X180.00 Y33.60 E0.1663
G1 X175.00 Y34.00 F3600
G1 X180.00 Y34.00 E0.1663
G1 X175.00 Y34.40 F3600
G1 X180.00 Y34.40 E0.1663
G1 E-1 F2700
G1 X195.00 Y60.00 F7200
G1 E1 F2700
G1 X200.00 Y60.00 E0.6652 F3600
G1 X200.00 Y65.00 E0.6652
G1 X195.00 Y65.00 E0.6652
G1 X195.00 Y60.00 E0.6652
G1 X195.00 Y60.40 F3600
G1 X200.00 Y60.40 E0.1663
G1 X195.00 Y60.80 F3600
G1 X200.00 Y60.80 E0.1663
G1 X195.00 Y61.20 F3600
G1 X200.00 Y61.20 E0.1663
G1 X195.00 Y61.60 F3600
G1 X200.00 Y61.60 E0.1663
G1 X195.00 Y62.00 F3600
G1 X200.00 Y62.00 E0.1663
G1 X195.00 Y62.40 F3600
G1 X200.00 Y62.40 E0.1663
G1 X195.00 Y62.80 F3600
G1 X200.00 Y62.80 E0.1663
G1 X195.00 Y63.20 F3600
G1 X200.00 Y63.20 E0.1663
G1 X195.00 Y63.60 F3600
G1 X200.00 Y63.60 E0.1663
G1 X195.00 Y64.00 F3600
G1 X200.00 Y64.00 E0.1663
G1 X195.00 Y64.40 F3600
G1 X200.00 Y64.40 E0.1663
G1 E-1 F2700
G1 X200.00 Y60.00 F7200
G1 E1 F2700
G1 X205.00 Y60.00 E0.6652 F3600
G1 X205.00 Y65.00 E0.6652
G1 X200.00 Y65.00 E0.6652
G1 X200.00 Y60.00 E0.6652
G1 X200.00 Y60.40 F3600
G1 X205.00 Y60.40 E0.1663
G1 X200.00 Y60.80 F3600
G1 X205.00 Y60.80 E0.1663
G1 X200.00 Y61.20 F3600
G1 X205.00 Y61.20 E0.1663
G1 X200.00 Y61.60 F3600
G1 X205.00 Y61.60 E0.1663
G1 X200.00 Y62.00 F3600
G1 X205.00 Y62.00 E0.1663
G1 X200.00 Y62.40 F3600
G1 X205.00 Y62.40 E0.1663
G1 X200.00 Y62.80 F3600
G1 X205.00 Y62.80 E0.1663
G1 X200.00 Y63.20 F3600
G1 X205.00 Y63.20 E0.1663
G1 X200.00 Y63.60 F3600
G1 X205.00 Y63.60 E0.1663
G1 X200.00 Y64.00 F3600
G1 X205.00 Y64.00 E0.1663
G1 X200.00 Y64.40 F3600
G1 X205.00 Y64.40 E0.1663
G1 E-1 F2700
G1 X205.00 Y60.00 F7200
G1 E1 F2700
G1 X210.00 Y60.00 E0.6652 F3600
G1 X210.00 Y65.00 E0.6652
G1 X205.00 Y65.00 E0.6652
G1 X205.00 Y60.00 E0.6652
G1 X205.00 Y60.40 F3600
G1 X210.00 Y60.40 E0.1663
G1 X205.00 Y60.80 F3600
G1 X210.00 Y60.80 E0.1663
G1 X205.00 Y61.20 F3600
G1 X210.00 Y61.20 E0.1663
G1 X205.00 Y61.60 F3600
G1 X210.00 Y61.60 E0.1663
G1 X205.00 Y62.00 F3600
G1 X210.00 Y62.00 E0.1663
G1 X205.00 Y62.40 F3600
G1 X210.00 Y62.40 E0.1663
G1 X205.00 Y62.80 F3600
G1 X210.00 Y62.80 E0.1663
G1 X205.00 Y63.20 F3600
G1 X210.00 Y63.20 E0.1663
G1 X205.00 Y63.60 F3600
G1 X210.00 Y63.60 E0.1663
G1 X205.00 Y64.00 F3600
G1 X210.00 Y64.00 E0.1663
G1 X205.00 Y64.40 F3600
G1 X210.00 Y64.40 E0.1663
G1 E-1 F2700
G1 X210.00 Y60.00 F7200
G1 E1 F2700
G1 X215.00 Y60.00 E0.6652 F3600
G1 X215.00 Y65.00 E0.6652
G1 X210.00 Y65.00 E0.6652
G1 X210.00 Y60.00 E0.6652
G1 X210.00 Y60.40 F3600
G1 X215.00 Y60.40 E0.1663
G1 X210.00 Y60.80 F3600
G1 X215.00 Y60.80 E0.1663
G1 X210.00 Y61.20 F3600
G1 X215.00 Y61.20 E0.1663
G1 X210.00 Y61.60 F3600
G1 X215.00 Y61.60 E0.1663
G1 X210.00 Y62.00 F3600
G1 X215.00 Y62.00 E0.1663
G1 X210.00 Y62.40 F3600
G1 X215.00 Y62.40 E0.1663
G1 X210.00 Y62.80 F3600
G1 X215.00 Y62.80 E0.1663
G1 X210.00 Y63.20 F3600
G1 X215.00 Y63.20 E0.1663
G1 X210.00 Y63.60 F3600
G1 X215.00 Y63.60 E0.1663
G1 X210.00 Y64.00 F3600
G1 X215.00 Y64.00 E0.1663
G1 X210.00 Y64.40 F3600
G1 X215.00 Y64.40 E0.1663
G1 E-1 F2700
G1 X215.00 Y60.00 F7200
G1 E1 F2700
G1 X220.00 Y60.00 E0.6652 F3600
G1 X220.00 Y65.00 E0.6652
G1 X215.00 Y65.00 E0.6652
G1 X215.00 Y60.00 E0.6652
G1 X215.00 Y60.40 F3600
G1 X220.00 Y60.40 E0.1663
G1 X215.00 Y60.80 F3600
G1 X220.00 Y60.80 E0.1663
G1 X215.00 Y61.20 F3600
G1 X220.00 Y61.20 E0.1663
G1 X215.00 Y61.60 F3600
G1 X220.00 Y61.60 E0.1663
G1 X215.00 Y62.00 F3600
G1 X220.00 Y62.00 E0.1663
G1 X215.00 Y62.40 F3600
G1 X220.00 Y62.40 E0.1663
G1 X215.00 Y62.80 F3600
G1 X220.00 Y62.80 E0.1663
G1 X215.00 Y63.20 F3600
G1 X220.00 Y63.20 E0.1663
G1 X215.00 Y63.60 F3600
G1 X220.00 Y63.60 E0.1663
G1 X215.00 Y64.00 F3600
G1 X220.00 Y64.00 E0.1663
G1 X215.00 Y64.40 F3600
G1 X220.00 Y64.40 E0.1663
G1 E-1 F2700
G1 X190.00 Y55.00 F7200
G1 E1 F2700
G1 X195.00 Y55.00 E0.6652 F3600
G1 X195.00 Y60.00 E0.6652
G1 X190.00 Y60.00 E0.6652
G1 X190.00 Y55.00 E0.6652
G1 X190.00 Y55.40 F3600
G1 X195.00 Y55.40 E0.1663
G1 X190.00 Y55.80 F3600
G1 X195.00 Y55.80 E0.1663
G1 X190.00 Y56.20 F3600
G1 X195.00 Y56.20 E0.1663
G1 X190.00 Y56.60 F3600
G1 X195.00 Y56.60 E0.1663
G1 X190.00 Y57.00 F3600
G1 X195.00 Y57.00 E0.1663
G1 X190.00 Y57.40 F3600
G1 X195.00 Y57.40 E0.1663
G1 X190.00 Y57.80 F3600
G1 X195.00 Y57.80 E0.1663
G1 X190.00 Y58.20 F3600
G1 X195.00 Y58.20 E0.1663
G1 X190.00 Y58.60 F3600
G1 X195.00 Y58.60 E0.1663
G1 X190.00 Y59.00 F3600
G1 X195.00 Y59.00 E0.1663
G1 X190.00 Y59.40 F3600
G1 X195.00 Y59.40 E0.1663
G1 E-1 F2700
G1 X220.00 Y55.00 F7200
G1 E1 F2700
G1 X225.00 Y55.00 E0.6652 F3600
G1 X225.00 Y60.00 E0.6652
G1 X220.00 Y60.00 E0.6652
G1 X220.00 Y55.00 E0.6652
G1 X220.00 Y55.40 F3600
G1 X225.00 Y55.40 E0.1663
G1 X220.00 Y55.80 F3600
G1 X225.00 Y55.80 E0.1663
G1 X220.00 Y56.20 F3600
G1 X225.00 Y56.20 E0.1663
G1 X220.00 Y56.60 F3600
G1 X225.00 Y56.60 E0.1663
G1 X220.00 Y57.00 F3600
G1 X225.00 Y57.00 E0.1663
G1 X220.00 Y57.40 F3600
G1 X225.00 Y57.40 E0.1663
G1 X220.00 Y57.80 F3600
G1 X225.00 Y57.80 E0.1663
G1 X220.00 Y58.20 F3600
G1 X225.00 Y58.20 E0.1663
G1 X220.00 Y58.60 F3600
G1 X225.00 Y58.60 E0.1663
G1 X220.00 Y59.00 F3600
G1 X225.00 Y59.00 E0.1663
G1 X220.00 Y59.40 F3600
G1 X225.00 Y59.40 E0.1663
G1 E-1 F2700
G1 X220.00 Y50.00 F7200
G1 E1 F2700
G1 X225.00 Y50.00 E0.6652 F3600
G1 X225.00 Y55.00 E0.6652
G1 X220.00 Y55.00 E0.6652
G1 X220.00 Y50.00 E0.6652
G1 X220.00 Y50.40 F3600
G1 X225.00 Y50.40 E0.1663
G1 X220.00 Y50.80 F3600
G1 X225.00 Y50.80 E0.1663
G1 X220.00 Y51.20 F3600
G1 X225.00 Y51.20 E0.1663
G1 X220.00 Y51.60 F3600
G1 X225.00 Y51.60 E0.1663
G1 X220.00 Y52.00 F3600
G1 X225.00 Y52.00 E0.1663
G1 X220.00 Y52.40 F3600
G1 X225.00 Y52.40 E0.1663
G1 X220.00 Y52.80 F3600
G1 X225.00 Y52.80 E0.1663
G1 X220.00 Y53.20 F3600
G1 X225.00 Y53.20 E0.1663
G1 X220.00 Y53.60 F3600
G1 X225.00 Y53.60 E0.1663
G1 X220.00 Y54.00 F3600
G1 X225.00 Y54.00 E0.1663
G1 X220.00 Y54.40 F3600
G1 X225.00 Y54.40 E0.1663
G1 E-1 F2700
G1 X205.00 Y45.00 F7200
G1 E1 F2700
G1 X210.00 Y45.00 E0.6652 F3600
G1 X210.00 Y50.00 E0.6652
G1 X205.00 Y50.00 E0.6652
G1 X205.00 Y45.00 E0.6652
G1 X205.00 Y45.40 F3600
G1 X210.00 Y45.40 E0.1663
G1 X205.00 Y45.80 F3600
G1 X210.00 Y45.80 E0.1663
G1 X205.00 Y46.20 F3600
G1 X210.00 Y46.20 E0.1663
G1 X205.00 Y46.60 F3600
G1 X210.00 Y46.60 E0.1663
G1 X205.00 Y47.00 F3600
G1 X210.00 Y47.00 E0.1663
G1 X205.00 Y47.40 F3600
G1 X210.00 Y47.40 E0.1663
G1 X205.00 Y47.80 F3600
G1 X210.00 Y47.80 E0.1663
G1 X205.00 Y48.20 F3600
G1 X210.00 Y48.20 E0.1663
G1 X205.00 Y48.60 F3600
G1 X210.00 Y48.60 E0.1663
G1 X205.00 Y49.00 F3600
G1 X210.00 Y49.00 E0.1663
G1 X205.00 Y49.40 F3600
G1 X210.00 Y49.40 E0.1663
G1 E-1 F2700
G1 X210.00 Y45.00 F7200
G1 E1 F2700
G1 X215.00 Y45.00 E0.6652 F3600
G1 X215.00 Y50.00 E0.6652
G1 X210.00 Y50.00 E0.6652
G1 X210.00 Y45.00 E0.6652
G1 X210.00 Y45.40 F3600
G1 X215.00 Y45.40 E0.1663
G1 X210.00 Y45.80 F3600
G1 X215.00 Y45.80 E0.1663
G1 X210.00 Y46.20 F3600
G1 X215.00 Y46.20 E0.1663
G1 X210.00 Y46.60 F3600
G1 X215.00 Y46.60 E0.1663
G1 X210.00 Y47.00 F3600
G1 X215.00 Y47.00 E0.1663
G1 X210.00 Y47.40 F3600
G1 X215.00 Y47.40 E0.1663
G1 X210.00 Y47.80 F3600
G1 X215.00 Y47.80 E0.1663
G1 X210.00 Y48.20 F3600
G1 X215.00 Y48.20 E0.1663
G1 X210.00 Y48.60 F3600
G1 X215.00 Y48.60 E0.1663
G1 X210.00 Y49.00 F3600
G1 X215.00 Y49.00 E0.1663
G1 X210.00 Y49.40 F3600
G1 X215.00 Y49.40 E0.1663
G1 E-1 F2700
G1 X215.00 Y45.00 F7200
G1 E1 F2700
G1 X220.00 Y45.00 E0.6652 F3600
G1 X220.00 Y50.00 E0.6652
G1 X215.00 Y50.00 E0.6652
G1 X215.00 Y45.00 E0.6652
G1 X215.00 Y45.40 F3600
G1 X220.00 Y45.40 E0.1663
G1 X215.00 Y45.80 F3600
G1 X220.00 Y45.80 E0.1663
G1 X215.00 Y46.20 F3600
G1 X220.00 Y46.20 E0.1663
G1 X215.00 Y46.60 F3600
G1 X220.00 Y46.60 E0.1663
G1 X215.00 Y47.00 F3600
G1 X220.00 Y47.00 E0.1663
G1 X215.00 Y47.40 F3600
G1 X220.00 Y47.40 E0.1663
G1 X215.00 Y47.80 F3600
G1 X220.00 Y47.80 E0.1663
G1 X215.00 Y48.20 F3600
G1 X220.00 Y48.20 E0.1663
G1 X215.00 Y48.60 F3600
G1 X220.00 Y48.60 E0.1663
G1 X215.00 Y49.00 F3600
G1 X220.00 Y49.00 E0.1663
G1 X215.00 Y49.40 F3600
G1 X220.00 Y49.40 E0.1663
G1 E-1 F2700
G1 X195.00 Y40.00 F7200
G1 E1 F2700
G1 X200.00 Y40.00 E0.6652 F3600
G1 X200.00 Y45.00 E0.6652
G1 X195.00 Y45.00 E0.6652
G1 X195.00 Y40.00 E0.6652
G1 X195.00 Y40.40 F3600
G1 X200.00 Y40.40 E0.1663
G1 X195.00 Y40.80 F3600
G1 X200.00 Y40.80 E0.1663
G1 X195.00 Y41.20 F3600
G1 X200.00 Y41.20 E0.1663
G1 X195.00 Y41.60 F3600
G1 X200.00 Y41.60 E0.1663
G1 X195.00 Y42.00 F3600
G1 X200.00 Y42.00 E0.1663
G1 X195.00 Y42.40 F3600
G1 X200.00 Y42.40 E0.1663
G1 X195.00 Y42.80 F3600
G1 X200.00 Y42.80 E0.1663
G1 X195.00 Y43.20 F3600
G1 X200.00 Y43.20 E0.1663
G1 X195.00 Y43.60 F3600
G1 X200.00 Y43.60 E0.1663
G1 X195.00 Y44.00 F3600
G1 X200.00 Y44.00 E0.1663
G1 X195.00 Y44.40 F3600
G1 X200.00 Y44.40 E0.1663
G1 E-1 F2700
G1 X200.00 Y40.00 F7200
G1 E1 F2700
G1 X205.00 Y40.00 E0.6652 F3600
G1 X205.00 Y45.00 E0.6652
G1 X200.00 Y45.00 E0.6652
G1 X200.00 Y40.00 E0.6652
G1 X200.00 Y40.40 F3600
G1 X205.00 Y40.40 E0.1663
G1 X200.00 Y40.80 F3600
G1 X205.00 Y40.80 E0.1663
G1 X200.00 Y41.20 F3600
G1 X205.00 Y41.20 E0.1663
G1 X200.00 Y41.60 F3600
G1 X205.00 Y41.60 E0.1663
G1 X200.00 Y42.00 F3600
G1 X205.00 Y42.00 E0.1663
G1 X200.00 Y42.40 F3600
G1 X205.00 Y42.40 E0.1663
G1 X200.00 Y42.80 F3600
G1 X205.00 Y42.80 E0.1663
G1 X200.00 Y43.20 F3600
G1 X205.00 Y43.20 E0.1663
G1 X200.00 Y43.60 F3600
G1 X205.00 Y43.60 E0.1663
G1 X200.00 Y44.00 F3600
G1 X205.00 Y44.00 E0.1663
G1 X200.00 Y44.40 F3600
G1 X205.00 Y44.40 E0.1663
G1 E-1 F2700
G1 X190.00 Y35.00 F7200
G1 E1 F2700
G1 X195.00 Y35.00 E0.6652 F3600
G1 X195.00 Y40.00 E0.6652
G1 X190.00 Y40.00 E0.6652
G1 X190.00 Y35.00 E0.6652
G1 X190.00 Y35.40 F3600
G1 X195.00 Y35.40 E0.1663
G1 X190.00 Y35.80 F3600
G1 X195.00 Y35.80 E0.1663
G1 X190.00 Y36.20 F3600
G1 X195.00 Y36.20 E0.1663
G1 X190.00 Y36.60 F3600
G1 X195.00 Y36.60 E0.1663
G1 X190.00 Y37.00 F3600
G1 X195.00 Y37.00 E0.1663
G1 X190.00 Y37.40 F3600
G1 X195.00 Y37.40 E0.1663
G1 X190.00 Y37.80 F3600
G1 X195.00 Y37.80 E0.1663
G1 X190.00 Y38.20 F3600
G1 X195.00 Y38.20 E0.1663
G1 X190.00 Y38.60 F3600
G1 X195.00 Y38.60 E0.1663
G1 X190.00 Y39.00 F3600
G1 X195.00 Y39.00 E0.1663
G1 X190.00 Y39.40 F3600
G1 X195.00 Y39.40 E0.1663
G1 E-1 F2700
G1 X190.00 Y30.00 F7200
G1 E1 F2700
G1 X195.00 Y30.00 E0.6652 F3600
G1 X195.00 Y35.00 E0.6652
G1 X190.00 Y35.00 E0.6652
G1 X190.00 Y30.00 E0.6652
G1 X190.00 Y30.40 F3600
G1 X195.00 Y30.40 E0.1663
G1 X190.00 Y30.80 F3600
G1 X195.00 Y30.80 E0.1663
G1 X190.00 Y31.20 F3600
G1 X195.00 Y31.20 E0.1663
G1 X190.00 Y31.60 F3600
G1 X195.00 Y31.60 E0.1663
G1 X190.00 Y32.00 F3600
G1 X195.00 Y32.00 E0.1663
G1 X190.00 Y32.40 F3600
G1 X195.00 Y32.40 E0.1663
G1 X190.00 Y32.80 F3600
G1 X195.00 Y32.80 E0.1663
G1 X190.00 Y33.20 F3600
G1 X195.00 Y33.20 E0.1663
G1 X190.00 Y33.60 F3600
G1 X195.00 Y33.60 E0.1663
G1 X190.00 Y34.00 F3600
G1 X195.00 Y34.00 E0.1663
G1 X190.00 Y34.40 F3600
G1 X195.00 Y34.40 E0.1663
G1 E-1 F2700
G1 X195.00 Y30.00 F7200
G1 E1 F2700
G1 X200.00 Y30.00 E0.6652 F3600
G1 X200.00 Y35.00 E0.6652
G1 X195.00 Y35.00 E0.6652
G1 X195.00 Y30.00 E0.6652
G1 X195.00 Y30.40 F3600
G1 X200.00 Y30.40 E0.1663
G1 X195.00 Y30.80 F3600
G1 X200.00 Y30.80 E0.1663
G1 X195.00 Y31.20 F3600
G1 X200.00 Y31.20 E0.1663
G1 X195.00 Y31.60 F3600
G1 X200.00 Y31.60 E0.1663
G1 X195.00 Y32.00 F3600
G1 X200.00 Y32.00 E0.1663
G1 X195.00 Y32.40 F3600
G1 X200.00 Y32.40 E0.1663
G1 X195.00 Y32.80 F3600
G1 X200.00 Y32.80 E0.1663
G1 X195.00 Y33.20 F3600
G1 X200.00 Y33.20 E0.1663
G1 X195.00 Y33.60 F3600
G1 X200.00 Y33.60 E0.1663
G1 X195.00 Y34.00 F3600
G1 X200.00 Y34.00 E0.1663
G1 X195.00 Y34.40 F3600
G1 X200.00 Y34.40 E0.1663
G1 E-1 F2700
G1 X200.00 Y30.00 F7200
G1 E1 F2700
G1 X205.00 Y30.00 E0.6652 F3600
G1 X205.00 Y35.00 E0.6652
G1 X200.00 Y35.00 E0.6652
G1 X200.00 Y30.00 E0.6652
G1 X200.00 Y30.40 F3600
G1 X205.00 Y30.40 E0.1663
G1 X200.00 Y30.80 F3600
G1 X205.00 Y30.80 E0.1663
G1 X200.00 Y31.20 F3600
G1 X205.00 Y31.20 E0.1663
G1 X200.00 Y31.60 F3600
G1 X205.00 Y31.60 E0.1663
G1 X200.00 Y32.00 F3600
G1 X205.00 Y32.00 E0.1663
G1 X200.00 Y32.40 F3600
G1 X205.00 Y32.40 E0.1663
G1 X200.00 Y32.80 F3600
G1 X205.00 Y32.80 E0.1663
G1 X200.00 Y33.20 F3600
G1 X205.00 Y33.20 E0.1663
G1 X200.00 Y33.60 F3600
G1 X205.00 Y33.60 E0.1663
G1 X200.00 Y34.00 F3600
G1 X205.00 Y34.00 E0.1663
G1 X200.00 Y34.40 F3600
G1 X205.00 Y34.40 E0.1663
G1 E-1 F2700
G1 X205.00 Y30.00 F7200
G1 E1 F2700
G1 X210.00 Y30.00 E0.6652 F3600
G1 X210.00 Y35.00 E0.6652
G1 X205.00 Y35.00 E0.6652
G1 X205.00 Y30.00 E0.6652
G1 X205.00 Y30.40 F3600
G1 X210.00 Y30.40 E0.1663
G1 X205.00 Y30.80 F3600
G1 X210.00 Y30.80 E0.1663
G1 X205.00 Y31.20 F3600
G1 X210.00 Y31.20 E0.1663
G1 X205.00 Y31.60 F3600
G1 X210.00 Y31.60 E0.1663
G1 X205.00 Y32.00 F3600
G1 X210.00 Y32.00 E0.1663
G1 X205.00 Y32.40 F3600
G1 X210.00 Y32.40 E0.1663
G1 X205.00 Y32.80 F3600
G1 X210.00 Y32.80 E0.1663
G1 X205.00 Y33.20 F3600
G1 X210.00 Y33.20 E0.1663
G1 X205.00 Y33.60 F3600
G1 X210.00 Y33.60 E0.1663
G1 X205.00 Y34.00 F3600
G1 X210.00 Y34.00 E0.1663
G1 X205.00 Y34.40 F3600
G1 X210.00 Y34.40 E0.1663
G1 E-1 F2700
G1 X210.00 Y30.00 F7200
G1 E1 F2700
G1 X215.00 Y30.00 E0.6652 F3600
G1 X215.00 Y35.00 E0.6652
G1 X210.00 Y35.00 E0.6652
G1 X210.00 Y30.00 E0.6652
G1 X210.00 Y30.40 F3600
G1 X215.00 Y30.40 E0.1663
G1 X210.00 Y30.80 F3600
G1 X215.00 Y30.80 E0.1663
G1 X210.00 Y31.20 F3600
G1 X215.00 Y31.20 E0.1663
G1 X210.00 Y31.60 F3600
G1 X215.00 Y31.60 E0.1663
G1 X210.00 Y32.00 F3600
G1 X215.00 Y32.00 E0.1663
G1 X210.00 Y32.40 F3600
G1 X215.00 Y32.40 E0.1663
G1 X210.00 Y32.80 F3600
G1 X215.00 Y32.80 E0.1663
G1 X210.00 Y33.20 F3600
G1 X215.00 Y33.20 E0.1663
G1 X210.00 Y33.60 F3600
G1 X215.00 Y33.60 E0.1663
G1 X210.00 Y34.00 F3600
G1 X215.00 Y34.00 E0.1663
G1 X210.00 Y34.40 F3600
G1 X215.00 Y34.40 E0.1663
G1 E-1 F2700
G1 X215.00 Y30.00 F7200
G1 E1 F2700
G1 X220.00 Y30.00 E0.6652 F3600
G1 X220.00 Y35.00 E0.6652
G1 X215.00 Y35.00 E0.6652
G1 X215.00 Y30.00 E0.6652
G1 X215.00 Y30.40 F3600
G1 X220.00 Y30.40 E0.1663
G1 X215.00 Y30.80 F3600
G1 X220.00 Y30.80 E0.1663
G1 X215.00 Y31.20 F3600
G1 X220.00 Y31.20 E0.1663
G1 X215.00 Y31.60 F3600
G1 X220.00 Y31.60 E0.1663
G1 X215.00 Y32.00 F3600
G1 X220.00 Y32.00 E0.1663
G1 X215.00 Y32.40 F3600
G1 X220.00 Y32.40 E0.1663
G1 X215.00 Y32.80 F3600
G1 X220.00 Y32.80 E0.1663
G1 X215.00 Y33.20 F3600
G1 X220.00 Y33.20 E0.1663
G1 X215.00 Y33.60 F3600
G1 X220.00 Y33.60 E0.1663
G1 X215.00 Y34.00 F3600
G1 X220.00 Y34.00 E0.1663
G1 X215.00 Y34.40 F3600
G1 X220.00 Y34.40 E0.1663
G1 E-1 F2700
G1 X220.00 Y30.00 F7200
G1 E1 F2700
G1 X225.00 Y30.00 E0.6652 F3600
G1 X225.00 Y35.00 E0.6652
G1 X220.00 Y35.00 E0.6652
G1 X220.00 Y30.00 E0.6652
G1 X220.00 Y30.40 F3600
G1 X225.00 Y30.40 E0.1663
G1 X220.00 Y30.80 F3600
G1 X225.00 Y30.80 E0.1663
G1 X220.00 Y31.20 F3600
G1 X225.00 Y31.20 E0.1663
G1 X220.00 Y31.60 F3600
G1 X225.00 Y31.60 E0.1663
G1 X220.00 Y32.00 F3600
G1 X225.00 Y32.00 E0.1663
G1 X220.00 Y32.40 F3600
G1 X225.00 Y32.40 E0.1663
G1 X220.00 Y32.80 F3600
G1 X225.00 Y32.80 E0.1663
G1 X220.00 Y33.20 F3600
G1 X225.00 Y33.20 E0.1663
G1 X220.00 Y33.60 F3600
G1 X225.00 Y33.60 E0.1663
G1 X220.00 Y34.00 F3600
G1 X225.00 Y34.00 E0.1663
G1 X220.00 Y34.40 F3600
G1 X225.00 Y34.40 E0.1663
G1 E-1 F2700
G1 X230.00 Y60.00 F7200
G1 E1 F2700
G1 X235.00 Y60.00 E0.6652 F3600
G1 X235.00 Y65.00 E0.6652
G1 X230.00 Y65.00 E0.6652
G1 X230.00 Y60.00 E0.6652
G1 X230.00 Y60.40 F3600
G1 X235.00 Y60.40 E0.1663
G1 X230.00 Y60.80 F3600
G1 X235.00 Y60.80 E0.1663
G1 X230.00 Y61.20 F3600
G1 X235.00 Y61.20 E0.1663
G1 X230.00 Y61.60 F3600
G1 X235.00 Y61.60 E0.1663
G1 X230.00 Y62.00 F3600
G1 X235.00 Y62.00 E0.1663
G1 X230.00 Y62.40 F3600
G1 X235.00 Y62.40 E0.1663
G1 X230.00 Y62.80 F3600
G1 X235.00 Y62.80 E0.1663
G1 X230.00 Y63.20 F3600
G1 X235.00 Y63.20 E0.1663
G1 X230.00 Y63.60 F3600
G1 X235.00 Y63.60 E0.1663
G1 X230.00 Y64.00 F3600
G1 X235.00 Y64.00 E0.1663
G1 X230.00 Y64.40 F3600
G1 X235.00 Y64.40 E0.1663
G1 E-1 F2700
G1 X235.00 Y60.00 F7200
G1 E1 F2700
G1 X240.00 Y60.00 E0.6652 F3600
G1 X240.00 Y65.00 E0.6652
G1 X235.00 Y65.00 E0.6652
G1 X235.00 Y60.00 E0.6652
G1 X235.00 Y60.40 F3600
G1 X240.00 Y60.40 E0.1663
G1 X235.00 Y60.80 F3600
G1 X240.00 Y60.80 E0.1663
G1 X235.00 Y61.20 F3600
G1 X240.00 Y61.20 E0.1663
G1 X235.00 Y61.60 F3600
G1 X240.00 Y61.60 E0.1663
G1 X235.00 Y62.00 F3600
G1 X240.00 Y62.00 E0.1663
G1 X235.00 Y62.40 F3600
G1 X240.00 Y62.40 E0.1663
G1 X235.00 Y62.80 F3600
G1 X240.00 Y62.80 E0.1663
G1 X235.00 Y63.20 F3600
G1 X240.00 Y63.20 E0.1663
G1 X235.00 Y63.60 F3600
G1 X240.00 Y63.60 E0.1663
G1 X235.00 Y64.00 F3600
G1 X240.00 Y64.00 E0.1663
G1 X235.00 Y64.40 F3600
G1 X240.00 Y64.40 E0.1663
G1 E-1 F2700
G1 X240.00 Y60.00 F7200
G1 E1 F2700
G1 X245.00 Y60.00 E0.6652 F3600
G1 X245.00 Y65.00 E0.6652
G1 X240.00 Y65.00 E0.6652
G1 X240.00 Y60.00 E0.6652
G1 X240.00 Y60.40 F3600
G1 X245.00 Y60.40 E0.1663
G1 X240.00 Y60.80 F3600
G1 X245.00 Y60.80 E0.1663
G1 X240.00 Y61.20 F3600
G1 X245.00 Y61.20 E0.1663
G1 X240.00 Y61.60 F3600
G1 X245.00 Y61.60 E0.1663
G1 X240.00 Y62.00 F3600
G1 X245.00 Y62.00 E0.1663
G1 X240.00 Y62.40 F3600
G1 X245.00 Y62.40 E0.1663
G1 X240.00 Y62.80 F3600
G1 X245.00 Y62.80 E0.1663
G1 X240.00 Y63.20 F3600
G1 X245.00 Y63.20 E0.1663
G1 X240.00 Y63.60 F3600
G1 X245.00 Y63.60 E0.1663
G1 X240.00 Y64.00 F3600
G1 X245.00 Y64.00 E0.1663
G1 X240.00 Y64.40 F3600
G1 X245.00 Y64.40 E0.1663
G1 E-1 F2700
G1 X245.00 Y60.00 F7200
G1 E1 F2700
G1 X250.00 Y60.00 E0.6652 F3600
G1 X250.00 Y65.00 E0.6652
G1 X245.00 Y65.00 E0.6652
G1 X245.00 Y60.00 E0.6652
G1 X245.00 Y60.40 F3600
G1 X250.00 Y60.40 E0.1663
G1 X245.00 Y60.80 F3600
G1 X250.00 Y60.80 E0.1663
G1 X245.00 Y61.20 F3600
G1 X250.00 Y61.20 E0.1663
G1 X245.00 Y61.60 F3600
G1 X250.00 Y61.60 E0.1663
G1 X245.00 Y62.00 F3600
G1 X250.00 Y62.00 E0.1663
G1 X245.00 Y62.40 F3600
G1 X250.00 Y62.40 E0.1663
G1 X245.00 Y62.80 F3600
G1 X250.00 Y62.80 E0.1663
G1 X245.00 Y63.20 F3600
G1 X250.00 Y63.20 E0.1663
G1 X245.00 Y63.60 F3600
G1 X250.00 Y63.60 E0.1663
G1 X245.00 Y64.00 F3600
G1 X250.00 Y64.00 E0.1663
G1 X245.00 Y64.40 F3600
G1 X250.00 Y64.40 E0.1663
G1 E-1 F2700
G1 X250.00 Y60.00 F7200
G1 E1 F2700
G1 X255.00 Y60.00 E0.6652 F3600
G1 X255.00 Y65.00 E0.6652
G1 X250.00 Y65.00 E0.6652
G1 X250.00 Y60.00 E0.6652
G1 X250.00 Y60.40 F3600
G1 X255.00 Y60.40 E0.1663
G1 X250.00 Y60.80 F3600
G1 X255.00 Y60.80 E0.1663
G1 X250.00 Y61.20 F3600
G1 X255.00 Y61.20 E0.1663
G1 X250.00 Y61.60 F3600
G1 X255.00 Y61.60 E0.1663
G1 X250.00 Y62.00 F3600
G1 X255.00 Y62.00 E0.1663
G1 X250.00 Y62.40 F3600
G1 X255.00 Y62.40 E0.1663
G1 X250.00 Y62.80 F3600
G1 X255.00 Y62.80 E0.1663
G1 X250.00 Y63.20 F3600
G1 X255.00 Y63.20 E0.1663
G1 X250.00 Y63.60 F3600
G1 X255.00 Y63.60 E0.1663
G1 X250.00 Y64.00 F3600
G1 X255.00 Y64.00 E0.1663
G1 X250.00 Y64.40 F3600
G1 X255.00 Y64.40 E0.1663
G1 E-1 F2700
G1 X255.00 Y60.00 F7200
G1 E1 F2700
G1 X260.00 Y60.00 E0.6652 F3600
G1 X260.00 Y65.00 E0.6652
G1 X255.00 Y65.00 E0.6652
G1 X255.00 Y60.00 E0.6652
G1 X255.00 Y60.40 F3600
G1 X260.00 Y60.40 E0.1663
G1 X255.00 Y60.80 F3600
G1 X260.00 Y60.80 E0.1663
G1 X255.00 Y61.20 F3600
G1 X260.00 Y61.20 E0.1663
G1 X255.00 Y61.60 F3600
G1 X260.00 Y61.60 E0.1663
G1 X255.00 Y62.00 F3600
G1 X260.00 Y62.00 E0.1663
G1 X255.00 Y62.40 F3600
G1 X260.00 Y62.40 E0.1663
G1 X255.00 Y62.80 F3600
G1 X260.00 Y62.80 E0.1663
G1 X255.00 Y63.20 F3600
G1 X260.00 Y63.20 E0.1663
G1 X255.00 Y63.60 F3600
G1 X260.00 Y63.60 E0.1663
G1 X255.00 Y64.00 F3600
G1 X260.00 Y64.00 E0.1663
G1 X255.00 Y64.40 F3600
G1 X260.00 Y64.40 E0.1663
G1 E-1 F2700
G1 X260.00 Y60.00 F7200
G1 E1 F2700
G1 X265.00 Y60.00 E0.6652 F3600
G1 X265.00 Y65.00 E0.6652
G1 X260.00 Y65.00 E0.6652
G1 X260.00 Y60.00 E0.6652
G1 X260.00 Y60.40 F3600
G1 X265.00 Y60.40 E0.1663
G1 X260.00 Y60.80 F3600
G1 X265.00 Y60.80 E0.1663
G1 X260.00 Y61.20 F3600
G1 X265.00 Y61.20 E0.1663
G1 X260.00 Y61.60 F3600
G1 X265.00 Y61.60 E0.1663
G1 X260.00 Y62.00 F3600
G1 X265.00 Y62.00 E0.1663
G1 X260.00 Y62.40 F3600
G1 X265.00 Y62.40 E0.1663
G1 X260.00 Y62.80 F3600
G1 X265.00 Y62.80 E0.1663
G1 X260.00 Y63.20 F3600
G1 X265.00 Y63.20 E0.1663
G1 X260.00 Y63.60 F3600
G1 X265.00 Y63.60 E0.1663
G1 X260.00 Y64.00 F3600
G1 X265.00 Y64.00 E0.1663
G1 X260.00 Y64.40 F3600
G1 X265.00 Y64.40 E0.1663
G1 E-1 F2700
G1 X230.00 Y55.00 F7200
G1 E1 F2700
G1 X235.00 Y55.00 E0.6652 F3600
G1 X235.00 Y60.00 E0.6652
G1 X230.00 Y60.00 E0.6652
G1 X230.00 Y55.00 E0.6652
G1 X230.00 Y55.40 F3600
G1 X235.00 Y55.40 E0.1663
G1 X230.00 Y55.80 F3600
G1 X235.00 Y55.80 E0.1663
G1 X230.00 Y56.20 F3600
G1 X235.00 Y56.20 E0.1663
G1 X230.00 Y56.60 F3600
G1 X235.00 Y56.60 E0.1663
G1 X230.00 Y57.00 F3600
G1 X235.00 Y57.00 E0.1663
G1 X230.00 Y57.40 F3600
G1 X235.00 Y57.40 E0.1663
G1 X230.00 Y57.80 F3600
G1 X235.00 Y57.80 E0.1663
G1 X230.00 Y58.20 F3600
G1 X235.00 Y58.20 E0.1663
G1 X230.00 Y58.60 F3600
G1 X235.00 Y58.60 E0.1663
G1 X230.00 Y59.00 F3600
G1 X235.00 Y59.00 E0.1663
G1 X230.00 Y59.40 F3600
G1 X235.00 Y59.40 E0.1663
G1 E-1 F2700
G1 X230.00 Y50.00 F7200
G1 E1 F2700
G1 X235.00 Y50.00 E0.6652 F3600
G1 X235.00 Y55.00 E0.6652
G1 X230.00 Y55.00 E0.6652
G1 X230.00 Y50.00 E0.6652
G1 X230.00 Y50.40 F3600
G1 X235.00 Y50.40 E0.1663
G1 X230.00 Y50.80 F3600
G1 X235.00 Y50.80 E0.1663
G1 X230.00 Y51.20 F3600
G1 X235.00 Y51.20 E0.1663
G1 X230.00 Y51.60 F3600
G1 X235.00 Y51.60 E0.1663
G1 X230.00 Y52.00 F3600
G1 X235.00 Y52.00 E0.1663
G1 X230.00 Y52.40 F3600
G1 X235.00 Y52.40 E0.1663
G1 X230.00 Y52.80 F3600
G1 X235.00 Y52.80 E0.1663
G1 X230.00 Y53.20 F3600
G1 X235.00 Y53.20 E0.1663
G1 X230.00 Y53.60 F3600
G1 X235.00 Y53.60 E0.1663
G1 X230.00 Y54.00 F3600
G1 X235.00 Y54.00 E0.1663
G1 X230.00 Y54.40 F3600
G1 X235.00 Y54.40 E0.1663
G1 E-1 F2700
G1 X230.00 Y45.00 F7200
G1 E1 F2700
G1 X235.00 Y45.00 E0.6652 F3600
G1 X235.00 Y50.00 E0.6652
G1 X230.00 Y50.00 E0.6652
G1 X230.00 Y45.00 E0.6652
G1 X230.00 Y45.40 F3600
G1 X235.00 Y45.40 E0.1663
G1 X230.00 Y45.80 F3600
G1 X235.00 Y45.80 E0.1663
G1 X230.00 Y46.20 F3600
G1 X235.00 Y46.20 E0.1663
G1 X230.00 Y46.60 F3600
G1 X235.00 Y46.60 E0.1663
G1 X230.00 Y47.00 F3600
G1 X235.00 Y47.00 E0.1663
G1 X230.00 Y47.40 F3600
G1 X235.00 Y47.40 E0.1663
G1 X230.00 Y47.80 F3600
G1 X235.00 Y47.80 E0.1663
G1 X230.00 Y48.20 F3600
G1 X235.00 Y48.20 E0.1663
G1 X230.00 Y48.60 F3600
G1 X235.00 Y48.60 E0.1663
G1 X230.00 Y49.00 F3600
G1 X235.00 Y49.00 E0.1663
G1 X230.00 Y49.40 F3600
G1 X235.00 Y49.40 E0.1663
G1 E-1 F2700
G1 X235.00 Y45.00 F7200
G1 E1 F2700
G1 X240.00 Y45.00 E0.6652 F3600
G1 X240.00 Y50.00 E0.6652
G1 X235.00 Y50.00 E0.6652
G1 X235.00 Y45.00 E0.6652
G1 X235.00 Y45.40 F3600
G1 X240.00 Y45.40 E0.1663
G1 X235.00 Y45.80 F3600
G1 X240.00 Y45.80 E0.1663
G1 X235.00 Y46.20 F3600
G1 X240.00 Y46.20 E0.1663
G1 X235.00 Y46.60 F3600
G1 X240.00 Y46.60 E0.1663
G1 X235.00 Y47.00 F3600
G1 X240.00 Y47.00 E0.1663
G1 X235.00 Y47.40 F3600
G1 X240.00 Y47.40 E0.1663
G1 X235.00 Y47.80 F3600
G1 X240.00 Y47.80 E0.1663
G1 X235.00 Y48.20 F3600
G1 X240.00 Y48.20 E0.1663
G1 X235.00 Y48.60 F3600
G1 X240.00 Y48.60 E0.1663
G1 X235.00 Y49.00 F3600
G1 X240.00 Y49.00 E0.1663
G1 X235.00 Y49.40 F3600
G1 X240.00 Y49.40 E0.1663
G1 E-1 F2700
G1 X240.00 Y45.00 F7200
G1 E1 F2700
G1 X245.00 Y45.00 E0.6652 F3600
G1 X245.00 Y50.00 E0.6652
G1 X240.00 Y50.00 E0.6652
G1 X240.00 Y45.00 E0.6652
G1 X240.00 Y45.40 F3600
G1 X245.00 Y45.40 E0.1663
G1 X240.00 Y45.80 F3600
G1 X245.00 Y45.80 E0.1663
G1 X240.00 Y46.20 F3600
G1 X245.00 Y46.20 E0.1663
G1 X240.00 Y46.60 F3600
G1 X245.00 Y46.60 E0.1663
G1 X240.00 Y47.00 F3600
G1 X245.00 Y47.00 E0.1663
G1 X240.00 Y47.40 F3600
G1 X245.00 Y47.40 E0.1663
G1 X240.00 Y47.80 F3600
G1 X245.00 Y47.80 E0.1663
G1 X240.00 Y48.20 F3600
G1 X245.00 Y48.20 E0.1663
G1 X240.00 Y48.60 F3600
G1 X245.00 Y48.60 E0.1663
G1 X240.00 Y49.00 F3600
G1 X245.00 Y49.00 E0.1663
G1 X240.00 Y49.40 F3600
G1 X245.00 Y49.40 E0.1663
G1 E-1 F2700
G1 X245.00 Y45.00 F7200
G1 E1 F2700
G1 X250.00 Y45.00 E0.6652 F3600
G1 X250.00 Y50.00 E0.6652
G1 X245.00 Y50.00 E0.6652
G1 X245.00 Y45.00 E0.6652
G1 X245.00 Y45.40 F3600
G1 X250.00 Y45.40 E0.1663
G1 X245.00 Y45.80 F3600
G1 X250.00 Y45.80 E0.1663
G1 X245.00 Y46.20 F3600
G1 X250.00 Y46.20 E0.1663
G1 X245.00 Y46.60 F3600
G1 X250.00 Y46.60 E0.1663
G1 X245.00 Y47.00 F3600
G1 X250.00 Y47.00 E0.1663
G1 X245.00 Y47.40 F3600
G1 X250.00 Y47.40 E0.1663
G1 X245.00 Y47.80 F3600
G1 X250.00 Y47.80 E0.1663
G1 X245.00 Y48.20 F3600
G1 X250.00 Y48.20 E0.1663
G1 X245.00 Y48.60 F3600
G1 X250.00 Y48.60 E0.1663
G1 X245.00 Y49.00 F3600
G1 X250.00 Y49.00 E0.1663
G1 X245.00 Y49.40 F3600
G1 X250.00 Y49.40 E0.1663
G1 E-1 F2700
G1 X250.00 Y45.00 F7200
G1 E1 F2700
G1 X255.00 Y45.00 E0.6652 F3600
G1 X255.00 Y50.00 E0.6652
G1 X250.00 Y50.00 E0.6652
G1 X250.00 Y45.00 E0.6652
G1 X250.00 Y45.40 F3600
G1 X255.00 Y45.40 E0.1663
G1 X250.00 Y45.80 F3600
G1 X255.00 Y45.80 E0.1663
G1 X250.00 Y46.20 F3600
G1 X255.00 Y46.20 E0.1663
G1 X250.00 Y46.60 F3600
G1 X255.00 Y46.60 E0.1663
G1 X250.00 Y47.00 F3600
G1 X255.00 Y47.00 E0.1663
G1 X250.00 Y47.40 F3600
G1 X255.00 Y47.40 E0.1663
G1 X250.00 Y47.80 F3600
G1 X255.00 Y47.80 E0.1663
G1 X250.00 Y48.20 F3600
G1 X255.00 Y48.20 E0.1663
G1 X250.00 Y48.60 F3600
G1 X255.00 Y48.60 E0.1663
G1 X250.00 Y49.00 F3600
G1 X255.00 Y49.00 E0.1663
G1 X250.00 Y49.40 F3600
G1 X255.00 Y49.40 E0.1663
G1 E-1 F2700
G1 X255.00 Y45.00 F7200
G1 E1 F2700
G1 X260.00 Y45.00 E0.6652 F3600
G1 X260.00 Y50.00 E0.6652
G1 X255.00 Y50.00 E0.6652
G1 X255.00 Y45.00 E0.6652
G1 X255.00 Y45.40 F3600
G1 X260.00 Y45.40 E0.1663
G1 X255.00 Y45.80 F3600
G1 X260.00 Y45.80 E0.1663
G1 X255.00 Y46.20 F3600
G1 X260.00 Y46.20 E0.1663
G1 X255.00 Y46.60 F3600
G1 X260.00 Y46.60 E0.1663
G1 X255.00 Y47.00 F3600
G1 X260.00 Y47.00 E0.1663
G1 X255.00 Y47.40 F3600
G1 X260.00 Y47.40 E0.1663
G1 X255.00 Y47.80 F3600
G1 X260.00 Y47.80 E0.1663
G1 X255.00 Y48.20 F3600
G1 X260.00 Y48.20 E0.1663
G1 X255.00 Y48.60 F3600
G1 X260.00 Y48.60 E0.1663
G1 X255.00 Y49.00 F3600
G1 X260.00 Y49.00 E0.1663
G1 X255.00 Y49.40 F3600
G1 X260.00 Y49.40 E0.1663
G1 E-1 F2700
G1 X260.00 Y40.00 F7200
G1 E1 F2700
G1 X265.00 Y40.00 E0.6652 F3600
G1 X265.00 Y45.00 E0.6652
G1 X260.00 Y45.00 E0.6652
G1 X260.00 Y40.00 E0.6652
G1 X260.00 Y40.40 F3600
G1 X265.00 Y40.40 E0.1663
G1 X260.00 Y40.80 F3600
G1 X265.00 Y40.80 E0.1663
G1 X260.00 Y41.20 F3600
G1 X265.00 Y41.20 E0.1663
G1 X260.00 Y41.60 F3600
G1 X265.00 Y41.60 E0.1663
G1 X260.00 Y42.00 F3600
G1 X265.00 Y42.00 E0.1663
G1 X260.00 Y42.40 F3600
G1 X265.00 Y42.40 E0.1663
G1 X260.00 Y42.80 F3600
G1 X265.00 Y42.80 E0.1663
G1 X260.00 Y43.20 F3600
G1 X265.00 Y43.20 E0.1663
G1 X260.00 Y43.60 F3600
G1 X265.00 Y43.60 E0.1663
G1 X260.00 Y44.00 F3600
G1 X265.00 Y44.00 E0.1663
G1 X260.00 Y44.40 F3600
G1 X265.00 Y44.40 E0.1663
G1 E-1 F2700
G1 X230.00 Y35.00 F7200
G1 E1 F2700
G1 X235.00 Y35.00 E0.6652 F3600
G1 X235.00 Y40.00 E0.6652
G1 X230.00 Y40.00 E0.6652
G1 X230.00 Y35.00 E0.6652
G1 X230.00 Y35.40 F3600
G1 X235.00 Y35.40 E0.1663
G1 X230.00 Y35.80 F3600
G1 X235.00 Y35.80 E0.1663
G1 X230.00 Y36.20 F3600
G1 X235.00 Y36.20 E0.1663
G1 X230.00 Y36.60 F3600
G1 X235.00 Y36.60 E0.1663
G1 X230.00 Y37.00 F3600
G1 X235.00 Y37.00 E0.1663
G1 X230.00 Y37.40 F3600
G1 X235.00 Y37.40 E0.1663
G1 X230.00 Y37.80 F3600
G1 X235.00 Y37.80 E0.1663
G1 X230.00 Y38.20 F3600
G1 X235.00 Y38.20 E0.1663
G1 X230.00 Y38.60 F3600
G1 X235.00 Y38.60 E0.1663
G1 X230.00 Y39.00 F3600
G1 X235.00 Y39.00 E0.1663
G1 X230.00 Y39.40 F3600
G1 X235.00 Y39.40 E0.1663
G1 E-1 F2700
G1 X260.00 Y35.00 F7200
G1 E1 F2700
G1 X265.00 Y35.00 E0.6652 F3600
G1 X265.00 Y40.00 E0.6652
G1 X260.00 Y40.00 E0.6652
G1 X260.00 Y35.00 E0.6652
G1 X260.00 Y35.40 F3600
G1 X265.00 Y35.40 E0.1663
G1 X260.00 Y35.80 F3600
G1 X265.00 Y35.80 E0.1663
G1 X260.00 Y36.20 F3600
G1 X265.00 Y36.20 E0.1663
G1 X260.00 Y36.60 F3600
G1 X265.00 Y36.60 E0.1663
G1 X260.00 Y37.00 F3600
G1 X265.00 Y37.00 E0.1663
G1 X260.00 Y37.40 F3600
G1 X265.00 Y37.40 E0.1663
G1 X260.00 Y37.80 F3600
G1 X265.00 Y37.80 E0.1663
G1 X260.00 Y38.20 F3600
G1 X265.00 Y38.20 E0.1663
G1 X260.00 Y38.60 F3600
G1 X265.00 Y38.60 E0.1663
G1 X260.00 Y39.00 F3600
G1 X265.00 Y39.00 E0.1663
G1 X260.00 Y39.40 F3600
G1 X265.00 Y39.40 E0.1663
G1 E-1 F2700
G1 X235.00 Y30.00 F7200
G1 E1 F2700
G1 X240.00 Y30.00 E0.6652 F3600
G1 X240.00 Y35.00 E0.6652
G1 X235.00 Y35.00 E0.6652
G1 X235.00 Y30.00 E0.6652
G1 X235.00 Y30.40 F3600
G1 X240.00 Y30.40 E0.1663
G1 X235.00 Y30.80 F3600
G1 X240.00 Y30.80 E0.1663
G1 X235.00 Y31.20 F3600
G1 X240.00 Y31.20 E0.1663
G1 X235.00 Y31.60 F3600
G1 X240.00 Y31.60 E0.1663
G1 X235.00 Y32.00 F3600
G1 X240.00 Y32.00 E0.1663
G1 X235.00 Y32.40 F3600
G1 X240.00 Y32.40 E0.1663
G1 X235.00 Y32.80 F3600
G1 X240.00 Y32.80 E0.1663
G1 X235.00 Y33.20 F3600
G1 X240.00 Y33.20 E0.1663
G1 X235.00 Y33.60 F3600
G1 X240.00 Y33.60 E0.1663
G1 X235.00 Y34.00 F3600
G1 X240.00 Y34.00 E0.1663
G1 X235.00 Y34.40 F3600
G1 X240.00 Y34.40 E0.1663
G1 E-1 F2700
G1 X240.00 Y30.00 F7200
G1 E1 F2700
G1 X245.00 Y30.00 E0.6652 F3600
G1 X245.00 Y35.00 E0.6652
G1 X240.00 Y35.00 E0.6652
G1 X240.00 Y30.00 E0.6652
G1 X240.00 Y30.40 F3600
G1 X245.00 Y30.40 E0.1663
G1 X240.00 Y30.80 F3600
G1 X245.00 Y30.80 E0.1663
G1 X240.00 Y31.20 F3600
G1 X245.00 Y31.20 E0.1663
G1 X240.00 Y31.60 F3600
G1 X245.00 Y31.60 E0.1663
G1 X240.00 Y32.00 F3600
G1 X245.00 Y32.00 E0.1663
G1 X240.00 Y32.40 F3600
G1 X245.00 Y32.40 E0.1663
G1 X240.00 Y32.80 F3600
G1 X245.00 Y32.80 E0.1663
G1 X240.00 Y33.20 F3600
G1 X245.00 Y33.20 E0.1663
G1 X240.00 Y33.60 F3600
G1 X245.00 Y33.60 E0.1663
G1 X240.00 Y34.00 F3600
G1 X245.00 Y34.00 E0.1663
G1 X240.00 Y34.40 F3600
G1 X245.00 Y34.40 E0.1663
G1 E-1 F2700
G1 X245.00 Y30.00 F7200
G1 E1 F2700
G1 X250.00 Y30.00 E0.6652 F3600
G1 X250.00 Y35.00 E0.6652
G1 X245.00 Y35.00 E0.6652
G1 X245.00 Y30.00 E0.6652
G1 X245.00 Y30.40 F3600
G1 X250.00 Y30.40 E0.1663
G1 X245.00 Y30.80 F3600
G1 X250.00 Y30.80 E0.1663
G1 X245.00 Y31.20 F3600
G1 X250.00 Y31.20 E0.1663
G1 X245.00 Y31.60 F3600
G1 X250.00 Y31.60 E0.1663
G1 X245.00 Y32.00 F3600
G1 X250.00 Y32.00 E0.1663
G1 X245.00 Y32.40 F3600
G1 X250.00 Y32.40 E0.1663
G1 X245.00 Y32.80 F3600
G1 X250.00 Y32.80 E0.1663
G1 X245.00 Y33.20 F3600
G1 X250.00 Y33.20 E0.1663
G1 X245.00 Y33.60 F3600
G1 X250.00 Y33.60 E0.1663
G1 X245.00 Y34.00 F3600
G1 X250.00 Y34.00 E0.1663
G1 X245.00 Y34.40 F3600
G1 X250.00 Y34.40 E0.1663
G1 E-1 F2700
G1 X250.00 Y30.00 F7200
G1 E1 F2700
G1 X255.00 Y30.00 E0.6652 F3600
G1 X255.00 Y35.00 E0.6652
G1 X250.00 Y35.00 E0.6652
G1 X250.00 Y30.00 E0.6652
G1 X250.00 Y30.40 F3600
G1 X255.00 Y30.40 E0.1663
G1 X250.00 Y30.80 F3600
G1 X255.00 Y30.80 E0.1663
G1 X250.00 Y31.20 F3600
G1 X255.00 Y31.20 E0.1663
G1 X250.00 Y31.60 F3600
G1 X255.00 Y31.60 E0.1663
G1 X250.00 Y32.00 F3600
G1 X255.00 Y32.00 E0.1663
G1 X250.00 Y32.40 F3600
G1 X255.00 Y32.40 E0.1663
G1 X250.00 Y32.80 F3600
G1 X255.00 Y32.80 E0.1663
G1 X250.00 Y33.20 F3600
G1 X255.00 Y33.20 E0.1663
G1 X250.00 Y33.60 F3600
G1 X255.00 Y33.60 E0.1663
G1 X250.00 Y34.00 F3600
G1 X255.00 Y34.00 E0.1663
G1 X250.00 Y34.40 F3600
G1 X255.00 Y34.40 E0.1663
G1 E-1 F2700
G1 X255.00 Y30.00 F7200
G1 E1 F2700
G1 X260.00 Y30.00 E0.6652 F3600
G1 X260.00 Y35.00 E0.6652
G1 X255.00 Y35.00 E0.6652
G1 X255.00 Y30.00 E0.6652
G1 X255.00 Y30.40 F3600
G1 X260.00 Y30.40 E0.1663
G1 X255.00 Y30.80 F3600
G1 X260.00 Y30.80 E0.1663
G1 X255.00 Y31.20 F3600
G1 X260.00 Y31.20 E0.1663
G1 X255.00 Y31.60 F3600
G1 X260.00 Y31.60 E0.1663
G1 X255.00 Y32.00 F3600
G1 X260.00 Y32.00 E0.1663
G1 X255.00 Y32.40 F3600
G1 X260.00 Y32.40 E0.1663
G1 X255.00 Y32.80 F3600
G1 X260.00 Y32.80 E0.1663
G1 X255.00 Y33.20 F3600
G1 X260.00 Y33.20 E0.1663
G1 X255.00 Y33.60 F3600
G1 X260.00 Y33.60 E0.1663
G1 X255.00 Y34.00 F3600
G1 X260.00 Y34.00 E0.1663
G1 X255.00 Y34.40 F3600
G1 X260.00 Y34.40 E0.1663
G1 E-1 F2700
G1 Z1.50 F7200

; ============ 第 3 層 ============
G1 Z0.70 F7200
G1 X35.00 Y60.00 F7200
G1 E1 F2700
G1 X40.00 Y60.00 E0.6652 F3600
G1 X40.00 Y65.00 E0.6652
G1 X35.00 Y65.00 E0.6652
G1 X35.00 Y60.00 E0.6652
G1 X35.00 Y60.40 F3600
G1 X40.00 Y60.40 E0.1663
G1 X35.00 Y60.80 F3600
G1 X40.00 Y60.80 E0.1663
G1 X35.00 Y61.20 F3600
G1 X40.00 Y61.20 E0.1663
G1 X35.00 Y61.60 F3600
G1 X40.00 Y61.60 E0.1663
G1 X35.00 Y62.00 F3600
G1 X40.00 Y62.00 E0.1663
G1 X35.00 Y62.40 F3600
G1 X40.00 Y62.40 E0.1663
G1 X35.00 Y62.80 F3600
G1 X40.00 Y62.80 E0.1663
G1 X35.00 Y63.20 F3600
G1 X40.00 Y63.20 E0.1663
G1 X35.00 Y63.60 F3600
G1 X40.00 Y63.60 E0.1663
G1 X35.00 Y64.00 F3600
G1 X40.00 Y64.00 E0.1663
G1 X35.00 Y64.40 F3600
G1 X40.00 Y64.40 E0.1663
G1 E-1 F2700
G1 X40.00 Y60.00 F7200
G1 E1 F2700
G1 X45.00 Y60.00 E0.6652 F3600
G1 X45.00 Y65.00 E0.6652
G1 X40.00 Y65.00 E0.6652
G1 X40.00 Y60.00 E0.6652
G1 X40.00 Y60.40 F3600
G1 X45.00 Y60.40 E0.1663
G1 X40.00 Y60.80 F3600
G1 X45.00 Y60.80 E0.1663
G1 X40.00 Y61.20 F3600
G1 X45.00 Y61.20 E0.1663
G1 X40.00 Y61.60 F3600
G1 X45.00 Y61.60 E0.1663
G1 X40.00 Y62.00 F3600
G1 X45.00 Y62.00 E0.1663
G1 X40.00 Y62.40 F3600
G1 X45.00 Y62.40 E0.1663
G1 X40.00 Y62.80 F3600
G1 X45.00 Y62.80 E0.1663
G1 X40.00 Y63.20 F3600
G1 X45.00 Y63.20 E0.1663
G1 X40.00 Y63.60 F3600
G1 X45.00 Y63.60 E0.1663
G1 X40.00 Y64.00 F3600
G1 X45.00 Y64.00 E0.1663
G1 X40.00 Y64.40 F3600
G1 X45.00 Y64.40 E0.1663
G1 E-1 F2700
G1 X45.00 Y60.00 F7200
G1 E1 F2700
G1 X50.00 Y60.00 E0.6652 F3600
G1 X50.00 Y65.00 E0.6652
G1 X45.00 Y65.00 E0.6652
G1 X45.00 Y60.00 E0.6652
G1 X45.00 Y60.40 F3600
G1 X50.00 Y60.40 E0.1663
G1 X45.00 Y60.80 F3600
G1 X50.00 Y60.80 E0.1663
G1 X45.00 Y61.20 F3600
G1 X50.00 Y61.20 E0.1663
G1 X45.00 Y61.60 F3600
G1 X50.00 Y61.60 E0.1663
G1 X45.00 Y62.00 F3600
G1 X50.00 Y62.00 E0.1663
G1 X45.00 Y62.40 F3600
G1 X50.00 Y62.40 E0.1663
G1 X45.00 Y62.80 F3600
G1 X50.00 Y62.80 E0.1663
G1 X45.00 Y63.20 F3600
G1 X50.00 Y63.20 E0.1663
G1 X45.00 Y63.60 F3600
G1 X50.00 Y63.60 E0.1663
G1 X45.00 Y64.00 F3600
G1 X50.00 Y64.00 E0.1663
G1 X45.00 Y64.40 F3600
G1 X50.00 Y64.40 E0.1663
G1 E-1 F2700
G1 X50.00 Y60.00 F7200
G1 E1 F2700
G1 X55.00 Y60.00 E0.6652 F3600
G1 X55.00 Y65.00 E0.6652
G1 X50.00 Y65.00 E0.6652
G1 X50.00 Y60.00 E0.6652
G1 X50.00 Y60.40 F3600
G1 X55.00 Y60.40 E0.1663
G1 X50.00 Y60.80 F3600
G1 X55.00 Y60.80 E0.1663
G1 X50.00 Y61.20 F3600
G1 X55.00 Y61.20 E0.1663
G1 X50.00 Y61.60 F3600
G1 X55.00 Y61.60 E0.1663
G1 X50.00 Y62.00 F3600
G1 X55.00 Y62.00 E0.1663
G1 X50.00 Y62.40 F3600
G1 X55.00 Y62.40 E0.1663
G1 X50.00 Y62.80 F3600
G1 X55.00 Y62.80 E0.1663
G1 X50.00 Y63.20 F3600
G1 X55.00 Y63.20 E0.1663
G1 X50.00 Y63.60 F3600
G1 X55.00 Y63.60 E0.1663
G1 X50.00 Y64.00 F3600
G1 X55.00 Y64.00 E0.1663
G1 X50.00 Y64.40 F3600
G1 X55.00 Y64.40 E0.1663
G1 E-1 F2700
G1 X55.00 Y60.00 F7200
G1 E1 F2700
G1 X60.00 Y60.00 E0.6652 F3600
G1 X60.00 Y65.00 E0.6652
G1 X55.00 Y65.00 E0.6652
G1 X55.00 Y60.00 E0.6652
G1 X55.00 Y60.40 F3600
G1 X60.00 Y60.40 E0.1663
G1 X55.00 Y60.80 F3600
G1 X60.00 Y60.80 E0.1663
G1 X55.00 Y61.20 F3600
G1 X60.00 Y61.20 E0.1663
G1 X55.00 Y61.60 F3600
G1 X60.00 Y61.60 E0.1663
G1 X55.00 Y62.00 F3600
G1 X60.00 Y62.00 E0.1663
G1 X55.00 Y62.40 F3600
G1 X60.00 Y62.40 E0.1663
G1 X55.00 Y62.80 F3600
G1 X60.00 Y62.80 E0.1663
G1 X55.00 Y63.20 F3600
G1 X60.00 Y63.20 E0.1663
G1 X55.00 Y63.60 F3600
G1 X60.00 Y63.60 E0.1663
G1 X55.00 Y64.00 F3600
G1 X60.00 Y64.00 E0.1663
G1 X55.00 Y64.40 F3600
G1 X60.00 Y64.40 E0.1663
G1 E-1 F2700
G1 X30.00 Y55.00 F7200
G1 E1 F2700
G1 X35.00 Y55.00 E0.6652 F3600
G1 X35.00 Y60.00 E0.6652
G1 X30.00 Y60.00 E0.6652
G1 X30.00 Y55.00 E0.6652
G1 X30.00 Y55.40 F3600
G1 X35.00 Y55.40 E0.1663
G1 X30.00 Y55.80 F3600
G1 X35.00 Y55.80 E0.1663
G1 X30.00 Y56.20 F3600
G1 X35.00 Y56.20 E0.1663
G1 X30.00 Y56.60 F3600
G1 X35.00 Y56.60 E0.1663
G1 X30.00 Y57.00 F3600
G1 X35.00 Y57.00 E0.1663
G1 X30.00 Y57.40 F3600
G1 X35.00 Y57.40 E0.1663
G1 X30.00 Y57.80 F3600
G1 X35.00 Y57.80 E0.1663
G1 X30.00 Y58.20 F3600
G1 X35.00 Y58.20 E0.1663
G1 X30.00 Y58.60 F3600
G1 X35.00 Y58.60 E0.1663
G1 X30.00 Y59.00 F3600
G1 X35.00 Y59.00 E0.1663
G1 X30.00 Y59.40 F3600
G1 X35.00 Y59.40 E0.1663
G1 E-1 F2700
G1 X60.00 Y55.00 F7200
G1 E1 F2700
G1 X65.00 Y55.00 E0.6652 F3600
G1 X65.00 Y60.00 E0.6652
G1 X60.00 Y60.00 E0.6652
G1 X60.00 Y55.00 E0.6652
G1 X60.00 Y55.40 F3600
G1 X65.00 Y55.40 E0.1663
G1 X60.00 Y55.80 F3600
G1 X65.00 Y55.80 E0.1663
G1 X60.00 Y56.20 F3600
G1 X65.00 Y56.20 E0.1663
G1 X60.00 Y56.60 F3600
G1 X65.00 Y56.60 E0.1663
G1 X60.00 Y57.00 F3600
G1 X65.00 Y57.00 E0.1663
G1 X60.00 Y57.40 F3600
G1 X65.00 Y57.40 E0.1663
G1 X60.00 Y57.80 F3600
G1 X65.00 Y57.80 E0.1663
G1 X60.00 Y58.20 F3600
G1 X65.00 Y58.20 E0.1663
G1 X60.00 Y58.60 F3600
G1 X65.00 Y58.60 E0.1663
G1 X60.00 Y59.00 F3600
G1 X65.00 Y59.00 E0.1663
G1 X60.00 Y59.40 F3600
G1 X65.00 Y59.40 E0.1663
G1 E-1 F2700
G1 X30.00 Y50.00 F7200
G1 E1 F2700
G1 X35.00 Y50.00 E0.6652 F3600
G1 X35.00 Y55.00 E0.6652
G1 X30.00 Y55.00 E0.6652
G1 X30.00 Y50.00 E0.6652
G1 X30.00 Y50.40 F3600
G1 X35.00 Y50.40 E0.1663
G1 X30.00 Y50.80 F3600
G1 X35.00 Y50.80 E0.1663
G1 X30.00 Y51.20 F3600
G1 X35.00 Y51.20 E0.1663
G1 X30.00 Y51.60 F3600
G1 X35.00 Y51.60 E0.1663
G1 X30.00 Y52.00 F3600
G1 X35.00 Y52.00 E0.1663
G1 X30.00 Y52.40 F3600
G1 X35.00 Y52.40 E0.1663
G1 X30.00 Y52.80 F3600
G1 X35.00 Y52.80 E0.1663
G1 X30.00 Y53.20 F3600
G1 X35.00 Y53.20 E0.1663
G1 X30.00 Y53.60 F3600
G1 X35.00 Y53.60 E0.1663
G1 X30.00 Y54.00 F3600
G1 X35.00 Y54.00 E0.1663
G1 X30.00 Y54.40 F3600
G1 X35.00 Y54.40 E0.1663
G1 E-1 F2700
G1 X30.00 Y45.00 F7200
G1 E1 F2700
G1 X35.00 Y45.00 E0.6652 F3600
G1 X35.00 Y50.00 E0.6652
G1 X30.00 Y50.00 E0.6652
G1 X30.00 Y45.00 E0.6652
G1 X30.00 Y45.40 F3600
G1 X35.00 Y45.40 E0.1663
G1 X30.00 Y45.80 F3600
G1 X35.00 Y45.80 E0.1663
G1 X30.00 Y46.20 F3600
G1 X35.00 Y46.20 E0.1663
G1 X30.00 Y46.60 F3600
G1 X35.00 Y46.60 E0.1663
G1 X30.00 Y47.00 F3600
G1 X35.00 Y47.00 E0.1663
G1 X30.00 Y47.40 F3600
G1 X35.00 Y47.40 E0.1663
G1 X30.00 Y47.80 F3600
G1 X35.00 Y47.80 E0.1663
G1 X30.00 Y48.20 F3600
G1 X35.00 Y48.20 E0.1663
G1 X30.00 Y48.60 F3600
G1 X35.00 Y48.60 E0.1663
G1 X30.00 Y49.00 F3600
G1 X35.00 Y49.00 E0.1663
G1 X30.00 Y49.40 F3600
G1 X35.00 Y49.40 E0.1663
G1 E-1 F2700
G1 X30.00 Y40.00 F7200
G1 E1 F2700
G1 X35.00 Y40.00 E0.6652 F3600
G1 X35.00 Y45.00 E0.6652
G1 X30.00 Y45.00 E0.6652
G1 X30.00 Y40.00 E0.6652
G1 X30.00 Y40.40 F3600
G1 X35.00 Y40.40 E0.1663
G1 X30.00 Y40.80 F3600
G1 X35.00 Y40.80 E0.1663
G1 X30.00 Y41.20 F3600
G1 X35.00 Y41.20 E0.1663
G1 X30.00 Y41.60 F3600
G1 X35.00 Y41.60 E0.1663
G1 X30.00 Y42.00 F3600
G1 X35.00 Y42.00 E0.1663
G1 X30.00 Y42.40 F3600
G1 X35.00 Y42.40 E0.1663
G1 X30.00 Y42.80 F3600
G1 X35.00 Y42.80 E0.1663
G1 X30.00 Y43.20 F3600
G1 X35.00 Y43.20 E0.1663
G1 X30.00 Y43.60 F3600
G1 X35.00 Y43.60 E0.1663
G1 X30.00 Y44.00 F3600
G1 X35.00 Y44.00 E0.1663
G1 X30.00 Y44.40 F3600
G1 X35.00 Y44.40 E0.1663
G1 E-1 F2700
G1 X30.00 Y35.00 F7200
G1 E1 F2700
G1 X35.00 Y35.00 E0.6652 F3600
G1 X35.00 Y40.00 E0.6652
G1 X30.00 Y40.00 E0.6652
G1 X30.00 Y35.00 E0.6652
G1 X30.00 Y35.40 F3600
G1 X35.00 Y35.40 E0.1663
G1 X30.00 Y35.80 F3600
G1 X35.00 Y35.80 E0.1663
G1 X30.00 Y36.20 F3600
G1 X35.00 Y36.20 E0.1663
G1 X30.00 Y36.60 F3600
G1 X35.00 Y36.60 E0.1663
G1 X30.00 Y37.00 F3600
G1 X35.00 Y37.00 E0.1663
G1 X30.00 Y37.40 F3600
G1 X35.00 Y37.40 E0.1663
G1 X30.00 Y37.80 F3600
G1 X35.00 Y37.80 E0.1663
G1 X30.00 Y38.20 F3600
G1 X35.00 Y38.20 E0.1663
G1 X30.00 Y38.60 F3600
G1 X35.00 Y38.60 E0.1663
G1 X30.00 Y39.00 F3600
G1 X35.00 Y39.00 E0.1663
G1 X30.00 Y39.40 F3600
G1 X35.00 Y39.40 E0.1663
G1 E-1 F2700
G1 X60.00 Y35.00 F7200
G1 E1 F2700
G1 X65.00 Y35.00 E0.6652 F3600
G1 X65.00 Y40.00 E0.6652
G1 X60.00 Y40.00 E0.6652
G1 X60.00 Y35.00 E0.6652
G1 X60.00 Y35.40 F3600
G1 X65.00 Y35.40 E0.1663
G1 X60.00 Y35.80 F3600
G1 X65.00 Y35.80 E0.1663
G1 X60.00 Y36.20 F3600
G1 X65.00 Y36.20 E0.1663
G1 X60.00 Y36.60 F3600
G1 X65.00 Y36.60 E0.1663
G1 X60.00 Y37.00 F3600
G1 X65.00 Y37.00 E0.1663
G1 X60.00 Y37.40 F3600
G1 X65.00 Y37.40 E0.1663
G1 X60.00 Y37.80 F3600
G1 X65.00 Y37.80 E0.1663
G1 X60.00 Y38.20 F3600
G1 X65.00 Y38.20 E0.1663
G1 X60.00 Y38.60 F3600
G1 X65.00 Y38.60 E0.1663
G1 X60.00 Y39.00 F3600
G1 X65.00 Y39.00 E0.1663
G1 X60.00 Y39.40 F3600
G1 X65.00 Y39.40 E0.1663
G1 E-1 F2700
G1 X35.00 Y30.00 F7200
G1 E1 F2700
G1 X40.00 Y30.00 E0.6652 F3600
G1 X40.00 Y35.00 E0.6652
G1 X35.00 Y35.00 E0.6652
G1 X35.00 Y30.00 E0.6652
G1 X35.00 Y30.40 F3600
G1 X40.00 Y30.40 E0.1663
G1 X35.00 Y30.80 F3600
G1 X40.00 Y30.80 E0.1663
G1 X35.00 Y31.20 F3600
G1 X40.00 Y31.20 E0.1663
G1 X35.00 Y31.60 F3600
G1 X40.00 Y31.60 E0.1663
G1 X35.00 Y32.00 F3600
G1 X40.00 Y32.00 E0.1663
G1 X35.00 Y32.40 F3600
G1 X40.00 Y32.40 E0.1663
G1 X35.00 Y32.80 F3600
G1 X40.00 Y32.80 E0.1663
G1 X35.00 Y33.20 F3600
G1 X40.00 Y33.20 E0.1663
G1 X35.00 Y33.60 F3600
G1 X40.00 Y33.60 E0.1663
G1 X35.00 Y34.00 F3600
G1 X40.00 Y34.00 E0.1663
G1 X35.00 Y34.40 F3600
G1 X40.00 Y34.40 E0.1663
G1 E-1 F2700
G1 X40.00 Y30.00 F7200
G1 E1 F2700
G1 X45.00 Y30.00 E0.6652 F3600
G1 X45.00 Y35.00 E0.6652
G1 X40.00 Y35.00 E0.6652
G1 X40.00 Y30.00 E0.6652
G1 X40.00 Y30.40 F3600
G1 X45.00 Y30.40 E0.1663
G1 X40.00 Y30.80 F3600
G1 X45.00 Y30.80 E0.1663
G1 X40.00 Y31.20 F3600
G1 X45.00 Y31.20 E0.1663
G1 X40.00 Y31.60 F3600
G1 X45.00 Y31.60 E0.1663
G1 X40.00 Y32.00 F3600
G1 X45.00 Y32.00 E0.1663
G1 X40.00 Y32.40 F3600
G1 X45.00 Y32.40 E0.1663
G1 X40.00 Y32.80 F3600
G1 X45.00 Y32.80 E0.1663
G1 X40.00 Y33.20 F3600
G1 X45.00 Y33.20 E0.1663
G1 X40.00 Y33.60 F3600
G1 X45.00 Y33.60 E0.1663
G1 X40.00 Y34.00 F3600
G1 X45.00 Y34.00 E0.1663
G1 X40.00 Y34.40 F3600
G1 X45.00 Y34.40 E0.1663
G1 E-1 F2700
G1 X45.00 Y30.00 F7200
G1 E1 F2700
G1 X50.00 Y30.00 E0.6652 F3600
G1 X50.00 Y35.00 E0.6652
G1 X45.00 Y35.00 E0.6652
G1 X45.00 Y30.00 E0.6652
G1 X45.00 Y30.40 F3600
G1 X50.00 Y30.40 E0.1663
G1 X45.00 Y30.80 F3600
G1 X50.00 Y30.80 E0.1663
G1 X45.00 Y31.20 F3600
G1 X50.00 Y31.20 E0.1663
G1 X45.00 Y31.60 F3600
G1 X50.00 Y31.60 E0.1663
G1 X45.00 Y32.00 F3600
G1 X50.00 Y32.00 E0.1663
G1 X45.00 Y32.40 F3600
G1 X50.00 Y32.40 E0.1663
G1 X45.00 Y32.80 F3600
G1 X50.00 Y32.80 E0.1663
G1 X45.00 Y33.20 F3600
G1 X50.00 Y33.20 E0.1663
G1 X45.00 Y33.60 F3600
G1 X50.00 Y33.60 E0.1663
G1 X45.00 Y34.00 F3600
G1 X50.00 Y34.00 E0.1663
G1 X45.00 Y34.40 F3600
G1 X50.00 Y34.40 E0.1663
G1 E-1 F2700
G1 X50.00 Y30.00 F7200
G1 E1 F2700
G1 X55.00 Y30.00 E0.6652 F3600
G1 X55.00 Y35.00 E0.6652
G1 X50.00 Y35.00 E0.6652
G1 X50.00 Y30.00 E0.6652
G1 X50.00 Y30.40 F3600
G1 X55.00 Y30.40 E0.1663
G1 X50.00 Y30.80 F3600
G1 X55.00 Y30.80 E0.1663
G1 X50.00 Y31.20 F3600
G1 X55.00 Y31.20 E0.1663
G1 X50.00 Y31.60 F3600
G1 X55.00 Y31.60 E0.1663
G1 X50.00 Y32.00 F3600
G1 X55.00 Y32.00 E0.1663
G1 X50.00 Y32.40 F3600
G1 X55.00 Y32.40 E0.1663
G1 X50.00 Y32.80 F3600
G1 X55.00 Y32.80 E0.1663
G1 X50.00 Y33.20 F3600
G1 X55.00 Y33.20 E0.1663
G1 X50.00 Y33.60 F3600
G1 X55.00 Y33.60 E0.1663
G1 X50.00 Y34.00 F3600
G1 X55.00 Y34.00 E0.1663
G1 X50.00 Y34.40 F3600
G1 X55.00 Y34.40 E0.1663
G1 E-1 F2700
G1 X55.00 Y30.00 F7200
G1 E1 F2700
G1 X60.00 Y30.00 E0.6652 F3600
G1 X60.00 Y35.00 E0.6652
G1 X55.00 Y35.00 E0.6652
G1 X55.00 Y30.00 E0.6652
G1 X55.00 Y30.40 F3600
G1 X60.00 Y30.40 E0.1663
G1 X55.00 Y30.80 F3600
G1 X60.00 Y30.80 E0.1663
G1 X55.00 Y31.20 F3600
G1 X60.00 Y31.20 E0.1663
G1 X55.00 Y31.60 F3600
G1 X60.00 Y31.60 E0.1663
G1 X55.00 Y32.00 F3600
G1 X60.00 Y32.00 E0.1663
G1 X55.00 Y32.40 F3600
G1 X60.00 Y32.40 E0.1663
G1 X55.00 Y32.80 F3600
G1 X60.00 Y32.80 E0.1663
G1 X55.00 Y33.20 F3600
G1 X60.00 Y33.20 E0.1663
G1 X55.00 Y33.60 F3600
G1 X60.00 Y33.60 E0.1663
G1 X55.00 Y34.00 F3600
G1 X60.00 Y34.00 E0.1663
G1 X55.00 Y34.40 F3600
G1 X60.00 Y34.40 E0.1663
G1 E-1 F2700
G1 X70.00 Y60.00 F7200
G1 E1 F2700
G1 X75.00 Y60.00 E0.6652 F3600
G1 X75.00 Y65.00 E0.6652
G1 X70.00 Y65.00 E0.6652
G1 X70.00 Y60.00 E0.6652
G1 X70.00 Y60.40 F3600
G1 X75.00 Y60.40 E0.1663
G1 X70.00 Y60.80 F3600
G1 X75.00 Y60.80 E0.1663
G1 X70.00 Y61.20 F3600
G1 X75.00 Y61.20 E0.1663
G1 X70.00 Y61.60 F3600
G1 X75.00 Y61.60 E0.1663
G1 X70.00 Y62.00 F3600
G1 X75.00 Y62.00 E0.1663
G1 X70.00 Y62.40 F3600
G1 X75.00 Y62.40 E0.1663
G1 X70.00 Y62.80 F3600
G1 X75.00 Y62.80 E0.1663
G1 X70.00 Y63.20 F3600
G1 X75.00 Y63.20 E0.1663
G1 X70.00 Y63.60 F3600
G1 X75.00 Y63.60 E0.1663
G1 X70.00 Y64.00 F3600
G1 X75.00 Y64.00 E0.1663
G1 X70.00 Y64.40 F3600
G1 X75.00 Y64.40 E0.1663
G1 E-1 F2700
G1 X75.00 Y60.00 F7200
G1 E1 F2700
G1 X80.00 Y60.00 E0.6652 F3600
G1 X80.00 Y65.00 E0.6652
G1 X75.00 Y65.00 E0.6652
G1 X75.00 Y60.00 E0.6652
G1 X75.00 Y60.40 F3600
G1 X80.00 Y60.40 E0.1663
G1 X75.00 Y60.80 F3600
G1 X80.00 Y60.80 E0.1663
G1 X75.00 Y61.20 F3600
G1 X80.00 Y61.20 E0.1663
G1 X75.00 Y61.60 F3600
G1 X80.00 Y61.60 E0.1663
G1 X75.00 Y62.00 F3600
G1 X80.00 Y62.00 E0.1663
G1 X75.00 Y62.40 F3600
G1 X80.00 Y62.40 E0.1663
G1 X75.00 Y62.80 F3600
G1 X80.00 Y62.80 E0.1663
G1 X75.00 Y63.20 F3600
G1 X80.00 Y63.20 E0.1663
G1 X75.00 Y63.60 F3600
G1 X80.00 Y63.60 E0.1663
G1 X75.00 Y64.00 F3600
G1 X80.00 Y64.00 E0.1663
G1 X75.00 Y64.40 F3600
G1 X80.00 Y64.40 E0.1663
G1 E-1 F2700
G1 X80.00 Y60.00 F7200
G1 E1 F2700
G1 X85.00 Y60.00 E0.6652 F3600
G1 X85.00 Y65.00 E0.6652
G1 X80.00 Y65.00 E0.6652
G1 X80.00 Y60.00 E0.6652
G1 X80.00 Y60.40 F3600
G1 X85.00 Y60.40 E0.1663
G1 X80.00 Y60.80 F3600
G1 X85.00 Y60.80 E0.1663
G1 X80.00 Y61.20 F3600
G1 X85.00 Y61.20 E0.1663
G1 X80.00 Y61.60 F3600
G1 X85.00 Y61.60 E0.1663
G1 X80.00 Y62.00 F3600
G1 X85.00 Y62.00 E0.1663
G1 X80.00 Y62.40 F3600
G1 X85.00 Y62.40 E0.1663
G1 X80.00 Y62.80 F3600
G1 X85.00 Y62.80 E0.1663
G1 X80.00 Y63.20 F3600
G1 X85.00 Y63.20 E0.1663
G1 X80.00 Y63.60 F3600
G1 X85.00 Y63.60 E0.1663
G1 X80.00 Y64.00 F3600
G1 X85.00 Y64.00 E0.1663
G1 X80.00 Y64.40 F3600
G1 X85.00 Y64.40 E0.1663
G1 E-1 F2700
G1 X85.00 Y60.00 F7200
G1 E1 F2700
G1 X90.00 Y60.00 E0.6652 F3600
G1 X90.00 Y65.00 E0.6652
G1 X85.00 Y65.00 E0.6652
G1 X85.00 Y60.00 E0.6652
G1 X85.00 Y60.40 F3600
G1 X90.00 Y60.40 E0.1663
G1 X85.00 Y60.80 F3600
G1 X90.00 Y60.80 E0.1663
G1 X85.00 Y61.20 F3600
G1 X90.00 Y61.20 E0.1663
G1 X85.00 Y61.60 F3600
G1 X90.00 Y61.60 E0.1663
G1 X85.00 Y62.00 F3600
G1 X90.00 Y62.00 E0.1663
G1 X85.00 Y62.40 F3600
G1 X90.00 Y62.40 E0.1663
G1 X85.00 Y62.80 F3600
G1 X90.00 Y62.80 E0.1663
G1 X85.00 Y63.20 F3600
G1 X90.00 Y63.20 E0.1663
G1 X85.00 Y63.60 F3600
G1 X90.00 Y63.60 E0.1663
G1 X85.00 Y64.00 F3600
G1 X90.00 Y64.00 E0.1663
G1 X85.00 Y64.40 F3600
G1 X90.00 Y64.40 E0.1663
G1 E-1 F2700
G1 X90.00 Y60.00 F7200
G1 E1 F2700
G1 X95.00 Y60.00 E0.6652 F3600
G1 X95.00 Y65.00 E0.6652
G1 X90.00 Y65.00 E0.6652
G1 X90.00 Y60.00 E0.6652
G1 X90.00 Y60.40 F3600
G1 X95.00 Y60.40 E0.1663
G1 X90.00 Y60.80 F3600
G1 X95.00 Y60.80 E0.1663
G1 X90.00 Y61.20 F3600
G1 X95.00 Y61.20 E0.1663
G1 X90.00 Y61.60 F3600
G1 X95.00 Y61.60 E0.1663
G1 X90.00 Y62.00 F3600
G1 X95.00 Y62.00 E0.1663
G1 X90.00 Y62.40 F3600
G1 X95.00 Y62.40 E0.1663
G1 X90.00 Y62.80 F3600
G1 X95.00 Y62.80 E0.1663
G1 X90.00 Y63.20 F3600
G1 X95.00 Y63.20 E0.1663
G1 X90.00 Y63.60 F3600
G1 X95.00 Y63.60 E0.1663
G1 X90.00 Y64.00 F3600
G1 X95.00 Y64.00 E0.1663
G1 X90.00 Y64.40 F3600
G1 X95.00 Y64.40 E0.1663
G1 E-1 F2700
G1 X95.00 Y60.00 F7200
G1 E1 F2700
G1 X100.00 Y60.00 E0.6652 F3600
G1 X100.00 Y65.00 E0.6652
G1 X95.00 Y65.00 E0.6652
G1 X95.00 Y60.00 E0.6652
G1 X95.00 Y60.40 F3600
G1 X100.00 Y60.40 E0.1663
G1 X95.00 Y60.80 F3600
G1 X100.00 Y60.80 E0.1663
G1 X95.00 Y61.20 F3600
G1 X100.00 Y61.20 E0.1663
G1 X95.00 Y61.60 F3600
G1 X100.00 Y61.60 E0.1663
G1 X95.00 Y62.00 F3600
G1 X100.00 Y62.00 E0.1663
G1 X95.00 Y62.40 F3600
G1 X100.00 Y62.40 E0.1663
G1 X95.00 Y62.80 F3600
G1 X100.00 Y62.80 E0.1663
G1 X95.00 Y63.20 F3600
G1 X100.00 Y63.20 E0.1663
G1 X95.00 Y63.60 F3600
G1 X100.00 Y63.60 E0.1663
G1 X95.00 Y64.00 F3600
G1 X100.00 Y64.00 E0.1663
G1 X95.00 Y64.40 F3600
G1 X100.00 Y64.40 E0.1663
G1 E-1 F2700
G1 X70.00 Y55.00 F7200
G1 E1 F2700
G1 X75.00 Y55.00 E0.6652 F3600
G1 X75.00 Y60.00 E0.6652
G1 X70.00 Y60.00 E0.6652
G1 X70.00 Y55.00 E0.6652
G1 X70.00 Y55.40 F3600
G1 X75.00 Y55.40 E0.1663
G1 X70.00 Y55.80 F3600
G1 X75.00 Y55.80 E0.1663
G1 X70.00 Y56.20 F3600
G1 X75.00 Y56.20 E0.1663
G1 X70.00 Y56.60 F3600
G1 X75.00 Y56.60 E0.1663
G1 X70.00 Y57.00 F3600
G1 X75.00 Y57.00 E0.1663
G1 X70.00 Y57.40 F3600
G1 X75.00 Y57.40 E0.1663
G1 X70.00 Y57.80 F3600
G1 X75.00 Y57.80 E0.1663
G1 X70.00 Y58.20 F3600
G1 X75.00 Y58.20 E0.1663
G1 X70.00 Y58.60 F3600
G1 X75.00 Y58.60 E0.1663
G1 X70.00 Y59.00 F3600
G1 X75.00 Y59.00 E0.1663
G1 X70.00 Y59.40 F3600
G1 X75.00 Y59.40 E0.1663
G1 E-1 F2700
G1 X100.00 Y55.00 F7200
G1 E1 F2700
G1 X105.00 Y55.00 E0.6652 F3600
G1 X105.00 Y60.00 E0.6652
G1 X100.00 Y60.00 E0.6652
G1 X100.00 Y55.00 E0.6652
G1 X100.00 Y55.40 F3600
G1 X105.00 Y55.40 E0.1663
G1 X100.00 Y55.80 F3600
G1 X105.00 Y55.80 E0.1663
G1 X100.00 Y56.20 F3600
G1 X105.00 Y56.20 E0.1663
G1 X100.00 Y56.60 F3600
G1 X105.00 Y56.60 E0.1663
G1 X100.00 Y57.00 F3600
G1 X105.00 Y57.00 E0.1663
G1 X100.00 Y57.40 F3600
G1 X105.00 Y57.40 E0.1663
G1 X100.00 Y57.80 F3600
G1 X105.00 Y57.80 E0.1663
G1 X100.00 Y58.20 F3600
G1 X105.00 Y58.20 E0.1663
G1 X100.00 Y58.60 F3600
G1 X105.00 Y58.60 E0.1663
G1 X100.00 Y59.00 F3600
G1 X105.00 Y59.00 E0.1663
G1 X100.00 Y59.40 F3600
G1 X105.00 Y59.40 E0.1663
G1 E-1 F2700
G1 X70.00 Y50.00 F7200
G1 E1 F2700
G1 X75.00 Y50.00 E0.6652 F3600
G1 X75.00 Y55.00 E0.6652
G1 X70.00 Y55.00 E0.6652
G1 X70.00 Y50.00 E0.6652
G1 X70.00 Y50.40 F3600
G1 X75.00 Y50.40 E0.1663
G1 X70.00 Y50.80 F3600
G1 X75.00 Y50.80 E0.1663
G1 X70.00 Y51.20 F3600
G1 X75.00 Y51.20 E0.1663
G1 X70.00 Y51.60 F3600
G1 X75.00 Y51.60 E0.1663
G1 X70.00 Y52.00 F3600
G1 X75.00 Y52.00 E0.1663
G1 X70.00 Y52.40 F3600
G1 X75.00 Y52.40 E0.1663
G1 X70.00 Y52.80 F3600
G1 X75.00 Y52.80 E0.1663
G1 X70.00 Y53.20 F3600
G1 X75.00 Y53.20 E0.1663
G1 X70.00 Y53.60 F3600
G1 X75.00 Y53.60 E0.1663
G1 X70.00 Y54.00 F3600
G1 X75.00 Y54.00 E0.1663
G1 X70.00 Y54.40 F3600
G1 X75.00 Y54.40 E0.1663
G1 E-1 F2700
G1 X100.00 Y50.00 F7200
G1 E1 F2700
G1 X105.00 Y50.00 E0.6652 F3600
G1 X105.00 Y55.00 E0.6652
G1 X100.00 Y55.00 E0.6652
G1 X100.00 Y50.00 E0.6652
G1 X100.00 Y50.40 F3600
G1 X105.00 Y50.40 E0.1663
G1 X100.00 Y50.80 F3600
G1 X105.00 Y50.80 E0.1663
G1 X100.00 Y51.20 F3600
G1 X105.00 Y51.20 E0.1663
G1 X100.00 Y51.60 F3600
G1 X105.00 Y51.60 E0.1663
G1 X100.00 Y52.00 F3600
G1 X105.00 Y52.00 E0.1663
G1 X100.00 Y52.40 F3600
G1 X105.00 Y52.40 E0.1663
G1 X100.00 Y52.80 F3600
G1 X105.00 Y52.80 E0.1663
G1 X100.00 Y53.20 F3600
G1 X105.00 Y53.20 E0.1663
G1 X100.00 Y53.60 F3600
G1 X105.00 Y53.60 E0.1663
G1 X100.00 Y54.00 F3600
G1 X105.00 Y54.00 E0.1663
G1 X100.00 Y54.40 F3600
G1 X105.00 Y54.40 E0.1663
G1 E-1 F2700
G1 X70.00 Y45.00 F7200
G1 E1 F2700
G1 X75.00 Y45.00 E0.6652 F3600
G1 X75.00 Y50.00 E0.6652
G1 X70.00 Y50.00 E0.6652
G1 X70.00 Y45.00 E0.6652
G1 X70.00 Y45.40 F3600
G1 X75.00 Y45.40 E0.1663
G1 X70.00 Y45.80 F3600
G1 X75.00 Y45.80 E0.1663
G1 X70.00 Y46.20 F3600
G1 X75.00 Y46.20 E0.1663
G1 X70.00 Y46.60 F3600
G1 X75.00 Y46.60 E0.1663
G1 X70.00 Y47.00 F3600
G1 X75.00 Y47.00 E0.1663
G1 X70.00 Y47.40 F3600
G1 X75.00 Y47.40 E0.1663
G1 X70.00 Y47.80 F3600
G1 X75.00 Y47.80 E0.1663
G1 X70.00 Y48.20 F3600
G1 X75.00 Y48.20 E0.1663
G1 X70.00 Y48.60 F3600
G1 X75.00 Y48.60 E0.1663
G1 X70.00 Y49.00 F3600
G1 X75.00 Y49.00 E0.1663
G1 X70.00 Y49.40 F3600
G1 X75.00 Y49.40 E0.1663
G1 E-1 F2700
G1 X75.00 Y45.00 F7200
G1 E1 F2700
G1 X80.00 Y45.00 E0.6652 F3600
G1 X80.00 Y50.00 E0.6652
G1 X75.00 Y50.00 E0.6652
G1 X75.00 Y45.00 E0.6652
G1 X75.00 Y45.40 F3600
G1 X80.00 Y45.40 E0.1663
G1 X75.00 Y45.80 F3600
G1 X80.00 Y45.80 E0.1663
G1 X75.00 Y46.20 F3600
G1 X80.00 Y46.20 E0.1663
G1 X75.00 Y46.60 F3600
G1 X80.00 Y46.60 E0.1663
G1 X75.00 Y47.00 F3600
G1 X80.00 Y47.00 E0.1663
G1 X75.00 Y47.40 F3600
G1 X80.00 Y47.40 E0.1663
G1 X75.00 Y47.80 F3600
G1 X80.00 Y47.80 E0.1663
G1 X75.00 Y48.20 F3600
G1 X80.00 Y48.20 E0.1663
G1 X75.00 Y48.60 F3600
G1 X80.00 Y48.60 E0.1663
G1 X75.00 Y49.00 F3600
G1 X80.00 Y49.00 E0.1663
G1 X75.00 Y49.40 F3600
G1 X80.00 Y49.40 E0.1663
G1 E-1 F2700
G1 X80.00 Y45.00 F7200
G1 E1 F2700
G1 X85.00 Y45.00 E0.6652 F3600
G1 X85.00 Y50.00 E0.6652
G1 X80.00 Y50.00 E0.6652
G1 X80.00 Y45.00 E0.6652
G1 X80.00 Y45.40 F3600
G1 X85.00 Y45.40 E0.1663
G1 X80.00 Y45.80 F3600
G1 X85.00 Y45.80 E0.1663
G1 X80.00 Y46.20 F3600
G1 X85.00 Y46.20 E0.1663
G1 X80.00 Y46.60 F3600
G1 X85.00 Y46.60 E0.1663
G1 X80.00 Y47.00 F3600
G1 X85.00 Y47.00 E0.1663
G1 X80.00 Y47.40 F3600
G1 X85.00 Y47.40 E0.1663
G1 X80.00 Y47.80 F3600
G1 X85.00 Y47.80 E0.1663
G1 X80.00 Y48.20 F3600
G1 X85.00 Y48.20 E0.1663
G1 X80.00 Y48.60 F3600
G1 X85.00 Y48.60 E0.1663
G1 X80.00 Y49.00 F3600
G1 X85.00 Y49.00 E0.1663
G1 X80.00 Y49.40 F3600
G1 X85.00 Y49.40 E0.1663
G1 E-1 F2700
G1 X85.00 Y45.00 F7200
G1 E1 F2700
G1 X90.00 Y45.00 E0.6652 F3600
G1 X90.00 Y50.00 E0.6652
G1 X85.00 Y50.00 E0.6652
G1 X85.00 Y45.00 E0.6652
G1 X85.00 Y45.40 F3600
G1 X90.00 Y45.40 E0.1663
G1 X85.00 Y45.80 F3600
G1 X90.00 Y45.80 E0.1663
G1 X85.00 Y46.20 F3600
G1 X90.00 Y46.20 E0.1663
G1 X85.00 Y46.60 F3600
G1 X90.00 Y46.60 E0.1663
G1 X85.00 Y47.00 F3600
G1 X90.00 Y47.00 E0.1663
G1 X85.00 Y47.40 F3600
G1 X90.00 Y47.40 E0.1663
G1 X85.00 Y47.80 F3600
G1 X90.00 Y47.80 E0.1663
G1 X85.00 Y48.20 F3600
G1 X90.00 Y48.20 E0.1663
G1 X85.00 Y48.60 F3600
G1 X90.00 Y48.60 E0.1663
G1 X85.00 Y49.00 F3600
G1 X90.00 Y49.00 E0.1663
G1 X85.00 Y49.40 F3600
G1 X90.00 Y49.40 E0.1663
G1 E-1 F2700
G1 X90.00 Y45.00 F7200
G1 E1 F2700
G1 X95.00 Y45.00 E0.6652 F3600
G1 X95.00 Y50.00 E0.6652
G1 X90.00 Y50.00 E0.6652
G1 X90.00 Y45.00 E0.6652
G1 X90.00 Y45.40 F3600
G1 X95.00 Y45.40 E0.1663
G1 X90.00 Y45.80 F3600
G1 X95.00 Y45.80 E0.1663
G1 X90.00 Y46.20 F3600
G1 X95.00 Y46.20 E0.1663
G1 X90.00 Y46.60 F3600
G1 X95.00 Y46.60 E0.1663
G1 X90.00 Y47.00 F3600
G1 X95.00 Y47.00 E0.1663
G1 X90.00 Y47.40 F3600
G1 X95.00 Y47.40 E0.1663
G1 X90.00 Y47.80 F3600
G1 X95.00 Y47.80 E0.1663
G1 X90.00 Y48.20 F3600
G1 X95.00 Y48.20 E0.1663
G1 X90.00 Y48.60 F3600
G1 X95.00 Y48.60 E0.1663
G1 X90.00 Y49.00 F3600
G1 X95.00 Y49.00 E0.1663
G1 X90.00 Y49.40 F3600
G1 X95.00 Y49.40 E0.1663
G1 E-1 F2700
G1 X95.00 Y45.00 F7200
G1 E1 F2700
G1 X100.00 Y45.00 E0.6652 F3600
G1 X100.00 Y50.00 E0.6652
G1 X95.00 Y50.00 E0.6652
G1 X95.00 Y45.00 E0.6652
G1 X95.00 Y45.40 F3600
G1 X100.00 Y45.40 E0.1663
G1 X95.00 Y45.80 F3600
G1 X100.00 Y45.80 E0.1663
G1 X95.00 Y46.20 F3600
G1 X100.00 Y46.20 E0.1663
G1 X95.00 Y46.60 F3600
G1 X100.00 Y46.60 E0.1663
G1 X95.00 Y47.00 F3600
G1 X100.00 Y47.00 E0.1663
G1 X95.00 Y47.40 F3600
G1 X100.00 Y47.40 E0.1663
G1 X95.00 Y47.80 F3600
G1 X100.00 Y47.80 E0.1663
G1 X95.00 Y48.20 F3600
G1 X100.00 Y48.20 E0.1663
G1 X95.00 Y48.60 F3600
G1 X100.00 Y48.60 E0.1663
G1 X95.00 Y49.00 F3600
G1 X100.00 Y49.00 E0.1663
G1 X95.00 Y49.40 F3600
G1 X100.00 Y49.40 E0.1663
G1 E-1 F2700
G1 X70.00 Y40.00 F7200
G1 E1 F2700
G1 X75.00 Y40.00 E0.6652 F3600
G1 X75.00 Y45.00 E0.6652
G1 X70.00 Y45.00 E0.6652
G1 X70.00 Y40.00 E0.6652
G1 X70.00 Y40.40 F3600
G1 X75.00 Y40.40 E0.1663
G1 X70.00 Y40.80 F3600
G1 X75.00 Y40.80 E0.1663
G1 X70.00 Y41.20 F3600
G1 X75.00 Y41.20 E0.1663
G1 X70.00 Y41.60 F3600
G1 X75.00 Y41.60 E0.1663
G1 X70.00 Y42.00 F3600
G1 X75.00 Y42.00 E0.1663
G1 X70.00 Y42.40 F3600
G1 X75.00 Y42.40 E0.1663
G1 X70.00 Y42.80 F3600
G1 X75.00 Y42.80 E0.1663
G1 X70.00 Y43.20 F3600
G1 X75.00 Y43.20 E0.1663
G1 X70.00 Y43.60 F3600
G1 X75.00 Y43.60 E0.1663
G1 X70.00 Y44.00 F3600
G1 X75.00 Y44.00 E0.1663
G1 X70.00 Y44.40 F3600
G1 X75.00 Y44.40 E0.1663
G1 E-1 F2700
G1 X70.00 Y35.00 F7200
G1 E1 F2700
G1 X75.00 Y35.00 E0.6652 F3600
G1 X75.00 Y40.00 E0.6652
G1 X70.00 Y40.00 E0.6652
G1 X70.00 Y35.00 E0.6652
G1 X70.00 Y35.40 F3600
G1 X75.00 Y35.40 E0.1663
G1 X70.00 Y35.80 F3600
G1 X75.00 Y35.80 E0.1663
G1 X70.00 Y36.20 F3600
G1 X75.00 Y36.20 E0.1663
G1 X70.00 Y36.60 F3600
G1 X75.00 Y36.60 E0.1663
G1 X70.00 Y37.00 F3600
G1 X75.00 Y37.00 E0.1663
G1 X70.00 Y37.40 F3600
G1 X75.00 Y37.40 E0.1663
G1 X70.00 Y37.80 F3600
G1 X75.00 Y37.80 E0.1663
G1 X70.00 Y38.20 F3600
G1 X75.00 Y38.20 E0.1663
G1 X70.00 Y38.60 F3600
G1 X75.00 Y38.60 E0.1663
G1 X70.00 Y39.00 F3600
G1 X75.00 Y39.00 E0.1663
G1 X70.00 Y39.40 F3600
G1 X75.00 Y39.40 E0.1663
G1 E-1 F2700
G1 X70.00 Y30.00 F7200
G1 E1 F2700
G1 X75.00 Y30.00 E0.6652 F3600
G1 X75.00 Y35.00 E0.6652
G1 X70.00 Y35.00 E0.6652
G1 X70.00 Y30.00 E0.6652
G1 X70.00 Y30.40 F3600
G1 X75.00 Y30.40 E0.1663
G1 X70.00 Y30.80 F3600
G1 X75.00 Y30.80 E0.1663
G1 X70.00 Y31.20 F3600
G1 X75.00 Y31.20 E0.1663
G1 X70.00 Y31.60 F3600
G1 X75.00 Y31.60 E0.1663
G1 X70.00 Y32.00 F3600
G1 X75.00 Y32.00 E0.1663
G1 X70.00 Y32.40 F3600
G1 X75.00 Y32.40 E0.1663
G1 X70.00 Y32.80 F3600
G1 X75.00 Y32.80 E0.1663
G1 X70.00 Y33.20 F3600
G1 X75.00 Y33.20 E0.1663
G1 X70.00 Y33.60 F3600
G1 X75.00 Y33.60 E0.1663
G1 X70.00 Y34.00 F3600
G1 X75.00 Y34.00 E0.1663
G1 X70.00 Y34.40 F3600
G1 X75.00 Y34.40 E0.1663
G1 E-1 F2700
G1 X115.00 Y60.00 F7200
G1 E1 F2700
G1 X120.00 Y60.00 E0.6652 F3600
G1 X120.00 Y65.00 E0.6652
G1 X115.00 Y65.00 E0.6652
G1 X115.00 Y60.00 E0.6652
G1 X115.00 Y60.40 F3600
G1 X120.00 Y60.40 E0.1663
G1 X115.00 Y60.80 F3600
G1 X120.00 Y60.80 E0.1663
G1 X115.00 Y61.20 F3600
G1 X120.00 Y61.20 E0.1663
G1 X115.00 Y61.60 F3600
G1 X120.00 Y61.60 E0.1663
G1 X115.00 Y62.00 F3600
G1 X120.00 Y62.00 E0.1663
G1 X115.00 Y62.40 F3600
G1 X120.00 Y62.40 E0.1663
G1 X115.00 Y62.80 F3600
G1 X120.00 Y62.80 E0.1663
G1 X115.00 Y63.20 F3600
G1 X120.00 Y63.20 E0.1663
G1 X115.00 Y63.60 F3600
G1 X120.00 Y63.60 E0.1663
G1 X115.00 Y64.00 F3600
G1 X120.00 Y64.00 E0.1663
G1 X115.00 Y64.40 F3600
G1 X120.00 Y64.40 E0.1663
G1 E-1 F2700
G1 X120.00 Y60.00 F7200
G1 E1 F2700
G1 X125.00 Y60.00 E0.6652 F3600
G1 X125.00 Y65.00 E0.6652
G1 X120.00 Y65.00 E0.6652
G1 X120.00 Y60.00 E0.6652
G1 X120.00 Y60.40 F3600
G1 X125.00 Y60.40 E0.1663
G1 X120.00 Y60.80 F3600
G1 X125.00 Y60.80 E0.1663
G1 X120.00 Y61.20 F3600
G1 X125.00 Y61.20 E0.1663
G1 X120.00 Y61.60 F3600
G1 X125.00 Y61.60 E0.1663
G1 X120.00 Y62.00 F3600
G1 X125.00 Y62.00 E0.1663
G1 X120.00 Y62.40 F3600
G1 X125.00 Y62.40 E0.1663
G1 X120.00 Y62.80 F3600
G1 X125.00 Y62.80 E0.1663
G1 X120.00 Y63.20 F3600
G1 X125.00 Y63.20 E0.1663
G1 X120.00 Y63.60 F3600
G1 X125.00 Y63.60 E0.1663
G1 X120.00 Y64.00 F3600
G1 X125.00 Y64.00 E0.1663
G1 X120.00 Y64.40 F3600
G1 X125.00 Y64.40 E0.1663
G1 E-1 F2700
G1 X125.00 Y60.00 F7200
G1 E1 F2700
G1 X130.00 Y60.00 E0.6652 F3600
G1 X130.00 Y65.00 E0.6652
G1 X125.00 Y65.00 E0.6652
G1 X125.00 Y60.00 E0.6652
G1 X125.00 Y60.40 F3600
G1 X130.00 Y60.40 E0.1663
G1 X125.00 Y60.80 F3600
G1 X130.00 Y60.80 E0.1663
G1 X125.00 Y61.20 F3600
G1 X130.00 Y61.20 E0.1663
G1 X125.00 Y61.60 F3600
G1 X130.00 Y61.60 E0.1663
G1 X125.00 Y62.00 F3600
G1 X130.00 Y62.00 E0.1663
G1 X125.00 Y62.40 F3600
G1 X130.00 Y62.40 E0.1663
G1 X125.00 Y62.80 F3600
G1 X130.00 Y62.80 E0.1663
G1 X125.00 Y63.20 F3600
G1 X130.00 Y63.20 E0.1663
G1 X125.00 Y63.60 F3600
G1 X130.00 Y63.60 E0.1663
G1 X125.00 Y64.00 F3600
G1 X130.00 Y64.00 E0.1663
G1 X125.00 Y64.40 F3600
G1 X130.00 Y64.40 E0.1663
G1 E-1 F2700
G1 X130.00 Y60.00 F7200
G1 E1 F2700
G1 X135.00 Y60.00 E0.6652 F3600
G1 X135.00 Y65.00 E0.6652
G1 X130.00 Y65.00 E0.6652
G1 X130.00 Y60.00 E0.6652
G1 X130.00 Y60.40 F3600
G1 X135.00 Y60.40 E0.1663
G1 X130.00 Y60.80 F3600
G1 X135.00 Y60.80 E0.1663
G1 X130.00 Y61.20 F3600
G1 X135.00 Y61.20 E0.1663
G1 X130.00 Y61.60 F3600
G1 X135.00 Y61.60 E0.1663
G1 X130.00 Y62.00 F3600
G1 X135.00 Y62.00 E0.1663
G1 X130.00 Y62.40 F3600
G1 X135.00 Y62.40 E0.1663
G1 X130.00 Y62.80 F3600
G1 X135.00 Y62.80 E0.1663
G1 X130.00 Y63.20 F3600
G1 X135.00 Y63.20 E0.1663
G1 X130.00 Y63.60 F3600
G1 X135.00 Y63.60 E0.1663
G1 X130.00 Y64.00 F3600
G1 X135.00 Y64.00 E0.1663
G1 X130.00 Y64.40 F3600
G1 X135.00 Y64.40 E0.1663
G1 E-1 F2700
G1 X135.00 Y60.00 F7200
G1 E1 F2700
G1 X140.00 Y60.00 E0.6652 F3600
G1 X140.00 Y65.00 E0.6652
G1 X135.00 Y65.00 E0.6652
G1 X135.00 Y60.00 E0.6652
G1 X135.00 Y60.40 F3600
G1 X140.00 Y60.40 E0.1663
G1 X135.00 Y60.80 F3600
G1 X140.00 Y60.80 E0.1663
G1 X135.00 Y61.20 F3600
G1 X140.00 Y61.20 E0.1663
G1 X135.00 Y61.60 F3600
G1 X140.00 Y61.60 E0.1663
G1 X135.00 Y62.00 F3600
G1 X140.00 Y62.00 E0.1663
G1 X135.00 Y62.40 F3600
G1 X140.00 Y62.40 E0.1663
G1 X135.00 Y62.80 F3600
G1 X140.00 Y62.80 E0.1663
G1 X135.00 Y63.20 F3600
G1 X140.00 Y63.20 E0.1663
G1 X135.00 Y63.60 F3600
G1 X140.00 Y63.60 E0.1663
G1 X135.00 Y64.00 F3600
G1 X140.00 Y64.00 E0.1663
G1 X135.00 Y64.40 F3600
G1 X140.00 Y64.40 E0.1663
G1 E-1 F2700
G1 X110.00 Y55.00 F7200
G1 E1 F2700
G1 X115.00 Y55.00 E0.6652 F3600
G1 X115.00 Y60.00 E0.6652
G1 X110.00 Y60.00 E0.6652
G1 X110.00 Y55.00 E0.6652
G1 X110.00 Y55.40 F3600
G1 X115.00 Y55.40 E0.1663
G1 X110.00 Y55.80 F3600
G1 X115.00 Y55.80 E0.1663
G1 X110.00 Y56.20 F3600
G1 X115.00 Y56.20 E0.1663
G1 X110.00 Y56.60 F3600
G1 X115.00 Y56.60 E0.1663
G1 X110.00 Y57.00 F3600
G1 X115.00 Y57.00 E0.1663
G1 X110.00 Y57.40 F3600
G1 X115.00 Y57.40 E0.1663
G1 X110.00 Y57.80 F3600
G1 X115.00 Y57.80 E0.1663
G1 X110.00 Y58.20 F3600
G1 X115.00 Y58.20 E0.1663
G1 X110.00 Y58.60 F3600
G1 X115.00 Y58.60 E0.1663
G1 X110.00 Y59.00 F3600
G1 X115.00 Y59.00 E0.1663
G1 X110.00 Y59.40 F3600
G1 X115.00 Y59.40 E0.1663
G1 E-1 F2700
G1 X140.00 Y55.00 F7200
G1 E1 F2700
G1 X145.00 Y55.00 E0.6652 F3600
G1 X145.00 Y60.00 E0.6652
G1 X140.00 Y60.00 E0.6652
G1 X140.00 Y55.00 E0.6652
G1 X140.00 Y55.40 F3600
G1 X145.00 Y55.40 E0.1663
G1 X140.00 Y55.80 F3600
G1 X145.00 Y55.80 E0.1663
G1 X140.00 Y56.20 F3600
G1 X145.00 Y56.20 E0.1663
G1 X140.00 Y56.60 F3600
G1 X145.00 Y56.60 E0.1663
G1 X140.00 Y57.00 F3600
G1 X145.00 Y57.00 E0.1663
G1 X140.00 Y57.40 F3600
G1 X145.00 Y57.40 E0.1663
G1 X140.00 Y57.80 F3600
G1 X145.00 Y57.80 E0.1663
G1 X140.00 Y58.20 F3600
G1 X145.00 Y58.20 E0.1663
G1 X140.00 Y58.60 F3600
G1 X145.00 Y58.60 E0.1663
G1 X140.00 Y59.00 F3600
G1 X145.00 Y59.00 E0.1663
G1 X140.00 Y59.40 F3600
G1 X145.00 Y59.40 E0.1663
G1 E-1 F2700
G1 X140.00 Y50.00 F7200
G1 E1 F2700
G1 X145.00 Y50.00 E0.6652 F3600
G1 X145.00 Y55.00 E0.6652
G1 X140.00 Y55.00 E0.6652
G1 X140.00 Y50.00 E0.6652
G1 X140.00 Y50.40 F3600
G1 X145.00 Y50.40 E0.1663
G1 X140.00 Y50.80 F3600
G1 X145.00 Y50.80 E0.1663
G1 X140.00 Y51.20 F3600
G1 X145.00 Y51.20 E0.1663
G1 X140.00 Y51.60 F3600
G1 X145.00 Y51.60 E0.1663
G1 X140.00 Y52.00 F3600
G1 X145.00 Y52.00 E0.1663
G1 X140.00 Y52.40 F3600
G1 X145.00 Y52.40 E0.1663
G1 X140.00 Y52.80 F3600
G1 X145.00 Y52.80 E0.1663
G1 X140.00 Y53.20 F3600
G1 X145.00 Y53.20 E0.1663
G1 X140.00 Y53.60 F3600
G1 X145.00 Y53.60 E0.1663
G1 X140.00 Y54.00 F3600
G1 X145.00 Y54.00 E0.1663
G1 X140.00 Y54.40 F3600
G1 X145.00 Y54.40 E0.1663
G1 E-1 F2700
G1 X125.00 Y45.00 F7200
G1 E1 F2700
G1 X130.00 Y45.00 E0.6652 F3600
G1 X130.00 Y50.00 E0.6652
G1 X125.00 Y50.00 E0.6652
G1 X125.00 Y45.00 E0.6652
G1 X125.00 Y45.40 F3600
G1 X130.00 Y45.40 E0.1663
G1 X125.00 Y45.80 F3600
G1 X130.00 Y45.80 E0.1663
G1 X125.00 Y46.20 F3600
G1 X130.00 Y46.20 E0.1663
G1 X125.00 Y46.60 F3600
G1 X130.00 Y46.60 E0.1663
G1 X125.00 Y47.00 F3600
G1 X130.00 Y47.00 E0.1663
G1 X125.00 Y47.40 F3600
G1 X130.00 Y47.40 E0.1663
G1 X125.00 Y47.80 F3600
G1 X130.00 Y47.80 E0.1663
G1 X125.00 Y48.20 F3600
G1 X130.00 Y48.20 E0.1663
G1 X125.00 Y48.60 F3600
G1 X130.00 Y48.60 E0.1663
G1 X125.00 Y49.00 F3600
G1 X130.00 Y49.00 E0.1663
G1 X125.00 Y49.40 F3600
G1 X130.00 Y49.40 E0.1663
G1 E-1 F2700
G1 X130.00 Y45.00 F7200
G1 E1 F2700
G1 X135.00 Y45.00 E0.6652 F3600
G1 X135.00 Y50.00 E0.6652
G1 X130.00 Y50.00 E0.6652
G1 X130.00 Y45.00 E0.6652
G1 X130.00 Y45.40 F3600
G1 X135.00 Y45.40 E0.1663
G1 X130.00 Y45.80 F3600
G1 X135.00 Y45.80 E0.1663
G1 X130.00 Y46.20 F3600
G1 X135.00 Y46.20 E0.1663
G1 X130.00 Y46.60 F3600
G1 X135.00 Y46.60 E0.1663
G1 X130.00 Y47.00 F3600
G1 X135.00 Y47.00 E0.1663
G1 X130.00 Y47.40 F3600
G1 X135.00 Y47.40 E0.1663
G1 X130.00 Y47.80 F3600
G1 X135.00 Y47.80 E0.1663
G1 X130.00 Y48.20 F3600
G1 X135.00 Y48.20 E0.1663
G1 X130.00 Y48.60 F3600
G1 X135.00 Y48.60 E0.1663
G1 X130.00 Y49.00 F3600
G1 X135.00 Y49.00 E0.1663
G1 X130.00 Y49.40 F3600
G1 X135.00 Y49.40 E0.1663
G1 E-1 F2700
G1 X135.00 Y45.00 F7200
G1 E1 F2700
G1 X140.00 Y45.00 E0.6652 F3600
G1 X140.00 Y50.00 E0.6652
G1 X135.00 Y50.00 E0.6652
G1 X135.00 Y45.00 E0.6652
G1 X135.00 Y45.40 F3600
G1 X140.00 Y45.40 E0.1663
G1 X135.00 Y45.80 F3600
G1 X140.00 Y45.80 E0.1663
G1 X135.00 Y46.20 F3600
G1 X140.00 Y46.20 E0.1663
G1 X135.00 Y46.60 F3600
G1 X140.00 Y46.60 E0.1663
G1 X135.00 Y47.00 F3600
G1 X140.00 Y47.00 E0.1663
G1 X135.00 Y47.40 F3600
G1 X140.00 Y47.40 E0.1663
G1 X135.00 Y47.80 F3600
G1 X140.00 Y47.80 E0.1663
G1 X135.00 Y48.20 F3600
G1 X140.00 Y48.20 E0.1663
G1 X135.00 Y48.60 F3600
G1 X140.00 Y48.60 E0.1663
G1 X135.00 Y49.00 F3600
G1 X140.00 Y49.00 E0.1663
G1 X135.00 Y49.40 F3600
G1 X140.00 Y49.40 E0.1663
G1 E-1 F2700
G1 X115.00 Y40.00 F7200
G1 E1 F2700
G1 X120.00 Y40.00 E0.6652 F3600
G1 X120.00 Y45.00 E0.6652
G1 X115.00 Y45.00 E0.6652
G1 X115.00 Y40.00 E0.6652
G1 X115.00 Y40.40 F3600
G1 X120.00 Y40.40 E0.1663
G1 X115.00 Y40.80 F3600
G1 X120.00 Y40.80 E0.1663
G1 X115.00 Y41.20 F3600
G1 X120.00 Y41.20 E0.1663
G1 X115.00 Y41.60 F3600
G1 X120.00 Y41.60 E0.1663
G1 X115.00 Y42.00 F3600
G1 X120.00 Y42.00 E0.1663
G1 X115.00 Y42.40 F3600
G1 X120.00 Y42.40 E0.1663
G1 X115.00 Y42.80 F3600
G1 X120.00 Y42.80 E0.1663
G1 X115.00 Y43.20 F3600
G1 X120.00 Y43.20 E0.1663
G1 X115.00 Y43.60 F3600
G1 X120.00 Y43.60 E0.1663
G1 X115.00 Y44.00 F3600
G1 X120.00 Y44.00 E0.1663
G1 X115.00 Y44.40 F3600
G1 X120.00 Y44.40 E0.1663
G1 E-1 F2700
G1 X120.00 Y40.00 F7200
G1 E1 F2700
G1 X125.00 Y40.00 E0.6652 F3600
G1 X125.00 Y45.00 E0.6652
G1 X120.00 Y45.00 E0.6652
G1 X120.00 Y40.00 E0.6652
G1 X120.00 Y40.40 F3600
G1 X125.00 Y40.40 E0.1663
G1 X120.00 Y40.80 F3600
G1 X125.00 Y40.80 E0.1663
G1 X120.00 Y41.20 F3600
G1 X125.00 Y41.20 E0.1663
G1 X120.00 Y41.60 F3600
G1 X125.00 Y41.60 E0.1663
G1 X120.00 Y42.00 F3600
G1 X125.00 Y42.00 E0.1663
G1 X120.00 Y42.40 F3600
G1 X125.00 Y42.40 E0.1663
G1 X120.00 Y42.80 F3600
G1 X125.00 Y42.80 E0.1663
G1 X120.00 Y43.20 F3600
G1 X125.00 Y43.20 E0.1663
G1 X120.00 Y43.60 F3600
G1 X125.00 Y43.60 E0.1663
G1 X120.00 Y44.00 F3600
G1 X125.00 Y44.00 E0.1663
G1 X120.00 Y44.40 F3600
G1 X125.00 Y44.40 E0.1663
G1 E-1 F2700
G1 X110.00 Y35.00 F7200
G1 E1 F2700
G1 X115.00 Y35.00 E0.6652 F3600
G1 X115.00 Y40.00 E0.6652
G1 X110.00 Y40.00 E0.6652
G1 X110.00 Y35.00 E0.6652
G1 X110.00 Y35.40 F3600
G1 X115.00 Y35.40 E0.1663
G1 X110.00 Y35.80 F3600
G1 X115.00 Y35.80 E0.1663
G1 X110.00 Y36.20 F3600
G1 X115.00 Y36.20 E0.1663
G1 X110.00 Y36.60 F3600
G1 X115.00 Y36.60 E0.1663
G1 X110.00 Y37.00 F3600
G1 X115.00 Y37.00 E0.1663
G1 X110.00 Y37.40 F3600
G1 X115.00 Y37.40 E0.1663
G1 X110.00 Y37.80 F3600
G1 X115.00 Y37.80 E0.1663
G1 X110.00 Y38.20 F3600
G1 X115.00 Y38.20 E0.1663
G1 X110.00 Y38.60 F3600
G1 X115.00 Y38.60 E0.1663
G1 X110.00 Y39.00 F3600
G1 X115.00 Y39.00 E0.1663
G1 X110.00 Y39.40 F3600
G1 X115.00 Y39.40 E0.1663
G1 E-1 F2700
G1 X110.00 Y30.00 F7200
G1 E1 F2700
G1 X115.00 Y30.00 E0.6652 F3600
G1 X115.00 Y35.00 E0.6652
G1 X110.00 Y35.00 E0.6652
G1 X110.00 Y30.00 E0.6652
G1 X110.00 Y30.40 F3600
G1 X115.00 Y30.40 E0.1663
G1 X110.00 Y30.80 F3600
G1 X115.00 Y30.80 E0.1663
G1 X110.00 Y31.20 F3600
G1 X115.00 Y31.20 E0.1663
G1 X110.00 Y31.60 F3600
G1 X115.00 Y31.60 E0.1663
G1 X110.00 Y32.00 F3600
G1 X115.00 Y32.00 E0.1663
G1 X110.00 Y32.40 F3600
G1 X115.00 Y32.40 E0.1663
G1 X110.00 Y32.80 F3600
G1 X115.00 Y32.80 E0.1663
G1 X110.00 Y33.20 F3600
G1 X115.00 Y33.20 E0.1663
G1 X110.00 Y33.60 F3600
G1 X115.00 Y33.60 E0.1663
G1 X110.00 Y34.00 F3600
G1 X115.00 Y34.00 E0.1663
G1 X110.00 Y34.40 F3600
G1 X115.00 Y34.40 E0.1663
G1 E-1 F2700
G1 X115.00 Y30.00 F7200
G1 E1 F2700
G1 X120.00 Y30.00 E0.6652 F3600
G1 X120.00 Y35.00 E0.6652
G1 X115.00 Y35.00 E0.6652
G1 X115.00 Y30.00 E0.6652
G1 X115.00 Y30.40 F3600
G1 X120.00 Y30.40 E0.1663
G1 X115.00 Y30.80 F3600
G1 X120.00 Y30.80 E0.1663
G1 X115.00 Y31.20 F3600
G1 X120.00 Y31.20 E0.1663
G1 X115.00 Y31.60 F3600
G1 X120.00 Y31.60 E0.1663
G1 X115.00 Y32.00 F3600
G1 X120.00 Y32.00 E0.1663
G1 X115.00 Y32.40 F3600
G1 X120.00 Y32.40 E0.1663
G1 X115.00 Y32.80 F3600
G1 X120.00 Y32.80 E0.1663
G1 X115.00 Y33.20 F3600
G1 X120.00 Y33.20 E0.1663
G1 X115.00 Y33.60 F3600
G1 X120.00 Y33.60 E0.1663
G1 X115.00 Y34.00 F3600
G1 X120.00 Y34.00 E0.1663
G1 X115.00 Y34.40 F3600
G1 X120.00 Y34.40 E0.1663
G1 E-1 F2700
G1 X120.00 Y30.00 F7200
G1 E1 F2700
G1 X125.00 Y30.00 E0.6652 F3600
G1 X125.00 Y35.00 E0.6652
G1 X120.00 Y35.00 E0.6652
G1 X120.00 Y30.00 E0.6652
G1 X120.00 Y30.40 F3600
G1 X125.00 Y30.40 E0.1663
G1 X120.00 Y30.80 F3600
G1 X125.00 Y30.80 E0.1663
G1 X120.00 Y31.20 F3600
G1 X125.00 Y31.20 E0.1663
G1 X120.00 Y31.60 F3600
G1 X125.00 Y31.60 E0.1663
G1 X120.00 Y32.00 F3600
G1 X125.00 Y32.00 E0.1663
G1 X120.00 Y32.40 F3600
G1 X125.00 Y32.40 E0.1663
G1 X120.00 Y32.80 F3600
G1 X125.00 Y32.80 E0.1663
G1 X120.00 Y33.20 F3600
G1 X125.00 Y33.20 E0.1663
G1 X120.00 Y33.60 F3600
G1 X125.00 Y33.60 E0.1663
G1 X120.00 Y34.00 F3600
G1 X125.00 Y34.00 E0.1663
G1 X120.00 Y34.40 F3600
G1 X125.00 Y34.40 E0.1663
G1 E-1 F2700
G1 X125.00 Y30.00 F7200
G1 E1 F2700
G1 X130.00 Y30.00 E0.6652 F3600
G1 X130.00 Y35.00 E0.6652
G1 X125.00 Y35.00 E0.6652
G1 X125.00 Y30.00 E0.6652
G1 X125.00 Y30.40 F3600
G1 X130.00 Y30.40 E0.1663
G1 X125.00 Y30.80 F3600
G1 X130.00 Y30.80 E0.1663
G1 X125.00 Y31.20 F3600
G1 X130.00 Y31.20 E0.1663
G1 X125.00 Y31.60 F3600
G1 X130.00 Y31.60 E0.1663
G1 X125.00 Y32.00 F3600
G1 X130.00 Y32.00 E0.1663
G1 X125.00 Y32.40 F3600
G1 X130.00 Y32.40 E0.1663
G1 X125.00 Y32.80 F3600
G1 X130.00 Y32.80 E0.1663
G1 X125.00 Y33.20 F3600
G1 X130.00 Y33.20 E0.1663
G1 X125.00 Y33.60 F3600
G1 X130.00 Y33.60 E0.1663
G1 X125.00 Y34.00 F3600
G1 X130.00 Y34.00 E0.1663
G1 X125.00 Y34.40 F3600
G1 X130.00 Y34.40 E0.1663
G1 E-1 F2700
G1 X130.00 Y30.00 F7200
G1 E1 F2700
G1 X135.00 Y30.00 E0.6652 F3600
G1 X135.00 Y35.00 E0.6652
G1 X130.00 Y35.00 E0.6652
G1 X130.00 Y30.00 E0.6652
G1 X130.00 Y30.40 F3600
G1 X135.00 Y30.40 E0.1663
G1 X130.00 Y30.80 F3600
G1 X135.00 Y30.80 E0.1663
G1 X130.00 Y31.20 F3600
G1 X135.00 Y31.20 E0.1663
G1 X130.00 Y31.60 F3600
G1 X135.00 Y31.60 E0.1663
G1 X130.00 Y32.00 F3600
G1 X135.00 Y32.00 E0.1663
G1 X130.00 Y32.40 F3600
G1 X135.00 Y32.40 E0.1663
G1 X130.00 Y32.80 F3600
G1 X135.00 Y32.80 E0.1663
G1 X130.00 Y33.20 F3600
G1 X135.00 Y33.20 E0.1663
G1 X130.00 Y33.60 F3600
G1 X135.00 Y33.60 E0.1663
G1 X130.00 Y34.00 F3600
G1 X135.00 Y34.00 E0.1663
G1 X130.00 Y34.40 F3600
G1 X135.00 Y34.40 E0.1663
G1 E-1 F2700
G1 X135.00 Y30.00 F7200
G1 E1 F2700
G1 X140.00 Y30.00 E0.6652 F3600
G1 X140.00 Y35.00 E0.6652
G1 X135.00 Y35.00 E0.6652
G1 X135.00 Y30.00 E0.6652
G1 X135.00 Y30.40 F3600
G1 X140.00 Y30.40 E0.1663
G1 X135.00 Y30.80 F3600
G1 X140.00 Y30.80 E0.1663
G1 X135.00 Y31.20 F3600
G1 X140.00 Y31.20 E0.1663
G1 X135.00 Y31.60 F3600
G1 X140.00 Y31.60 E0.1663
G1 X135.00 Y32.00 F3600
G1 X140.00 Y32.00 E0.1663
G1 X135.00 Y32.40 F3600
G1 X140.00 Y32.40 E0.1663
G1 X135.00 Y32.80 F3600
G1 X140.00 Y32.80 E0.1663
G1 X135.00 Y33.20 F3600
G1 X140.00 Y33.20 E0.1663
G1 X135.00 Y33.60 F3600
G1 X140.00 Y33.60 E0.1663
G1 X135.00 Y34.00 F3600
G1 X140.00 Y34.00 E0.1663
G1 X135.00 Y34.40 F3600
G1 X140.00 Y34.40 E0.1663
G1 E-1 F2700
G1 X140.00 Y30.00 F7200
G1 E1 F2700
G1 X145.00 Y30.00 E0.6652 F3600
G1 X145.00 Y35.00 E0.6652
G1 X140.00 Y35.00 E0.6652
G1 X140.00 Y30.00 E0.6652
G1 X140.00 Y30.40 F3600
G1 X145.00 Y30.40 E0.1663
G1 X140.00 Y30.80 F3600
G1 X145.00 Y30.80 E0.1663
G1 X140.00 Y31.20 F3600
G1 X145.00 Y31.20 E0.1663
G1 X140.00 Y31.60 F3600
G1 X145.00 Y31.60 E0.1663
G1 X140.00 Y32.00 F3600
G1 X145.00 Y32.00 E0.1663
G1 X140.00 Y32.40 F3600
G1 X145.00 Y32.40 E0.1663
G1 X140.00 Y32.80 F3600
G1 X145.00 Y32.80 E0.1663
G1 X140.00 Y33.20 F3600
G1 X145.00 Y33.20 E0.1663
G1 X140.00 Y33.60 F3600
G1 X145.00 Y33.60 E0.1663
G1 X140.00 Y34.00 F3600
G1 X145.00 Y34.00 E0.1663
G1 X140.00 Y34.40 F3600
G1 X145.00 Y34.40 E0.1663
G1 E-1 F2700
G1 X155.00 Y60.00 F7200
G1 E1 F2700
G1 X160.00 Y60.00 E0.6652 F3600
G1 X160.00 Y65.00 E0.6652
G1 X155.00 Y65.00 E0.6652
G1 X155.00 Y60.00 E0.6652
G1 X155.00 Y60.40 F3600
G1 X160.00 Y60.40 E0.1663
G1 X155.00 Y60.80 F3600
G1 X160.00 Y60.80 E0.1663
G1 X155.00 Y61.20 F3600
G1 X160.00 Y61.20 E0.1663
G1 X155.00 Y61.60 F3600
G1 X160.00 Y61.60 E0.1663
G1 X155.00 Y62.00 F3600
G1 X160.00 Y62.00 E0.1663
G1 X155.00 Y62.40 F3600
G1 X160.00 Y62.40 E0.1663
G1 X155.00 Y62.80 F3600
G1 X160.00 Y62.80 E0.1663
G1 X155.00 Y63.20 F3600
G1 X160.00 Y63.20 E0.1663
G1 X155.00 Y63.60 F3600
G1 X160.00 Y63.60 E0.1663
G1 X155.00 Y64.00 F3600
G1 X160.00 Y64.00 E0.1663
G1 X155.00 Y64.40 F3600
G1 X160.00 Y64.40 E0.1663
G1 E-1 F2700
G1 X160.00 Y60.00 F7200
G1 E1 F2700
G1 X165.00 Y60.00 E0.6652 F3600
G1 X165.00 Y65.00 E0.6652
G1 X160.00 Y65.00 E0.6652
G1 X160.00 Y60.00 E0.6652
G1 X160.00 Y60.40 F3600
G1 X165.00 Y60.40 E0.1663
G1 X160.00 Y60.80 F3600
G1 X165.00 Y60.80 E0.1663
G1 X160.00 Y61.20 F3600
G1 X165.00 Y61.20 E0.1663
G1 X160.00 Y61.60 F3600
G1 X165.00 Y61.60 E0.1663
G1 X160.00 Y62.00 F3600
G1 X165.00 Y62.00 E0.1663
G1 X160.00 Y62.40 F3600
G1 X165.00 Y62.40 E0.1663
G1 X160.00 Y62.80 F3600
G1 X165.00 Y62.80 E0.1663
G1 X160.00 Y63.20 F3600
G1 X165.00 Y63.20 E0.1663
G1 X160.00 Y63.60 F3600
G1 X165.00 Y63.60 E0.1663
G1 X160.00 Y64.00 F3600
G1 X165.00 Y64.00 E0.1663
G1 X160.00 Y64.40 F3600
G1 X165.00 Y64.40 E0.1663
G1 E-1 F2700
G1 X165.00 Y60.00 F7200
G1 E1 F2700
G1 X170.00 Y60.00 E0.6652 F3600
G1 X170.00 Y65.00 E0.6652
G1 X165.00 Y65.00 E0.6652
G1 X165.00 Y60.00 E0.6652
G1 X165.00 Y60.40 F3600
G1 X170.00 Y60.40 E0.1663
G1 X165.00 Y60.80 F3600
G1 X170.00 Y60.80 E0.1663
G1 X165.00 Y61.20 F3600
G1 X170.00 Y61.20 E0.1663
G1 X165.00 Y61.60 F3600
G1 X170.00 Y61.60 E0.1663
G1 X165.00 Y62.00 F3600
G1 X170.00 Y62.00 E0.1663
G1 X165.00 Y62.40 F3600
G1 X170.00 Y62.40 E0.1663
G1 X165.00 Y62.80 F3600
G1 X170.00 Y62.80 E0.1663
G1 X165.00 Y63.20 F3600
G1 X170.00 Y63.20 E0.1663
G1 X165.00 Y63.60 F3600
G1 X170.00 Y63.60 E0.1663
G1 X165.00 Y64.00 F3600
G1 X170.00 Y64.00 E0.1663
G1 X165.00 Y64.40 F3600
G1 X170.00 Y64.40 E0.1663
G1 E-1 F2700
G1 X170.00 Y60.00 F7200
G1 E1 F2700
G1 X175.00 Y60.00 E0.6652 F3600
G1 X175.00 Y65.00 E0.6652
G1 X170.00 Y65.00 E0.6652
G1 X170.00 Y60.00 E0.6652
G1 X170.00 Y60.40 F3600
G1 X175.00 Y60.40 E0.1663
G1 X170.00 Y60.80 F3600
G1 X175.00 Y60.80 E0.1663
G1 X170.00 Y61.20 F3600
G1 X175.00 Y61.20 E0.1663
G1 X170.00 Y61.60 F3600
G1 X175.00 Y61.60 E0.1663
G1 X170.00 Y62.00 F3600
G1 X175.00 Y62.00 E0.1663
G1 X170.00 Y62.40 F3600
G1 X175.00 Y62.40 E0.1663
G1 X170.00 Y62.80 F3600
G1 X175.00 Y62.80 E0.1663
G1 X170.00 Y63.20 F3600
G1 X175.00 Y63.20 E0.1663
G1 X170.00 Y63.60 F3600
G1 X175.00 Y63.60 E0.1663
G1 X170.00 Y64.00 F3600
G1 X175.00 Y64.00 E0.1663
G1 X170.00 Y64.40 F3600
G1 X175.00 Y64.40 E0.1663
G1 E-1 F2700
G1 X175.00 Y60.00 F7200
G1 E1 F2700
G1 X180.00 Y60.00 E0.6652 F3600
G1 X180.00 Y65.00 E0.6652
G1 X175.00 Y65.00 E0.6652
G1 X175.00 Y60.00 E0.6652
G1 X175.00 Y60.40 F3600
G1 X180.00 Y60.40 E0.1663
G1 X175.00 Y60.80 F3600
G1 X180.00 Y60.80 E0.1663
G1 X175.00 Y61.20 F3600
G1 X180.00 Y61.20 E0.1663
G1 X175.00 Y61.60 F3600
G1 X180.00 Y61.60 E0.1663
G1 X175.00 Y62.00 F3600
G1 X180.00 Y62.00 E0.1663
G1 X175.00 Y62.40 F3600
G1 X180.00 Y62.40 E0.1663
G1 X175.00 Y62.80 F3600
G1 X180.00 Y62.80 E0.1663
G1 X175.00 Y63.20 F3600
G1 X180.00 Y63.20 E0.1663
G1 X175.00 Y63.60 F3600
G1 X180.00 Y63.60 E0.1663
G1 X175.00 Y64.00 F3600
G1 X180.00 Y64.00 E0.1663
G1 X175.00 Y64.40 F3600
G1 X180.00 Y64.40 E0.1663
G1 E-1 F2700
G1 X150.00 Y55.00 F7200
G1 E1 F2700
G1 X155.00 Y55.00 E0.6652 F3600
G1 X155.00 Y60.00 E0.6652
G1 X150.00 Y60.00 E0.6652
G1 X150.00 Y55.00 E0.6652
G1 X150.00 Y55.40 F3600
G1 X155.00 Y55.40 E0.1663
G1 X150.00 Y55.80 F3600
G1 X155.00 Y55.80 E0.1663
G1 X150.00 Y56.20 F3600
G1 X155.00 Y56.20 E0.1663
G1 X150.00 Y56.60 F3600
G1 X155.00 Y56.60 E0.1663
G1 X150.00 Y57.00 F3600
G1 X155.00 Y57.00 E0.1663
G1 X150.00 Y57.40 F3600
G1 X155.00 Y57.40 E0.1663
G1 X150.00 Y57.80 F3600
G1 X155.00 Y57.80 E0.1663
G1 X150.00 Y58.20 F3600
G1 X155.00 Y58.20 E0.1663
G1 X150.00 Y58.60 F3600
G1 X155.00 Y58.60 E0.1663
G1 X150.00 Y59.00 F3600
G1 X155.00 Y59.00 E0.1663
G1 X150.00 Y59.40 F3600
G1 X155.00 Y59.40 E0.1663
G1 E-1 F2700
G1 X180.00 Y55.00 F7200
G1 E1 F2700
G1 X185.00 Y55.00 E0.6652 F3600
G1 X185.00 Y60.00 E0.6652
G1 X180.00 Y60.00 E0.6652
G1 X180.00 Y55.00 E0.6652
G1 X180.00 Y55.40 F3600
G1 X185.00 Y55.40 E0.1663
G1 X180.00 Y55.80 F3600
G1 X185.00 Y55.80 E0.1663
G1 X180.00 Y56.20 F3600
G1 X185.00 Y56.20 E0.1663
G1 X180.00 Y56.60 F3600
G1 X185.00 Y56.60 E0.1663
G1 X180.00 Y57.00 F3600
G1 X185.00 Y57.00 E0.1663
G1 X180.00 Y57.40 F3600
G1 X185.00 Y57.40 E0.1663
G1 X180.00 Y57.80 F3600
G1 X185.00 Y57.80 E0.1663
G1 X180.00 Y58.20 F3600
G1 X185.00 Y58.20 E0.1663
G1 X180.00 Y58.60 F3600
G1 X185.00 Y58.60 E0.1663
G1 X180.00 Y59.00 F3600
G1 X185.00 Y59.00 E0.1663
G1 X180.00 Y59.40 F3600
G1 X185.00 Y59.40 E0.1663
G1 E-1 F2700
G1 X150.00 Y50.00 F7200
G1 E1 F2700
G1 X155.00 Y50.00 E0.6652 F3600
G1 X155.00 Y55.00 E0.6652
G1 X150.00 Y55.00 E0.6652
G1 X150.00 Y50.00 E0.6652
G1 X150.00 Y50.40 F3600
G1 X155.00 Y50.40 E0.1663
G1 X150.00 Y50.80 F3600
G1 X155.00 Y50.80 E0.1663
G1 X150.00 Y51.20 F3600
G1 X155.00 Y51.20 E0.1663
G1 X150.00 Y51.60 F3600
G1 X155.00 Y51.60 E0.1663
G1 X150.00 Y52.00 F3600
G1 X155.00 Y52.00 E0.1663
G1 X150.00 Y52.40 F3600
G1 X155.00 Y52.40 E0.1663
G1 X150.00 Y52.80 F3600
G1 X155.00 Y52.80 E0.1663
G1 X150.00 Y53.20 F3600
G1 X155.00 Y53.20 E0.1663
G1 X150.00 Y53.60 F3600
G1 X155.00 Y53.60 E0.1663
G1 X150.00 Y54.00 F3600
G1 X155.00 Y54.00 E0.1663
G1 X150.00 Y54.40 F3600
G1 X155.00 Y54.40 E0.1663
G1 E-1 F2700
G1 X170.00 Y50.00 F7200
G1 E1 F2700
G1 X175.00 Y50.00 E0.6652 F3600
G1 X175.00 Y55.00 E0.6652
G1 X170.00 Y55.00 E0.6652
G1 X170.00 Y50.00 E0.6652
G1 X170.00 Y50.40 F3600
G1 X175.00 Y50.40 E0.1663
G1 X170.00 Y50.80 F3600
G1 X175.00 Y50.80 E0.1663
G1 X170.00 Y51.20 F3600
G1 X175.00 Y51.20 E0.1663
G1 X170.00 Y51.60 F3600
G1 X175.00 Y51.60 E0.1663
G1 X170.00 Y52.00 F3600
G1 X175.00 Y52.00 E0.1663
G1 X170.00 Y52.40 F3600
G1 X175.00 Y52.40 E0.1663
G1 X170.00 Y52.80 F3600
G1 X175.00 Y52.80 E0.1663
G1 X170.00 Y53.20 F3600
G1 X175.00 Y53.20 E0.1663
G1 X170.00 Y53.60 F3600
G1 X175.00 Y53.60 E0.1663
G1 X170.00 Y54.00 F3600
G1 X175.00 Y54.00 E0.1663
G1 X170.00 Y54.40 F3600
G1 X175.00 Y54.40 E0.1663
G1 E-1 F2700
G1 X180.00 Y50.00 F7200
G1 E1 F2700
G1 X185.00 Y50.00 E0.6652 F3600
G1 X185.00 Y55.00 E0.6652
G1 X180.00 Y55.00 E0.6652
G1 X180.00 Y50.00 E0.6652
G1 X180.00 Y50.40 F3600
G1 X185.00 Y50.40 E0.1663
G1 X180.00 Y50.80 F3600
G1 X185.00 Y50.80 E0.1663
G1 X180.00 Y51.20 F3600
G1 X185.00 Y51.20 E0.1663
G1 X180.00 Y51.60 F3600
G1 X185.00 Y51.60 E0.1663
G1 X180.00 Y52.00 F3600
G1 X185.00 Y52.00 E0.1663
G1 X180.00 Y52.40 F3600
G1 X185.00 Y52.40 E0.1663
G1 X180.00 Y52.80 F3600
G1 X185.00 Y52.80 E0.1663
G1 X180.00 Y53.20 F3600
G1 X185.00 Y53.20 E0.1663
G1 X180.00 Y53.60 F3600
G1 X185.00 Y53.60 E0.1663
G1 X180.00 Y54.00 F3600
G1 X185.00 Y54.00 E0.1663
G1 X180.00 Y54.40 F3600
G1 X185.00 Y54.40 E0.1663
G1 E-1 F2700
G1 X150.00 Y45.00 F7200
G1 E1 F2700
G1 X155.00 Y45.00 E0.6652 F3600
G1 X155.00 Y50.00 E0.6652
G1 X150.00 Y50.00 E0.6652
G1 X150.00 Y45.00 E0.6652
G1 X150.00 Y45.40 F3600
G1 X155.00 Y45.40 E0.1663
G1 X150.00 Y45.80 F3600
G1 X155.00 Y45.80 E0.1663
G1 X150.00 Y46.20 F3600
G1 X155.00 Y46.20 E0.1663
G1 X150.00 Y46.60 F3600
G1 X155.00 Y46.60 E0.1663
G1 X150.00 Y47.00 F3600
G1 X155.00 Y47.00 E0.1663
G1 X150.00 Y47.40 F3600
G1 X155.00 Y47.40 E0.1663
G1 X150.00 Y47.80 F3600
G1 X155.00 Y47.80 E0.1663
G1 X150.00 Y48.20 F3600
G1 X155.00 Y48.20 E0.1663
G1 X150.00 Y48.60 F3600
G1 X155.00 Y48.60 E0.1663
G1 X150.00 Y49.00 F3600
G1 X155.00 Y49.00 E0.1663
G1 X150.00 Y49.40 F3600
G1 X155.00 Y49.40 E0.1663
G1 E-1 F2700
G1 X165.00 Y45.00 F7200
G1 E1 F2700
G1 X170.00 Y45.00 E0.6652 F3600
G1 X170.00 Y50.00 E0.6652
G1 X165.00 Y50.00 E0.6652
G1 X165.00 Y45.00 E0.6652
G1 X165.00 Y45.40 F3600
G1 X170.00 Y45.40 E0.1663
G1 X165.00 Y45.80 F3600
G1 X170.00 Y45.80 E0.1663
G1 X165.00 Y46.20 F3600
G1 X170.00 Y46.20 E0.1663
G1 X165.00 Y46.60 F3600
G1 X170.00 Y46.60 E0.1663
G1 X165.00 Y47.00 F3600
G1 X170.00 Y47.00 E0.1663
G1 X165.00 Y47.40 F3600
G1 X170.00 Y47.40 E0.1663
G1 X165.00 Y47.80 F3600
G1 X170.00 Y47.80 E0.1663
G1 X165.00 Y48.20 F3600
G1 X170.00 Y48.20 E0.1663
G1 X165.00 Y48.60 F3600
G1 X170.00 Y48.60 E0.1663
G1 X165.00 Y49.00 F3600
G1 X170.00 Y49.00 E0.1663
G1 X165.00 Y49.40 F3600
G1 X170.00 Y49.40 E0.1663
G1 E-1 F2700
G1 X180.00 Y45.00 F7200
G1 E1 F2700
G1 X185.00 Y45.00 E0.6652 F3600
G1 X185.00 Y50.00 E0.6652
G1 X180.00 Y50.00 E0.6652
G1 X180.00 Y45.00 E0.6652
G1 X180.00 Y45.40 F3600
G1 X185.00 Y45.40 E0.1663
G1 X180.00 Y45.80 F3600
G1 X185.00 Y45.80 E0.1663
G1 X180.00 Y46.20 F3600
G1 X185.00 Y46.20 E0.1663
G1 X180.00 Y46.60 F3600
G1 X185.00 Y46.60 E0.1663
G1 X180.00 Y47.00 F3600
G1 X185.00 Y47.00 E0.1663
G1 X180.00 Y47.40 F3600
G1 X185.00 Y47.40 E0.1663
G1 X180.00 Y47.80 F3600
G1 X185.00 Y47.80 E0.1663
G1 X180.00 Y48.20 F3600
G1 X185.00 Y48.20 E0.1663
G1 X180.00 Y48.60 F3600
G1 X185.00 Y48.60 E0.1663
G1 X180.00 Y49.00 F3600
G1 X185.00 Y49.00 E0.1663
G1 X180.00 Y49.40 F3600
G1 X185.00 Y49.40 E0.1663
G1 E-1 F2700
G1 X150.00 Y40.00 F7200
G1 E1 F2700
G1 X155.00 Y40.00 E0.6652 F3600
G1 X155.00 Y45.00 E0.6652
G1 X150.00 Y45.00 E0.6652
G1 X150.00 Y40.00 E0.6652
G1 X150.00 Y40.40 F3600
G1 X155.00 Y40.40 E0.1663
G1 X150.00 Y40.80 F3600
G1 X155.00 Y40.80 E0.1663
G1 X150.00 Y41.20 F3600
G1 X155.00 Y41.20 E0.1663
G1 X150.00 Y41.60 F3600
G1 X155.00 Y41.60 E0.1663
G1 X150.00 Y42.00 F3600
G1 X155.00 Y42.00 E0.1663
G1 X150.00 Y42.40 F3600
G1 X155.00 Y42.40 E0.1663
G1 X150.00 Y42.80 F3600
G1 X155.00 Y42.80 E0.1663
G1 X150.00 Y43.20 F3600
G1 X155.00 Y43.20 E0.1663
G1 X150.00 Y43.60 F3600
G1 X155.00 Y43.60 E0.1663
G1 X150.00 Y44.00 F3600
G1 X155.00 Y44.00 E0.1663
G1 X150.00 Y44.40 F3600
G1 X155.00 Y44.40 E0.1663
G1 E-1 F2700
G1 X160.00 Y40.00 F7200
G1 E1 F2700
G1 X165.00 Y40.00 E0.6652 F3600
G1 X165.00 Y45.00 E0.6652
G1 X160.00 Y45.00 E0.6652
G1 X160.00 Y40.00 E0.6652
G1 X160.00 Y40.40 F3600
G1 X165.00 Y40.40 E0.1663
G1 X160.00 Y40.80 F3600
G1 X165.00 Y40.80 E0.1663
G1 X160.00 Y41.20 F3600
G1 X165.00 Y41.20 E0.1663
G1 X160.00 Y41.60 F3600
G1 X165.00 Y41.60 E0.1663
G1 X160.00 Y42.00 F3600
G1 X165.00 Y42.00 E0.1663
G1 X160.00 Y42.40 F3600
G1 X165.00 Y42.40 E0.1663
G1 X160.00 Y42.80 F3600
G1 X165.00 Y42.80 E0.1663
G1 X160.00 Y43.20 F3600
G1 X165.00 Y43.20 E0.1663
G1 X160.00 Y43.60 F3600
G1 X165.00 Y43.60 E0.1663
G1 X160.00 Y44.00 F3600
G1 X165.00 Y44.00 E0.1663
G1 X160.00 Y44.40 F3600
G1 X165.00 Y44.40 E0.1663
G1 E-1 F2700
G1 X180.00 Y40.00 F7200
G1 E1 F2700
G1 X185.00 Y40.00 E0.6652 F3600
G1 X185.00 Y45.00 E0.6652
G1 X180.00 Y45.00 E0.6652
G1 X180.00 Y40.00 E0.6652
G1 X180.00 Y40.40 F3600
G1 X185.00 Y40.40 E0.1663
G1 X180.00 Y40.80 F3600
G1 X185.00 Y40.80 E0.1663
G1 X180.00 Y41.20 F3600
G1 X185.00 Y41.20 E0.1663
G1 X180.00 Y41.60 F3600
G1 X185.00 Y41.60 E0.1663
G1 X180.00 Y42.00 F3600
G1 X185.00 Y42.00 E0.1663
G1 X180.00 Y42.40 F3600
G1 X185.00 Y42.40 E0.1663
G1 X180.00 Y42.80 F3600
G1 X185.00 Y42.80 E0.1663
G1 X180.00 Y43.20 F3600
G1 X185.00 Y43.20 E0.1663
G1 X180.00 Y43.60 F3600
G1 X185.00 Y43.60 E0.1663
G1 X180.00 Y44.00 F3600
G1 X185.00 Y44.00 E0.1663
G1 X180.00 Y44.40 F3600
G1 X185.00 Y44.40 E0.1663
G1 E-1 F2700
G1 X150.00 Y35.00 F7200
G1 E1 F2700
G1 X155.00 Y35.00 E0.6652 F3600
G1 X155.00 Y40.00 E0.6652
G1 X150.00 Y40.00 E0.6652
G1 X150.00 Y35.00 E0.6652
G1 X150.00 Y35.40 F3600
G1 X155.00 Y35.40 E0.1663
G1 X150.00 Y35.80 F3600
G1 X155.00 Y35.80 E0.1663
G1 X150.00 Y36.20 F3600
G1 X155.00 Y36.20 E0.1663
G1 X150.00 Y36.60 F3600
G1 X155.00 Y36.60 E0.1663
G1 X150.00 Y37.00 F3600
G1 X155.00 Y37.00 E0.1663
G1 X150.00 Y37.40 F3600
G1 X155.00 Y37.40 E0.1663
G1 X150.00 Y37.80 F3600
G1 X155.00 Y37.80 E0.1663
G1 X150.00 Y38.20 F3600
G1 X155.00 Y38.20 E0.1663
G1 X150.00 Y38.60 F3600
G1 X155.00 Y38.60 E0.1663
G1 X150.00 Y39.00 F3600
G1 X155.00 Y39.00 E0.1663
G1 X150.00 Y39.40 F3600
G1 X155.00 Y39.40 E0.1663
G1 E-1 F2700
G1 X180.00 Y35.00 F7200
G1 E1 F2700
G1 X185.00 Y35.00 E0.6652 F3600
G1 X185.00 Y40.00 E0.6652
G1 X180.00 Y40.00 E0.6652
G1 X180.00 Y35.00 E0.6652
G1 X180.00 Y35.40 F3600
G1 X185.00 Y35.40 E0.1663
G1 X180.00 Y35.80 F3600
G1 X185.00 Y35.80 E0.1663
G1 X180.00 Y36.20 F3600
G1 X185.00 Y36.20 E0.1663
G1 X180.00 Y36.60 F3600
G1 X185.00 Y36.60 E0.1663
G1 X180.00 Y37.00 F3600
G1 X185.00 Y37.00 E0.1663
G1 X180.00 Y37.40 F3600
G1 X185.00 Y37.40 E0.1663
G1 X180.00 Y37.80 F3600
G1 X185.00 Y37.80 E0.1663
G1 X180.00 Y38.20 F3600
G1 X185.00 Y38.20 E0.1663
G1 X180.00 Y38.60 F3600
G1 X185.00 Y38.60 E0.1663
G1 X180.00 Y39.00 F3600
G1 X185.00 Y39.00 E0.1663
G1 X180.00 Y39.40 F3600
G1 X185.00 Y39.40 E0.1663
G1 E-1 F2700
G1 X155.00 Y30.00 F7200
G1 E1 F2700
G1 X160.00 Y30.00 E0.6652 F3600
G1 X160.00 Y35.00 E0.6652
G1 X155.00 Y35.00 E0.6652
G1 X155.00 Y30.00 E0.6652
G1 X155.00 Y30.40 F3600
G1 X160.00 Y30.40 E0.1663
G1 X155.00 Y30.80 F3600
G1 X160.00 Y30.80 E0.1663
G1 X155.00 Y31.20 F3600
G1 X160.00 Y31.20 E0.1663
G1 X155.00 Y31.60 F3600
G1 X160.00 Y31.60 E0.1663
G1 X155.00 Y32.00 F3600
G1 X160.00 Y32.00 E0.1663
G1 X155.00 Y32.40 F3600
G1 X160.00 Y32.40 E0.1663
G1 X155.00 Y32.80 F3600
G1 X160.00 Y32.80 E0.1663
G1 X155.00 Y33.20 F3600
G1 X160.00 Y33.20 E0.1663
G1 X155.00 Y33.60 F3600
G1 X160.00 Y33.60 E0.1663
G1 X155.00 Y34.00 F3600
G1 X160.00 Y34.00 E0.1663
G1 X155.00 Y34.40 F3600
G1 X160.00 Y34.40 E0.1663
G1 E-1 F2700
G1 X160.00 Y30.00 F7200
G1 E1 F2700
G1 X165.00 Y30.00 E0.6652 F3600
G1 X165.00 Y35.00 E0.6652
G1 X160.00 Y35.00 E0.6652
G1 X160.00 Y30.00 E0.6652
G1 X160.00 Y30.40 F3600
G1 X165.00 Y30.40 E0.1663
G1 X160.00 Y30.80 F3600
G1 X165.00 Y30.80 E0.1663
G1 X160.00 Y31.20 F3600
G1 X165.00 Y31.20 E0.1663
G1 X160.00 Y31.60 F3600
G1 X165.00 Y31.60 E0.1663
G1 X160.00 Y32.00 F3600
G1 X165.00 Y32.00 E0.1663
G1 X160.00 Y32.40 F3600
G1 X165.00 Y32.40 E0.1663
G1 X160.00 Y32.80 F3600
G1 X165.00 Y32.80 E0.1663
G1 X160.00 Y33.20 F3600
G1 X165.00 Y33.20 E0.1663
G1 X160.00 Y33.60 F3600
G1 X165.00 Y33.60 E0.1663
G1 X160.00 Y34.00 F3600
G1 X165.00 Y34.00 E0.1663
G1 X160.00 Y34.40 F3600
G1 X165.00 Y34.40 E0.1663
G1 E-1 F2700
G1 X165.00 Y30.00 F7200
G1 E1 F2700
G1 X170.00 Y30.00 E0.6652 F3600
G1 X170.00 Y35.00 E0.6652
G1 X165.00 Y35.00 E0.6652
G1 X165.00 Y30.00 E0.6652
G1 X165.00 Y30.40 F3600
G1 X170.00 Y30.40 E0.1663
G1 X165.00 Y30.80 F3600
G1 X170.00 Y30.80 E0.1663
G1 X165.00 Y31.20 F3600
G1 X170.00 Y31.20 E0.1663
G1 X165.00 Y31.60 F3600
G1 X170.00 Y31.60 E0.1663
G1 X165.00 Y32.00 F3600
G1 X170.00 Y32.00 E0.1663
G1 X165.00 Y32.40 F3600
G1 X170.00 Y32.40 E0.1663
G1 X165.00 Y32.80 F3600
G1 X170.00 Y32.80 E0.1663
G1 X165.00 Y33.20 F3600
G1 X170.00 Y33.20 E0.1663
G1 X165.00 Y33.60 F3600
G1 X170.00 Y33.60 E0.1663
G1 X165.00 Y34.00 F3600
G1 X170.00 Y34.00 E0.1663
G1 X165.00 Y34.40 F3600
G1 X170.00 Y34.40 E0.1663
G1 E-1 F2700
G1 X170.00 Y30.00 F7200
G1 E1 F2700
G1 X175.00 Y30.00 E0.6652 F3600
G1 X175.00 Y35.00 E0.6652
G1 X170.00 Y35.00 E0.6652
G1 X170.00 Y30.00 E0.6652
G1 X170.00 Y30.40 F3600
G1 X175.00 Y30.40 E0.1663
G1 X170.00 Y30.80 F3600
G1 X175.00 Y30.80 E0.1663
G1 X170.00 Y31.20 F3600
G1 X175.00 Y31.20 E0.1663
G1 X170.00 Y31.60 F3600
G1 X175.00 Y31.60 E0.1663
G1 X170.00 Y32.00 F3600
G1 X175.00 Y32.00 E0.1663
G1 X170.00 Y32.40 F3600
G1 X175.00 Y32.40 E0.1663
G1 X170.00 Y32.80 F3600
G1 X175.00 Y32.80 E0.1663
G1 X170.00 Y33.20 F3600
G1 X175.00 Y33.20 E0.1663
G1 X170.00 Y33.60 F3600
G1 X175.00 Y33.60 E0.1663
G1 X170.00 Y34.00 F3600
G1 X175.00 Y34.00 E0.1663
G1 X170.00 Y34.40 F3600
G1 X175.00 Y34.40 E0.1663
G1 E-1 F2700
G1 X175.00 Y30.00 F7200
G1 E1 F2700
G1 X180.00 Y30.00 E0.6652 F3600
G1 X180.00 Y35.00 E0.6652
G1 X175.00 Y35.00 E0.6652
G1 X175.00 Y30.00 E0.6652
G1 X175.00 Y30.40 F3600
G1 X180.00 Y30.40 E0.1663
G1 X175.00 Y30.80 F3600
G1 X180.00 Y30.80 E0.1663
G1 X175.00 Y31.20 F3600
G1 X180.00 Y31.20 E0.1663
G1 X175.00 Y31.60 F3600
G1 X180.00 Y31.60 E0.1663
G1 X175.00 Y32.00 F3600
G1 X180.00 Y32.00 E0.1663
G1 X175.00 Y32.40 F3600
G1 X180.00 Y32.40 E0.1663
G1 X175.00 Y32.80 F3600
G1 X180.00 Y32.80 E0.1663
G1 X175.00 Y33.20 F3600
G1 X180.00 Y33.20 E0.1663
G1 X175.00 Y33.60 F3600
G1 X180.00 Y33.60 E0.1663
G1 X175.00 Y34.00 F3600
G1 X180.00 Y34.00 E0.1663
G1 X175.00 Y34.40 F3600
G1 X180.00 Y34.40 E0.1663
G1 E-1 F2700
G1 X195.00 Y60.00 F7200
G1 E1 F2700
G1 X200.00 Y60.00 E0.6652 F3600
G1 X200.00 Y65.00 E0.6652
G1 X195.00 Y65.00 E0.6652
G1 X195.00 Y60.00 E0.6652
G1 X195.00 Y60.40 F3600
G1 X200.00 Y60.40 E0.1663
G1 X195.00 Y60.80 F3600
G1 X200.00 Y60.80 E0.1663
G1 X195.00 Y61.20 F3600
G1 X200.00 Y61.20 E0.1663
G1 X195.00 Y61.60 F3600
G1 X200.00 Y61.60 E0.1663
G1 X195.00 Y62.00 F3600
G1 X200.00 Y62.00 E0.1663
G1 X195.00 Y62.40 F3600
G1 X200.00 Y62.40 E0.1663
G1 X195.00 Y62.80 F3600
G1 X200.00 Y62.80 E0.1663
G1 X195.00 Y63.20 F3600
G1 X200.00 Y63.20 E0.1663
G1 X195.00 Y63.60 F3600
G1 X200.00 Y63.60 E0.1663
G1 X195.00 Y64.00 F3600
G1 X200.00 Y64.00 E0.1663
G1 X195.00 Y64.40 F3600
G1 X200.00 Y64.40 E0.1663
G1 E-1 F2700
G1 X200.00 Y60.00 F7200
G1 E1 F2700
G1 X205.00 Y60.00 E0.6652 F3600
G1 X205.00 Y65.00 E0.6652
G1 X200.00 Y65.00 E0.6652
G1 X200.00 Y60.00 E0.6652
G1 X200.00 Y60.40 F3600
G1 X205.00 Y60.40 E0.1663
G1 X200.00 Y60.80 F3600
G1 X205.00 Y60.80 E0.1663
G1 X200.00 Y61.20 F3600
G1 X205.00 Y61.20 E0.1663
G1 X200.00 Y61.60 F3600
G1 X205.00 Y61.60 E0.1663
G1 X200.00 Y62.00 F3600
G1 X205.00 Y62.00 E0.1663
G1 X200.00 Y62.40 F3600
G1 X205.00 Y62.40 E0.1663
G1 X200.00 Y62.80 F3600
G1 X205.00 Y62.80 E0.1663
G1 X200.00 Y63.20 F3600
G1 X205.00 Y63.20 E0.1663
G1 X200.00 Y63.60 F3600
G1 X205.00 Y63.60 E0.1663
G1 X200.00 Y64.00 F3600
G1 X205.00 Y64.00 E0.1663
G1 X200.00 Y64.40 F3600
G1 X205.00 Y64.40 E0.1663
G1 E-1 F2700
G1 X205.00 Y60.00 F7200
G1 E1 F2700
G1 X210.00 Y60.00 E0.6652 F3600
G1 X210.00 Y65.00 E0.6652
G1 X205.00 Y65.00 E0.6652
G1 X205.00 Y60.00 E0.6652
G1 X205.00 Y60.40 F3600
G1 X210.00 Y60.40 E0.1663
G1 X205.00 Y60.80 F3600
G1 X210.00 Y60.80 E0.1663
G1 X205.00 Y61.20 F3600
G1 X210.00 Y61.20 E0.1663
G1 X205.00 Y61.60 F3600
G1 X210.00 Y61.60 E0.1663
G1 X205.00 Y62.00 F3600
G1 X210.00 Y62.00 E0.1663
G1 X205.00 Y62.40 F3600
G1 X210.00 Y62.40 E0.1663
G1 X205.00 Y62.80 F3600
G1 X210.00 Y62.80 E0.1663
G1 X205.00 Y63.20 F3600
G1 X210.00 Y63.20 E0.1663
G1 X205.00 Y63.60 F3600
G1 X210.00 Y63.60 E0.1663
G1 X205.00 Y64.00 F3600
G1 X210.00 Y64.00 E0.1663
G1 X205.00 Y64.40 F3600
G1 X210.00 Y64.40 E0.1663
G1 E-1 F2700
G1 X210.00 Y60.00 F7200
G1 E1 F2700
G1 X215.00 Y60.00 E0.6652 F3600
G1 X215.00 Y65.00 E0.6652
G1 X210.00 Y65.00 E0.6652
G1 X210.00 Y60.00 E0.6652
G1 X210.00 Y60.40 F3600
G1 X215.00 Y60.40 E0.1663
G1 X210.00 Y60.80 F3600
G1 X215.00 Y60.80 E0.1663
G1 X210.00 Y61.20 F3600
G1 X215.00 Y61.20 E0.1663
G1 X210.00 Y61.60 F3600
G1 X215.00 Y61.60 E0.1663
G1 X210.00 Y62.00 F3600
G1 X215.00 Y62.00 E0.1663
G1 X210.00 Y62.40 F3600
G1 X215.00 Y62.40 E0.1663
G1 X210.00 Y62.80 F3600
G1 X215.00 Y62.80 E0.1663
G1 X210.00 Y63.20 F3600
G1 X215.00 Y63.20 E0.1663
G1 X210.00 Y63.60 F3600
G1 X215.00 Y63.60 E0.1663
G1 X210.00 Y64.00 F3600
G1 X215.00 Y64.00 E0.1663
G1 X210.00 Y64.40 F3600
G1 X215.00 Y64.40 E0.1663
G1 E-1 F2700
G1 X215.00 Y60.00 F7200
G1 E1 F2700
G1 X220.00 Y60.00 E0.6652 F3600
G1 X220.00 Y65.00 E0.6652
G1 X215.00 Y65.00 E0.6652
G1 X215.00 Y60.00 E0.6652
G1 X215.00 Y60.40 F3600
G1 X220.00 Y60.40 E0.1663
G1 X215.00 Y60.80 F3600
G1 X220.00 Y60.80 E0.1663
G1 X215.00 Y61.20 F3600
G1 X220.00 Y61.20 E0.1663
G1 X215.00 Y61.60 F3600
G1 X220.00 Y61.60 E0.1663
G1 X215.00 Y62.00 F3600
G1 X220.00 Y62.00 E0.1663
G1 X215.00 Y62.40 F3600
G1 X220.00 Y62.40 E0.1663
G1 X215.00 Y62.80 F3600
G1 X220.00 Y62.80 E0.1663
G1 X215.00 Y63.20 F3600
G1 X220.00 Y63.20 E0.1663
G1 X215.00 Y63.60 F3600
G1 X220.00 Y63.60 E0.1663
G1 X215.00 Y64.00 F3600
G1 X220.00 Y64.00 E0.1663
G1 X215.00 Y64.40 F3600
G1 X220.00 Y64.40 E0.1663
G1 E-1 F2700
G1 X190.00 Y55.00 F7200
G1 E1 F2700
G1 X195.00 Y55.00 E0.6652 F3600
G1 X195.00 Y60.00 E0.6652
G1 X190.00 Y60.00 E0.6652
G1 X190.00 Y55.00 E0.6652
G1 X190.00 Y55.40 F3600
G1 X195.00 Y55.40 E0.1663
G1 X190.00 Y55.80 F3600
G1 X195.00 Y55.80 E0.1663
G1 X190.00 Y56.20 F3600
G1 X195.00 Y56.20 E0.1663
G1 X190.00 Y56.60 F3600
G1 X195.00 Y56.60 E0.1663
G1 X190.00 Y57.00 F3600
G1 X195.00 Y57.00 E0.1663
G1 X190.00 Y57.40 F3600
G1 X195.00 Y57.40 E0.1663
G1 X190.00 Y57.80 F3600
G1 X195.00 Y57.80 E0.1663
G1 X190.00 Y58.20 F3600
G1 X195.00 Y58.20 E0.1663
G1 X190.00 Y58.60 F3600
G1 X195.00 Y58.60 E0.1663
G1 X190.00 Y59.00 F3600
G1 X195.00 Y59.00 E0.1663
G1 X190.00 Y59.40 F3600
G1 X195.00 Y59.40 E0.1663
G1 E-1 F2700
G1 X220.00 Y55.00 F7200
G1 E1 F2700
G1 X225.00 Y55.00 E0.6652 F3600
G1 X225.00 Y60.00 E0.6652
G1 X220.00 Y60.00 E0.6652
G1 X220.00 Y55.00 E0.6652
G1 X220.00 Y55.40 F3600
G1 X225.00 Y55.40 E0.1663
G1 X220.00 Y55.80 F3600
G1 X225.00 Y55.80 E0.1663
G1 X220.00 Y56.20 F3600
G1 X225.00 Y56.20 E0.1663
G1 X220.00 Y56.60 F3600
G1 X225.00 Y56.60 E0.1663
G1 X220.00 Y57.00 F3600
G1 X225.00 Y57.00 E0.1663
G1 X220.00 Y57.40 F3600
G1 X225.00 Y57.40 E0.1663
G1 X220.00 Y57.80 F3600
G1 X225.00 Y57.80 E0.1663
G1 X220.00 Y58.20 F3600
G1 X225.00 Y58.20 E0.1663
G1 X220.00 Y58.60 F3600
G1 X225.00 Y58.60 E0.1663
G1 X220.00 Y59.00 F3600
G1 X225.00 Y59.00 E0.1663
G1 X220.00 Y59.40 F3600
G1 X225.00 Y59.40 E0.1663
G1 E-1 F2700
G1 X220.00 Y50.00 F7200
G1 E1 F2700
G1 X225.00 Y50.00 E0.6652 F3600
G1 X225.00 Y55.00 E0.6652
G1 X220.00 Y55.00 E0.6652
G1 X220.00 Y50.00 E0.6652
G1 X220.00 Y50.40 F3600
G1 X225.00 Y50.40 E0.1663
G1 X220.00 Y50.80 F3600
G1 X225.00 Y50.80 E0.1663
G1 X220.00 Y51.20 F3600
G1 X225.00 Y51.20 E0.1663
G1 X220.00 Y51.60 F3600
G1 X225.00 Y51.60 E0.1663
G1 X220.00 Y52.00 F3600
G1 X225.00 Y52.00 E0.1663
G1 X220.00 Y52.40 F3600
G1 X225.00 Y52.40 E0.1663
G1 X220.00 Y52.80 F3600
G1 X225.00 Y52.80 E0.1663
G1 X220.00 Y53.20 F3600
G1 X225.00 Y53.20 E0.1663
G1 X220.00 Y53.60 F3600
G1 X225.00 Y53.60 E0.1663
G1 X220.00 Y54.00 F3600
G1 X225.00 Y54.00 E0.1663
G1 X220.00 Y54.40 F3600
G1 X225.00 Y54.40 E0.1663
G1 E-1 F2700
G1 X205.00 Y45.00 F7200
G1 E1 F2700
G1 X210.00 Y45.00 E0.6652 F3600
G1 X210.00 Y50.00 E0.6652
G1 X205.00 Y50.00 E0.6652
G1 X205.00 Y45.00 E0.6652
G1 X205.00 Y45.40 F3600
G1 X210.00 Y45.40 E0.1663
G1 X205.00 Y45.80 F3600
G1 X210.00 Y45.80 E0.1663
G1 X205.00 Y46.20 F3600
G1 X210.00 Y46.20 E0.1663
G1 X205.00 Y46.60 F3600
G1 X210.00 Y46.60 E0.1663
G1 X205.00 Y47.00 F3600
G1 X210.00 Y47.00 E0.1663
G1 X205.00 Y47.40 F3600
G1 X210.00 Y47.40 E0.1663
G1 X205.00 Y47.80 F3600
G1 X210.00 Y47.80 E0.1663
G1 X205.00 Y48.20 F3600
G1 X210.00 Y48.20 E0.1663
G1 X205.00 Y48.60 F3600
G1 X210.00 Y48.60 E0.1663
G1 X205.00 Y49.00 F3600
G1 X210.00 Y49.00 E0.1663
G1 X205.00 Y49.40 F3600
G1 X210.00 Y49.40 E0.1663
G1 E-1 F2700
G1 X210.00 Y45.00 F7200
G1 E1 F2700
G1 X215.00 Y45.00 E0.6652 F3600
G1 X215.00 Y50.00 E0.6652
G1 X210.00 Y50.00 E0.6652
G1 X210.00 Y45.00 E0.6652
G1 X210.00 Y45.40 F3600
G1 X215.00 Y45.40 E0.1663
G1 X210.00 Y45.80 F3600
G1 X215.00 Y45.80 E0.1663
G1 X210.00 Y46.20 F3600
G1 X215.00 Y46.20 E0.1663
G1 X210.00 Y46.60 F3600
G1 X215.00 Y46.60 E0.1663
G1 X210.00 Y47.00 F3600
G1 X215.00 Y47.00 E0.1663
G1 X210.00 Y47.40 F3600
G1 X215.00 Y47.40 E0.1663
G1 X210.00 Y47.80 F3600
G1 X215.00 Y47.80 E0.1663
G1 X210.00 Y48.20 F3600
G1 X215.00 Y48.20 E0.1663
G1 X210.00 Y48.60 F3600
G1 X215.00 Y48.60 E0.1663
G1 X210.00 Y49.00 F3600
G1 X215.00 Y49.00 E0.1663
G1 X210.00 Y49.40 F3600
G1 X215.00 Y49.40 E0.1663
G1 E-1 F2700
G1 X215.00 Y45.00 F7200
G1 E1 F2700
G1 X220.00 Y45.00 E0.6652 F3600
G1 X220.00 Y50.00 E0.6652
G1 X215.00 Y50.00 E0.6652
G1 X215.00 Y45.00 E0.6652
G1 X215.00 Y45.40 F3600
G1 X220.00 Y45.40 E0.1663
G1 X215.00 Y45.80 F3600
G1 X220.00 Y45.80 E0.1663
G1 X215.00 Y46.20 F3600
G1 X220.00 Y46.20 E0.1663
G1 X215.00 Y46.60 F3600
G1 X220.00 Y46.60 E0.1663
G1 X215.00 Y47.00 F3600
G1 X220.00 Y47.00 E0.1663
G1 X215.00 Y47.40 F3600
G1 X220.00 Y47.40 E0.1663
G1 X215.00 Y47.80 F3600
G1 X220.00 Y47.80 E0.1663
G1 X215.00 Y48.20 F3600
G1 X220.00 Y48.20 E0.1663
G1 X215.00 Y48.60 F3600
G1 X220.00 Y48.60 E0.1663
G1 X215.00 Y49.00 F3600
G1 X220.00 Y49.00 E0.1663
G1 X215.00 Y49.40 F3600
G1 X220.00 Y49.40 E0.1663
G1 E-1 F2700
G1 X195.00 Y40.00 F7200
G1 E1 F2700
G1 X200.00 Y40.00 E0.6652 F3600
G1 X200.00 Y45.00 E0.6652
G1 X195.00 Y45.00 E0.6652
G1 X195.00 Y40.00 E0.6652
G1 X195.00 Y40.40 F3600
G1 X200.00 Y40.40 E0.1663
G1 X195.00 Y40.80 F3600
G1 X200.00 Y40.80 E0.1663
G1 X195.00 Y41.20 F3600
G1 X200.00 Y41.20 E0.1663
G1 X195.00 Y41.60 F3600
G1 X200.00 Y41.60 E0.1663
G1 X195.00 Y42.00 F3600
G1 X200.00 Y42.00 E0.1663
G1 X195.00 Y42.40 F3600
G1 X200.00 Y42.40 E0.1663
G1 X195.00 Y42.80 F3600
G1 X200.00 Y42.80 E0.1663
G1 X195.00 Y43.20 F3600
G1 X200.00 Y43.20 E0.1663
G1 X195.00 Y43.60 F3600
G1 X200.00 Y43.60 E0.1663
G1 X195.00 Y44.00 F3600
G1 X200.00 Y44.00 E0.1663
G1 X195.00 Y44.40 F3600
G1 X200.00 Y44.40 E0.1663
G1 E-1 F2700
G1 X200.00 Y40.00 F7200
G1 E1 F2700
G1 X205.00 Y40.00 E0.6652 F3600
G1 X205.00 Y45.00 E0.6652
G1 X200.00 Y45.00 E0.6652
G1 X200.00 Y40.00 E0.6652
G1 X200.00 Y40.40 F3600
G1 X205.00 Y40.40 E0.1663
G1 X200.00 Y40.80 F3600
G1 X205.00 Y40.80 E0.1663
G1 X200.00 Y41.20 F3600
G1 X205.00 Y41.20 E0.1663
G1 X200.00 Y41.60 F3600
G1 X205.00 Y41.60 E0.1663
G1 X200.00 Y42.00 F3600
G1 X205.00 Y42.00 E0.1663
G1 X200.00 Y42.40 F3600
G1 X205.00 Y42.40 E0.1663
G1 X200.00 Y42.80 F3600
G1 X205.00 Y42.80 E0.1663
G1 X200.00 Y43.20 F3600
G1 X205.00 Y43.20 E0.1663
G1 X200.00 Y43.60 F3600
G1 X205.00 Y43.60 E0.1663
G1 X200.00 Y44.00 F3600
G1 X205.00 Y44.00 E0.1663
G1 X200.00 Y44.40 F3600
G1 X205.00 Y44.40 E0.1663
G1 E-1 F2700
G1 X190.00 Y35.00 F7200
G1 E1 F2700
G1 X195.00 Y35.00 E0.6652 F3600
G1 X195.00 Y40.00 E0.6652
G1 X190.00 Y40.00 E0.6652
G1 X190.00 Y35.00 E0.6652
G1 X190.00 Y35.40 F3600
G1 X195.00 Y35.40 E0.1663
G1 X190.00 Y35.80 F3600
G1 X195.00 Y35.80 E0.1663
G1 X190.00 Y36.20 F3600
G1 X195.00 Y36.20 E0.1663
G1 X190.00 Y36.60 F3600
G1 X195.00 Y36.60 E0.1663
G1 X190.00 Y37.00 F3600
G1 X195.00 Y37.00 E0.1663
G1 X190.00 Y37.40 F3600
G1 X195.00 Y37.40 E0.1663
G1 X190.00 Y37.80 F3600
G1 X195.00 Y37.80 E0.1663
G1 X190.00 Y38.20 F3600
G1 X195.00 Y38.20 E0.1663
G1 X190.00 Y38.60 F3600
G1 X195.00 Y38.60 E0.1663
G1 X190.00 Y39.00 F3600
G1 X195.00 Y39.00 E0.1663
G1 X190.00 Y39.40 F3600
G1 X195.00 Y39.40 E0.1663
G1 E-1 F2700
G1 X190.00 Y30.00 F7200
G1 E1 F2700
G1 X195.00 Y30.00 E0.6652 F3600
G1 X195.00 Y35.00 E0.6652
G1 X190.00 Y35.00 E0.6652
G1 X190.00 Y30.00 E0.6652
G1 X190.00 Y30.40 F3600
G1 X195.00 Y30.40 E0.1663
G1 X190.00 Y30.80 F3600
G1 X195.00 Y30.80 E0.1663
G1 X190.00 Y31.20 F3600
G1 X195.00 Y31.20 E0.1663
G1 X190.00 Y31.60 F3600
G1 X195.00 Y31.60 E0.1663
G1 X190.00 Y32.00 F3600
G1 X195.00 Y32.00 E0.1663
G1 X190.00 Y32.40 F3600
G1 X195.00 Y32.40 E0.1663
G1 X190.00 Y32.80 F3600
G1 X195.00 Y32.80 E0.1663
G1 X190.00 Y33.20 F3600
G1 X195.00 Y33.20 E0.1663
G1 X190.00 Y33.60 F3600
G1 X195.00 Y33.60 E0.1663
G1 X190.00 Y34.00 F3600
G1 X195.00 Y34.00 E0.1663
G1 X190.00 Y34.40 F3600
G1 X195.00 Y34.40 E0.1663
G1 E-1 F2700
G1 X195.00 Y30.00 F7200
G1 E1 F2700
G1 X200.00 Y30.00 E0.6652 F3600
G1 X200.00 Y35.00 E0.6652
G1 X195.00 Y35.00 E0.6652
G1 X195.00 Y30.00 E0.6652
G1 X195.00 Y30.40 F3600
G1 X200.00 Y30.40 E0.1663
G1 X195.00 Y30.80 F3600
G1 X200.00 Y30.80 E0.1663
G1 X195.00 Y31.20 F3600
G1 X200.00 Y31.20 E0.1663
G1 X195.00 Y31.60 F3600
G1 X200.00 Y31.60 E0.1663
G1 X195.00 Y32.00 F3600
G1 X200.00 Y32.00 E0.1663
G1 X195.00 Y32.40 F3600
G1 X200.00 Y32.40 E0.1663
G1 X195.00 Y32.80 F3600
G1 X200.00 Y32.80 E0.1663
G1 X195.00 Y33.20 F3600
G1 X200.00 Y33.20 E0.1663
G1 X195.00 Y33.60 F3600
G1 X200.00 Y33.60 E0.1663
G1 X195.00 Y34.00 F3600
G1 X200.00 Y34.00 E0.1663
G1 X195.00 Y34.40 F3600
G1 X200.00 Y34.40 E0.1663
G1 E-1 F2700
G1 X200.00 Y30.00 F7200
G1 E1 F2700
G1 X205.00 Y30.00 E0.6652 F3600
G1 X205.00 Y35.00 E0.6652
G1 X200.00 Y35.00 E0.6652
G1 X200.00 Y30.00 E0.6652
G1 X200.00 Y30.40 F3600
G1 X205.00 Y30.40 E0.1663
G1 X200.00 Y30.80 F3600
G1 X205.00 Y30.80 E0.1663
G1 X200.00 Y31.20 F3600
G1 X205.00 Y31.20 E0.1663
G1 X200.00 Y31.60 F3600
G1 X205.00 Y31.60 E0.1663
G1 X200.00 Y32.00 F3600
G1 X205.00 Y32.00 E0.1663
G1 X200.00 Y32.40 F3600
G1 X205.00 Y32.40 E0.1663
G1 X200.00 Y32.80 F3600
G1 X205.00 Y32.80 E0.1663
G1 X200.00 Y33.20 F3600
G1 X205.00 Y33.20 E0.1663
G1 X200.00 Y33.60 F3600
G1 X205.00 Y33.60 E0.1663
G1 X200.00 Y34.00 F3600
G1 X205.00 Y34.00 E0.1663
G1 X200.00 Y34.40 F3600
G1 X205.00 Y34.40 E0.1663
G1 E-1 F2700
G1 X205.00 Y30.00 F7200
G1 E1 F2700
G1 X210.00 Y30.00 E0.6652 F3600
G1 X210.00 Y35.00 E0.6652
G1 X205.00 Y35.00 E0.6652
G1 X205.00 Y30.00 E0.6652
G1 X205.00 Y30.40 F3600
G1 X210.00 Y30.40 E0.1663
G1 X205.00 Y30.80 F3600
G1 X210.00 Y30.80 E0.1663
G1 X205.00 Y31.20 F3600
G1 X210.00 Y31.20 E0.1663
G1 X205.00 Y31.60 F3600
G1 X210.00 Y31.60 E0.1663
G1 X205.00 Y32.00 F3600
G1 X210.00 Y32.00 E0.1663
G1 X205.00 Y32.40 F3600
G1 X210.00 Y32.40 E0.1663
G1 X205.00 Y32.80 F3600
G1 X210.00 Y32.80 E0.1663
G1 X205.00 Y33.20 F3600
G1 X210.00 Y33.20 E0.1663
G1 X205.00 Y33.60 F3600
G1 X210.00 Y33.60 E0.1663
G1 X205.00 Y34.00 F3600
G1 X210.00 Y34.00 E0.1663
G1 X205.00 Y34.40 F3600
G1 X210.00 Y34.40 E0.1663
G1 E-1 F2700
G1 X210.00 Y30.00 F7200
G1 E1 F2700
G1 X215.00 Y30.00 E0.6652 F3600
G1 X215.00 Y35.00 E0.6652
G1 X210.00 Y35.00 E0.6652
G1 X210.00 Y30.00 E0.6652
G1 X210.00 Y30.40 F3600
G1 X215.00 Y30.40 E0.1663
G1 X210.00 Y30.80 F3600
G1 X215.00 Y30.80 E0.1663
G1 X210.00 Y31.20 F3600
G1 X215.00 Y31.20 E0.1663
G1 X210.00 Y31.60 F3600
G1 X215.00 Y31.60 E0.1663
G1 X210.00 Y32.00 F3600
G1 X215.00 Y32.00 E0.1663
G1 X210.00 Y32.40 F3600
G1 X215.00 Y32.40 E0.1663
G1 X210.00 Y32.80 F3600
G1 X215.00 Y32.80 E0.1663
G1 X210.00 Y33.20 F3600
G1 X215.00 Y33.20 E0.1663
G1 X210.00 Y33.60 F3600
G1 X215.00 Y33.60 E0.1663
G1 X210.00 Y34.00 F3600
G1 X215.00 Y34.00 E0.1663
G1 X210.00 Y34.40 F3600
G1 X215.00 Y34.40 E0.1663
G1 E-1 F2700
G1 X215.00 Y30.00 F7200
G1 E1 F2700
G1 X220.00 Y30.00 E0.6652 F3600
G1 X220.00 Y35.00 E0.6652
G1 X215.00 Y35.00 E0.6652
G1 X215.00 Y30.00 E0.6652
G1 X215.00 Y30.40 F3600
G1 X220.00 Y30.40 E0.1663
G1 X215.00 Y30.80 F3600
G1 X220.00 Y30.80 E0.1663
G1 X215.00 Y31.20 F3600
G1 X220.00 Y31.20 E0.1663
G1 X215.00 Y31.60 F3600
G1 X220.00 Y31.60 E0.1663
G1 X215.00 Y32.00 F3600
G1 X220.00 Y32.00 E0.1663
G1 X215.00 Y32.40 F3600
G1 X220.00 Y32.40 E0.1663
G1 X215.00 Y32.80 F3600
G1 X220.00 Y32.80 E0.1663
G1 X215.00 Y33.20 F3600
G1 X220.00 Y33.20 E0.1663
G1 X215.00 Y33.60 F3600
G1 X220.00 Y33.60 E0.1663
G1 X215.00 Y34.00 F3600
G1 X220.00 Y34.00 E0.1663
G1 X215.00 Y34.40 F3600
G1 X220.00 Y34.40 E0.1663
G1 E-1 F2700
G1 X220.00 Y30.00 F7200
G1 E1 F2700
G1 X225.00 Y30.00 E0.6652 F3600
G1 X225.00 Y35.00 E0.6652
G1 X220.00 Y35.00 E0.6652
G1 X220.00 Y30.00 E0.6652
G1 X220.00 Y30.40 F3600
G1 X225.00 Y30.40 E0.1663
G1 X220.00 Y30.80 F3600
G1 X225.00 Y30.80 E0.1663
G1 X220.00 Y31.20 F3600
G1 X225.00 Y31.20 E0.1663
G1 X220.00 Y31.60 F3600
G1 X225.00 Y31.60 E0.1663
G1 X220.00 Y32.00 F3600
G1 X225.00 Y32.00 E0.1663
G1 X220.00 Y32.40 F3600
G1 X225.00 Y32.40 E0.1663
G1 X220.00 Y32.80 F3600
G1 X225.00 Y32.80 E0.1663
G1 X220.00 Y33.20 F3600
G1 X225.00 Y33.20 E0.1663
G1 X220.00 Y33.60 F3600
G1 X225.00 Y33.60 E0.1663
G1 X220.00 Y34.00 F3600
G1 X225.00 Y34.00 E0.1663
G1 X220.00 Y34.40 F3600
G1 X225.00 Y34.40 E0.1663
G1 E-1 F2700
G1 X230.00 Y60.00 F7200
G1 E1 F2700
G1 X235.00 Y60.00 E0.6652 F3600
G1 X235.00 Y65.00 E0.6652
G1 X230.00 Y65.00 E0.6652
G1 X230.00 Y60.00 E0.6652
G1 X230.00 Y60.40 F3600
G1 X235.00 Y60.40 E0.1663
G1 X230.00 Y60.80 F3600
G1 X235.00 Y60.80 E0.1663
G1 X230.00 Y61.20 F3600
G1 X235.00 Y61.20 E0.1663
G1 X230.00 Y61.60 F3600
G1 X235.00 Y61.60 E0.1663
G1 X230.00 Y62.00 F3600
G1 X235.00 Y62.00 E0.1663
G1 X230.00 Y62.40 F3600
G1 X235.00 Y62.40 E0.1663
G1 X230.00 Y62.80 F3600
G1 X235.00 Y62.80 E0.1663
G1 X230.00 Y63.20 F3600
G1 X235.00 Y63.20 E0.1663
G1 X230.00 Y63.60 F3600
G1 X235.00 Y63.60 E0.1663
G1 X230.00 Y64.00 F3600
G1 X235.00 Y64.00 E0.1663
G1 X230.00 Y64.40 F3600
G1 X235.00 Y64.40 E0.1663
G1 E-1 F2700
G1 X235.00 Y60.00 F7200
G1 E1 F2700
G1 X240.00 Y60.00 E0.6652 F3600
G1 X240.00 Y65.00 E0.6652
G1 X235.00 Y65.00 E0.6652
G1 X235.00 Y60.00 E0.6652
G1 X235.00 Y60.40 F3600
G1 X240.00 Y60.40 E0.1663
G1 X235.00 Y60.80 F3600
G1 X240.00 Y60.80 E0.1663
G1 X235.00 Y61.20 F3600
G1 X240.00 Y61.20 E0.1663
G1 X235.00 Y61.60 F3600
G1 X240.00 Y61.60 E0.1663
G1 X235.00 Y62.00 F3600
G1 X240.00 Y62.00 E0.1663
G1 X235.00 Y62.40 F3600
G1 X240.00 Y62.40 E0.1663
G1 X235.00 Y62.80 F3600
G1 X240.00 Y62.80 E0.1663
G1 X235.00 Y63.20 F3600
G1 X240.00 Y63.20 E0.1663
G1 X235.00 Y63.60 F3600
G1 X240.00 Y63.60 E0.1663
G1 X235.00 Y64.00 F3600
G1 X240.00 Y64.00 E0.1663
G1 X235.00 Y64.40 F3600
G1 X240.00 Y64.40 E0.1663
G1 E-1 F2700
G1 X240.00 Y60.00 F7200
G1 E1 F2700
G1 X245.00 Y60.00 E0.6652 F3600
G1 X245.00 Y65.00 E0.6652
G1 X240.00 Y65.00 E0.6652
G1 X240.00 Y60.00 E0.6652
G1 X240.00 Y60.40 F3600
G1 X245.00 Y60.40 E0.1663
G1 X240.00 Y60.80 F3600
G1 X245.00 Y60.80 E0.1663
G1 X240.00 Y61.20 F3600
G1 X245.00 Y61.20 E0.1663
G1 X240.00 Y61.60 F3600
G1 X245.00 Y61.60 E0.1663
G1 X240.00 Y62.00 F3600
G1 X245.00 Y62.00 E0.1663
G1 X240.00 Y62.40 F3600
G1 X245.00 Y62.40 E0.1663
G1 X240.00 Y62.80 F3600
G1 X245.00 Y62.80 E0.1663
G1 X240.00 Y63.20 F3600
G1 X245.00 Y63.20 E0.1663
G1 X240.00 Y63.60 F3600
G1 X245.00 Y63.60 E0.1663
G1 X240.00 Y64.00 F3600
G1 X245.00 Y64.00 E0.1663
G1 X240.00 Y64.40 F3600
G1 X245.00 Y64.40 E0.1663
G1 E-1 F2700
G1 X245.00 Y60.00 F7200
G1 E1 F2700
G1 X250.00 Y60.00 E0.6652 F3600
G1 X250.00 Y65.00 E0.6652
G1 X245.00 Y65.00 E0.6652
G1 X245.00 Y60.00 E0.6652
G1 X245.00 Y60.40 F3600
G1 X250.00 Y60.40 E0.1663
G1 X245.00 Y60.80 F3600
G1 X250.00 Y60.80 E0.1663
G1 X245.00 Y61.20 F3600
G1 X250.00 Y61.20 E0.1663
G1 X245.00 Y61.60 F3600
G1 X250.00 Y61.60 E0.1663
G1 X245.00 Y62.00 F3600
G1 X250.00 Y62.00 E0.1663
G1 X245.00 Y62.40 F3600
G1 X250.00 Y62.40 E0.1663
G1 X245.00 Y62.80 F3600
G1 X250.00 Y62.80 E0.1663
G1 X245.00 Y63.20 F3600
G1 X250.00 Y63.20 E0.1663
G1 X245.00 Y63.60 F3600
G1 X250.00 Y63.60 E0.1663
G1 X245.00 Y64.00 F3600
G1 X250.00 Y64.00 E0.1663
G1 X245.00 Y64.40 F3600
G1 X250.00 Y64.40 E0.1663
G1 E-1 F2700
G1 X250.00 Y60.00 F7200
G1 E1 F2700
G1 X255.00 Y60.00 E0.6652 F3600
G1 X255.00 Y65.00 E0.6652
G1 X250.00 Y65.00 E0.6652
G1 X250.00 Y60.00 E0.6652
G1 X250.00 Y60.40 F3600
G1 X255.00 Y60.40 E0.1663
G1 X250.00 Y60.80 F3600
G1 X255.00 Y60.80 E0.1663
G1 X250.00 Y61.20 F3600
G1 X255.00 Y61.20 E0.1663
G1 X250.00 Y61.60 F3600
G1 X255.00 Y61.60 E0.1663
G1 X250.00 Y62.00 F3600
G1 X255.00 Y62.00 E0.1663
G1 X250.00 Y62.40 F3600
G1 X255.00 Y62.40 E0.1663
G1 X250.00 Y62.80 F3600
G1 X255.00 Y62.80 E0.1663
G1 X250.00 Y63.20 F3600
G1 X255.00 Y63.20 E0.1663
G1 X250.00 Y63.60 F3600
G1 X255.00 Y63.60 E0.1663
G1 X250.00 Y64.00 F3600
G1 X255.00 Y64.00 E0.1663
G1 X250.00 Y64.40 F3600
G1 X255.00 Y64.40 E0.1663
G1 E-1 F2700
G1 X255.00 Y60.00 F7200
G1 E1 F2700
G1 X260.00 Y60.00 E0.6652 F3600
G1 X260.00 Y65.00 E0.6652
G1 X255.00 Y65.00 E0.6652
G1 X255.00 Y60.00 E0.6652
G1 X255.00 Y60.40 F3600
G1 X260.00 Y60.40 E0.1663
G1 X255.00 Y60.80 F3600
G1 X260.00 Y60.80 E0.1663
G1 X255.00 Y61.20 F3600
G1 X260.00 Y61.20 E0.1663
G1 X255.00 Y61.60 F3600
G1 X260.00 Y61.60 E0.1663
G1 X255.00 Y62.00 F3600
G1 X260.00 Y62.00 E0.1663
G1 X255.00 Y62.40 F3600
G1 X260.00 Y62.40 E0.1663
G1 X255.00 Y62.80 F3600
G1 X260.00 Y62.80 E0.1663
G1 X255.00 Y63.20 F3600
G1 X260.00 Y63.20 E0.1663
G1 X255.00 Y63.60 F3600
G1 X260.00 Y63.60 E0.1663
G1 X255.00 Y64.00 F3600
G1 X260.00 Y64.00 E0.1663
G1 X255.00 Y64.40 F3600
G1 X260.00 Y64.40 E0.1663
G1 E-1 F2700
G1 X260.00 Y60.00 F7200
G1 E1 F2700
G1 X265.00 Y60.00 E0.6652 F3600
G1 X265.00 Y65.00 E0.6652
G1 X260.00 Y65.00 E0.6652
G1 X260.00 Y60.00 E0.6652
G1 X260.00 Y60.40 F3600
G1 X265.00 Y60.40 E0.1663
G1 X260.00 Y60.80 F3600
G1 X265.00 Y60.80 E0.1663
G1 X260.00 Y61.20 F3600
G1 X265.00 Y61.20 E0.1663
G1 X260.00 Y61.60 F3600
G1 X265.00 Y61.60 E0.1663
G1 X260.00 Y62.00 F3600
G1 X265.00 Y62.00 E0.1663
G1 X260.00 Y62.40 F3600
G1 X265.00 Y62.40 E0.1663
G1 X260.00 Y62.80 F3600
G1 X265.00 Y62.80 E0.1663
G1 X260.00 Y63.20 F3600
G1 X265.00 Y63.20 E0.1663
G1 X260.00 Y63.60 F3600
G1 X265.00 Y63.60 E0.1663
G1 X260.00 Y64.00 F3600
G1 X265.00 Y64.00 E0.1663
G1 X260.00 Y64.40 F3600
G1 X265.00 Y64.40 E0.1663
G1 E-1 F2700
G1 X230.00 Y55.00 F7200
G1 E1 F2700
G1 X235.00 Y55.00 E0.6652 F3600
G1 X235.00 Y60.00 E0.6652
G1 X230.00 Y60.00 E0.6652
G1 X230.00 Y55.00 E0.6652
G1 X230.00 Y55.40 F3600
G1 X235.00 Y55.40 E0.1663
G1 X230.00 Y55.80 F3600
G1 X235.00 Y55.80 E0.1663
G1 X230.00 Y56.20 F3600
G1 X235.00 Y56.20 E0.1663
G1 X230.00 Y56.60 F3600
G1 X235.00 Y56.60 E0.1663
G1 X230.00 Y57.00 F3600
G1 X235.00 Y57.00 E0.1663
G1 X230.00 Y57.40 F3600
G1 X235.00 Y57.40 E0.1663
G1 X230.00 Y57.80 F3600
G1 X235.00 Y57.80 E0.1663
G1 X230.00 Y58.20 F3600
G1 X235.00 Y58.20 E0.1663
G1 X230.00 Y58.60 F3600
G1 X235.00 Y58.60 E0.1663
G1 X230.00 Y59.00 F3600
G1 X235.00 Y59.00 E0.1663
G1 X230.00 Y59.40 F3600
G1 X235.00 Y59.40 E0.1663
G1 E-1 F2700
G1 X230.00 Y50.00 F7200
G1 E1 F2700
G1 X235.00 Y50.00 E0.6652 F3600
G1 X235.00 Y55.00 E0.6652
G1 X230.00 Y55.00 E0.6652
G1 X230.00 Y50.00 E0.6652
G1 X230.00 Y50.40 F3600
G1 X235.00 Y50.40 E0.1663
G1 X230.00 Y50.80 F3600
G1 X235.00 Y50.80 E0.1663
G1 X230.00 Y51.20 F3600
G1 X235.00 Y51.20 E0.1663
G1 X230.00 Y51.60 F3600
G1 X235.00 Y51.60 E0.1663
G1 X230.00 Y52.00 F3600
G1 X235.00 Y52.00 E0.1663
G1 X230.00 Y52.40 F3600
G1 X235.00 Y52.40 E0.1663
G1 X230.00 Y52.80 F3600
G1 X235.00 Y52.80 E0.1663
G1 X230.00 Y53.20 F3600
G1 X235.00 Y53.20 E0.1663
G1 X230.00 Y53.60 F3600
G1 X235.00 Y53.60 E0.1663
G1 X230.00 Y54.00 F3600
G1 X235.00 Y54.00 E0.1663
G1 X230.00 Y54.40 F3600
G1 X235.00 Y54.40 E0.1663
G1 E-1 F2700
G1 X230.00 Y45.00 F7200
G1 E1 F2700
G1 X235.00 Y45.00 E0.6652 F3600
G1 X235.00 Y50.00 E0.6652
G1 X230.00 Y50.00 E0.6652
G1 X230.00 Y45.00 E0.6652
G1 X230.00 Y45.40 F3600
G1 X235.00 Y45.40 E0.1663
G1 X230.00 Y45.80 F3600
G1 X235.00 Y45.80 E0.1663
G1 X230.00 Y46.20 F3600
G1 X235.00 Y46.20 E0.1663
G1 X230.00 Y46.60 F3600
G1 X235.00 Y46.60 E0.1663
G1 X230.00 Y47.00 F3600
G1 X235.00 Y47.00 E0.1663
G1 X230.00 Y47.40 F3600
G1 X235.00 Y47.40 E0.1663
G1 X230.00 Y47.80 F3600
G1 X235.00 Y47.80 E0.1663
G1 X230.00 Y48.20 F3600
G1 X235.00 Y48.20 E0.1663
G1 X230.00 Y48.60 F3600
G1 X235.00 Y48.60 E0.1663
G1 X230.00 Y49.00 F3600
G1 X235.00 Y49.00 E0.1663
G1 X230.00 Y49.40 F3600
G1 X235.00 Y49.40 E0.1663
G1 E-1 F2700
G1 X235.00 Y45.00 F7200
G1 E1 F2700
G1 X240.00 Y45.00 E0.6652 F3600
G1 X240.00 Y50.00 E0.6652
G1 X235.00 Y50.00 E0.6652
G1 X235.00 Y45.00 E0.6652
G1 X235.00 Y45.40 F3600
G1 X240.00 Y45.40 E0.1663
G1 X235.00 Y45.80 F3600
G1 X240.00 Y45.80 E0.1663
G1 X235.00 Y46.20 F3600
G1 X240.00 Y46.20 E0.1663
G1 X235.00 Y46.60 F3600
G1 X240.00 Y46.60 E0.1663
G1 X235.00 Y47.00 F3600
G1 X240.00 Y47.00 E0.1663
G1 X235.00 Y47.40 F3600
G1 X240.00 Y47.40 E0.1663
G1 X235.00 Y47.80 F3600
G1 X240.00 Y47.80 E0.1663
G1 X235.00 Y48.20 F3600
G1 X240.00 Y48.20 E0.1663
G1 X235.00 Y48.60 F3600
G1 X240.00 Y48.60 E0.1663
G1 X235.00 Y49.00 F3600
G1 X240.00 Y49.00 E0.1663
G1 X235.00 Y49.40 F3600
G1 X240.00 Y49.40 E0.1663
G1 E-1 F2700
G1 X240.00 Y45.00 F7200
G1 E1 F2700
G1 X245.00 Y45.00 E0.6652 F3600
G1 X245.00 Y50.00 E0.6652
G1 X240.00 Y50.00 E0.6652
G1 X240.00 Y45.00 E0.6652
G1 X240.00 Y45.40 F3600
G1 X245.00 Y45.40 E0.1663
G1 X240.00 Y45.80 F3600
G1 X245.00 Y45.80 E0.1663
G1 X240.00 Y46.20 F3600
G1 X245.00 Y46.20 E0.1663
G1 X240.00 Y46.60 F3600
G1 X245.00 Y46.60 E0.1663
G1 X240.00 Y47.00 F3600
G1 X245.00 Y47.00 E0.1663
G1 X240.00 Y47.40 F3600
G1 X245.00 Y47.40 E0.1663
G1 X240.00 Y47.80 F3600
G1 X245.00 Y47.80 E0.1663
G1 X240.00 Y48.20 F3600
G1 X245.00 Y48.20 E0.1663
G1 X240.00 Y48.60 F3600
G1 X245.00 Y48.60 E0.1663
G1 X240.00 Y49.00 F3600
G1 X245.00 Y49.00 E0.1663
G1 X240.00 Y49.40 F3600
G1 X245.00 Y49.40 E0.1663
G1 E-1 F2700
G1 X245.00 Y45.00 F7200
G1 E1 F2700
G1 X250.00 Y45.00 E0.6652 F3600
G1 X250.00 Y50.00 E0.6652
G1 X245.00 Y50.00 E0.6652
G1 X245.00 Y45.00 E0.6652
G1 X245.00 Y45.40 F3600
G1 X250.00 Y45.40 E0.1663
G1 X245.00 Y45.80 F3600
G1 X250.00 Y45.80 E0.1663
G1 X245.00 Y46.20 F3600
G1 X250.00 Y46.20 E0.1663
G1 X245.00 Y46.60 F3600
G1 X250.00 Y46.60 E0.1663
G1 X245.00 Y47.00 F3600
G1 X250.00 Y47.00 E0.1663
G1 X245.00 Y47.40 F3600
G1 X250.00 Y47.40 E0.1663
G1 X245.00 Y47.80 F3600
G1 X250.00 Y47.80 E0.1663
G1 X245.00 Y48.20 F3600
G1 X250.00 Y48.20 E0.1663
G1 X245.00 Y48.60 F3600
G1 X250.00 Y48.60 E0.1663
G1 X245.00 Y49.00 F3600
G1 X250.00 Y49.00 E0.1663
G1 X245.00 Y49.40 F3600
G1 X250.00 Y49.40 E0.1663
G1 E-1 F2700
G1 X250.00 Y45.00 F7200
G1 E1 F2700
G1 X255.00 Y45.00 E0.6652 F3600
G1 X255.00 Y50.00 E0.6652
G1 X250.00 Y50.00 E0.6652
G1 X250.00 Y45.00 E0.6652
G1 X250.00 Y45.40 F3600
G1 X255.00 Y45.40 E0.1663
G1 X250.00 Y45.80 F3600
G1 X255.00 Y45.80 E0.1663
G1 X250.00 Y46.20 F3600
G1 X255.00 Y46.20 E0.1663
G1 X250.00 Y46.60 F3600
G1 X255.00 Y46.60 E0.1663
G1 X250.00 Y47.00 F3600
G1 X255.00 Y47.00 E0.1663
G1 X250.00 Y47.40 F3600
G1 X255.00 Y47.40 E0.1663
G1 X250.00 Y47.80 F3600
G1 X255.00 Y47.80 E0.1663
G1 X250.00 Y48.20 F3600
G1 X255.00 Y48.20 E0.1663
G1 X250.00 Y48.60 F3600
G1 X255.00 Y48.60 E0.1663
G1 X250.00 Y49.00 F3600
G1 X255.00 Y49.00 E0.1663
G1 X250.00 Y49.40 F3600
G1 X255.00 Y49.40 E0.1663
G1 E-1 F2700
G1 X255.00 Y45.00 F7200
G1 E1 F2700
G1 X260.00 Y45.00 E0.6652 F3600
G1 X260.00 Y50.00 E0.6652
G1 X255.00 Y50.00 E0.6652
G1 X255.00 Y45.00 E0.6652
G1 X255.00 Y45.40 F3600
G1 X260.00 Y45.40 E0.1663
G1 X255.00 Y45.80 F3600
G1 X260.00 Y45.80 E0.1663
G1 X255.00 Y46.20 F3600
G1 X260.00 Y46.20 E0.1663
G1 X255.00 Y46.60 F3600
G1 X260.00 Y46.60 E0.1663
G1 X255.00 Y47.00 F3600
G1 X260.00 Y47.00 E0.1663
G1 X255.00 Y47.40 F3600
G1 X260.00 Y47.40 E0.1663
G1 X255.00 Y47.80 F3600
G1 X260.00 Y47.80 E0.1663
G1 X255.00 Y48.20 F3600
G1 X260.00 Y48.20 E0.1663
G1 X255.00 Y48.60 F3600
G1 X260.00 Y48.60 E0.1663
G1 X255.00 Y49.00 F3600
G1 X260.00 Y49.00 E0.1663
G1 X255.00 Y49.40 F3600
G1 X260.00 Y49.40 E0.1663
G1 E-1 F2700
G1 X260.00 Y40.00 F7200
G1 E1 F2700
G1 X265.00 Y40.00 E0.6652 F3600
G1 X265.00 Y45.00 E0.6652
G1 X260.00 Y45.00 E0.6652
G1 X260.00 Y40.00 E0.6652
G1 X260.00 Y40.40 F3600
G1 X265.00 Y40.40 E0.1663
G1 X260.00 Y40.80 F3600
G1 X265.00 Y40.80 E0.1663
G1 X260.00 Y41.20 F3600
G1 X265.00 Y41.20 E0.1663
G1 X260.00 Y41.60 F3600
G1 X265.00 Y41.60 E0.1663
G1 X260.00 Y42.00 F3600
G1 X265.00 Y42.00 E0.1663
G1 X260.00 Y42.40 F3600
G1 X265.00 Y42.40 E0.1663
G1 X260.00 Y42.80 F3600
G1 X265.00 Y42.80 E0.1663
G1 X260.00 Y43.20 F3600
G1 X265.00 Y43.20 E0.1663
G1 X260.00 Y43.60 F3600
G1 X265.00 Y43.60 E0.1663
G1 X260.00 Y44.00 F3600
G1 X265.00 Y44.00 E0.1663
G1 X260.00 Y44.40 F3600
G1 X265.00 Y44.40 E0.1663
G1 E-1 F2700
G1 X230.00 Y35.00 F7200
G1 E1 F2700
G1 X235.00 Y35.00 E0.6652 F3600
G1 X235.00 Y40.00 E0.6652
G1 X230.00 Y40.00 E0.6652
G1 X230.00 Y35.00 E0.6652
G1 X230.00 Y35.40 F3600
G1 X235.00 Y35.40 E0.1663
G1 X230.00 Y35.80 F3600
G1 X235.00 Y35.80 E0.1663
G1 X230.00 Y36.20 F3600
G1 X235.00 Y36.20 E0.1663
G1 X230.00 Y36.60 F3600
G1 X235.00 Y36.60 E0.1663
G1 X230.00 Y37.00 F3600
G1 X235.00 Y37.00 E0.1663
G1 X230.00 Y37.40 F3600
G1 X235.00 Y37.40 E0.1663
G1 X230.00 Y37.80 F3600
G1 X235.00 Y37.80 E0.1663
G1 X230.00 Y38.20 F3600
G1 X235.00 Y38.20 E0.1663
G1 X230.00 Y38.60 F3600
G1 X235.00 Y38.60 E0.1663
G1 X230.00 Y39.00 F3600
G1 X235.00 Y39.00 E0.1663
G1 X230.00 Y39.40 F3600
G1 X235.00 Y39.40 E0.1663
G1 E-1 F2700
G1 X260.00 Y35.00 F7200
G1 E1 F2700
G1 X265.00 Y35.00 E0.6652 F3600
G1 X265.00 Y40.00 E0.6652
G1 X260.00 Y40.00 E0.6652
G1 X260.00 Y35.00 E0.6652
G1 X260.00 Y35.40 F3600
G1 X265.00 Y35.40 E0.1663
G1 X260.00 Y35.80 F3600
G1 X265.00 Y35.80 E0.1663
G1 X260.00 Y36.20 F3600
G1 X265.00 Y36.20 E0.1663
G1 X260.00 Y36.60 F3600
G1 X265.00 Y36.60 E0.1663
G1 X260.00 Y37.00 F3600
G1 X265.00 Y37.00 E0.1663
G1 X260.00 Y37.40 F3600
G1 X265.00 Y37.40 E0.1663
G1 X260.00 Y37.80 F3600
G1 X265.00 Y37.80 E0.1663
G1 X260.00 Y38.20 F3600
G1 X265.00 Y38.20 E0.1663
G1 X260.00 Y38.60 F3600
G1 X265.00 Y38.60 E0.1663
G1 X260.00 Y39.00 F3600
G1 X265.00 Y39.00 E0.1663
G1 X260.00 Y39.40 F3600
G1 X265.00 Y39.40 E0.1663
G1 E-1 F2700
G1 X235.00 Y30.00 F7200
G1 E1 F2700
G1 X240.00 Y30.00 E0.6652 F3600
G1 X240.00 Y35.00 E0.6652
G1 X235.00 Y35.00 E0.6652
G1 X235.00 Y30.00 E0.6652
G1 X235.00 Y30.40 F3600
G1 X240.00 Y30.40 E0.1663
G1 X235.00 Y30.80 F3600
G1 X240.00 Y30.80 E0.1663
G1 X235.00 Y31.20 F3600
G1 X240.00 Y31.20 E0.1663
G1 X235.00 Y31.60 F3600
G1 X240.00 Y31.60 E0.1663
G1 X235.00 Y32.00 F3600
G1 X240.00 Y32.00 E0.1663
G1 X235.00 Y32.40 F3600
G1 X240.00 Y32.40 E0.1663
G1 X235.00 Y32.80 F3600
G1 X240.00 Y32.80 E0.1663
G1 X235.00 Y33.20 F3600
G1 X240.00 Y33.20 E0.1663
G1 X235.00 Y33.60 F3600
G1 X240.00 Y33.60 E0.1663
G1 X235.00 Y34.00 F3600
G1 X240.00 Y34.00 E0.1663
G1 X235.00 Y34.40 F3600
G1 X240.00 Y34.40 E0.1663
G1 E-1 F2700
G1 X240.00 Y30.00 F7200
G1 E1 F2700
G1 X245.00 Y30.00 E0.6652 F3600
G1 X245.00 Y35.00 E0.6652
G1 X240.00 Y35.00 E0.6652
G1 X240.00 Y30.00 E0.6652
G1 X240.00 Y30.40 F3600
G1 X245.00 Y30.40 E0.1663
G1 X240.00 Y30.80 F3600
G1 X245.00 Y30.80 E0.1663
G1 X240.00 Y31.20 F3600
G1 X245.00 Y31.20 E0.1663
G1 X240.00 Y31.60 F3600
G1 X245.00 Y31.60 E0.1663
G1 X240.00 Y32.00 F3600
G1 X245.00 Y32.00 E0.1663
G1 X240.00 Y32.40 F3600
G1 X245.00 Y32.40 E0.1663
G1 X240.00 Y32.80 F3600
G1 X245.00 Y32.80 E0.1663
G1 X240.00 Y33.20 F3600
G1 X245.00 Y33.20 E0.1663
G1 X240.00 Y33.60 F3600
G1 X245.00 Y33.60 E0.1663
G1 X240.00 Y34.00 F3600
G1 X245.00 Y34.00 E0.1663
G1 X240.00 Y34.40 F3600
G1 X245.00 Y34.40 E0.1663
G1 E-1 F2700
G1 X245.00 Y30.00 F7200
G1 E1 F2700
G1 X250.00 Y30.00 E0.6652 F3600
G1 X250.00 Y35.00 E0.6652
G1 X245.00 Y35.00 E0.6652
G1 X245.00 Y30.00 E0.6652
G1 X245.00 Y30.40 F3600
G1 X250.00 Y30.40 E0.1663
G1 X245.00 Y30.80 F3600
G1 X250.00 Y30.80 E0.1663
G1 X245.00 Y31.20 F3600
G1 X250.00 Y31.20 E0.1663
G1 X245.00 Y31.60 F3600
G1 X250.00 Y31.60 E0.1663
G1 X245.00 Y32.00 F3600
G1 X250.00 Y32.00 E0.1663
G1 X245.00 Y32.40 F3600
G1 X250.00 Y32.40 E0.1663
G1 X245.00 Y32.80 F3600
G1 X250.00 Y32.80 E0.1663
G1 X245.00 Y33.20 F3600
G1 X250.00 Y33.20 E0.1663
G1 X245.00 Y33.60 F3600
G1 X250.00 Y33.60 E0.1663
G1 X245.00 Y34.00 F3600
G1 X250.00 Y34.00 E0.1663
G1 X245.00 Y34.40 F3600
G1 X250.00 Y34.40 E0.1663
G1 E-1 F2700
G1 X250.00 Y30.00 F7200
G1 E1 F2700
G1 X255.00 Y30.00 E0.6652 F3600
G1 X255.00 Y35.00 E0.6652
G1 X250.00 Y35.00 E0.6652
G1 X250.00 Y30.00 E0.6652
G1 X250.00 Y30.40 F3600
G1 X255.00 Y30.40 E0.1663
G1 X250.00 Y30.80 F3600
G1 X255.00 Y30.80 E0.1663
G1 X250.00 Y31.20 F3600
G1 X255.00 Y31.20 E0.1663
G1 X250.00 Y31.60 F3600
G1 X255.00 Y31.60 E0.1663
G1 X250.00 Y32.00 F3600
G1 X255.00 Y32.00 E0.1663
G1 X250.00 Y32.40 F3600
G1 X255.00 Y32.40 E0.1663
G1 X250.00 Y32.80 F3600
G1 X255.00 Y32.80 E0.1663
G1 X250.00 Y33.20 F3600
G1 X255.00 Y33.20 E0.1663
G1 X250.00 Y33.60 F3600
G1 X255.00 Y33.60 E0.1663
G1 X250.00 Y34.00 F3600
G1 X255.00 Y34.00 E0.1663
G1 X250.00 Y34.40 F3600
G1 X255.00 Y34.40 E0.1663
G1 E-1 F2700
G1 X255.00 Y30.00 F7200
G1 E1 F2700
G1 X260.00 Y30.00 E0.6652 F3600
G1 X260.00 Y35.00 E0.6652
G1 X255.00 Y35.00 E0.6652
G1 X255.00 Y30.00 E0.6652
G1 X255.00 Y30.40 F3600
G1 X260.00 Y30.40 E0.1663
G1 X255.00 Y30.80 F3600
G1 X260.00 Y30.80 E0.1663
G1 X255.00 Y31.20 F3600
G1 X260.00 Y31.20 E0.1663
G1 X255.00 Y31.60 F3600
G1 X260.00 Y31.60 E0.1663
G1 X255.00 Y32.00 F3600
G1 X260.00 Y32.00 E0.1663
G1 X255.00 Y32.40 F3600
G1 X260.00 Y32.40 E0.1663
G1 X255.00 Y32.80 F3600
G1 X260.00 Y32.80 E0.1663
G1 X255.00 Y33.20 F3600
G1 X260.00 Y33.20 E0.1663
G1 X255.00 Y33.60 F3600
G1 X260.00 Y33.60 E0.1663
G1 X255.00 Y34.00 F3600
G1 X260.00 Y34.00 E0.1663
G1 X255.00 Y34.40 F3600
G1 X260.00 Y34.40 E0.1663
G1 E-1 F2700
G1 Z1.70 F7200

; ============ 第 4 層 ============
G1 Z0.90 F7200
G1 X35.00 Y60.00 F7200
G1 E1 F2700
G1 X40.00 Y60.00 E0.6652 F3600
G1 X40.00 Y65.00 E0.6652
G1 X35.00 Y65.00 E0.6652
G1 X35.00 Y60.00 E0.6652
G1 X35.00 Y60.40 F3600
G1 X40.00 Y60.40 E0.1663
G1 X35.00 Y60.80 F3600
G1 X40.00 Y60.80 E0.1663
G1 X35.00 Y61.20 F3600
G1 X40.00 Y61.20 E0.1663
G1 X35.00 Y61.60 F3600
G1 X40.00 Y61.60 E0.1663
G1 X35.00 Y62.00 F3600
G1 X40.00 Y62.00 E0.1663
G1 X35.00 Y62.40 F3600
G1 X40.00 Y62.40 E0.1663
G1 X35.00 Y62.80 F3600
G1 X40.00 Y62.80 E0.1663
G1 X35.00 Y63.20 F3600
G1 X40.00 Y63.20 E0.1663
G1 X35.00 Y63.60 F3600
G1 X40.00 Y63.60 E0.1663
G1 X35.00 Y64.00 F3600
G1 X40.00 Y64.00 E0.1663
G1 X35.00 Y64.40 F3600
G1 X40.00 Y64.40 E0.1663
G1 E-1 F2700
G1 X40.00 Y60.00 F7200
G1 E1 F2700
G1 X45.00 Y60.00 E0.6652 F3600
G1 X45.00 Y65.00 E0.6652
G1 X40.00 Y65.00 E0.6652
G1 X40.00 Y60.00 E0.6652
G1 X40.00 Y60.40 F3600
G1 X45.00 Y60.40 E0.1663
G1 X40.00 Y60.80 F3600
G1 X45.00 Y60.80 E0.1663
G1 X40.00 Y61.20 F3600
G1 X45.00 Y61.20 E0.1663
G1 X40.00 Y61.60 F3600
G1 X45.00 Y61.60 E0.1663
G1 X40.00 Y62.00 F3600
G1 X45.00 Y62.00 E0.1663
G1 X40.00 Y62.40 F3600
G1 X45.00 Y62.40 E0.1663
G1 X40.00 Y62.80 F3600
G1 X45.00 Y62.80 E0.1663
G1 X40.00 Y63.20 F3600
G1 X45.00 Y63.20 E0.1663
G1 X40.00 Y63.60 F3600
G1 X45.00 Y63.60 E0.1663
G1 X40.00 Y64.00 F3600
G1 X45.00 Y64.00 E0.1663
G1 X40.00 Y64.40 F3600
G1 X45.00 Y64.40 E0.1663
G1 E-1 F2700
G1 X45.00 Y60.00 F7200
G1 E1 F2700
G1 X50.00 Y60.00 E0.6652 F3600
G1 X50.00 Y65.00 E0.6652
G1 X45.00 Y65.00 E0.6652
G1 X45.00 Y60.00 E0.6652
G1 X45.00 Y60.40 F3600
G1 X50.00 Y60.40 E0.1663
G1 X45.00 Y60.80 F3600
G1 X50.00 Y60.80 E0.1663
G1 X45.00 Y61.20 F3600
G1 X50.00 Y61.20 E0.1663
G1 X45.00 Y61.60 F3600
G1 X50.00 Y61.60 E0.1663
G1 X45.00 Y62.00 F3600
G1 X50.00 Y62.00 E0.1663
G1 X45.00 Y62.40 F3600
G1 X50.00 Y62.40 E0.1663
G1 X45.00 Y62.80 F3600
G1 X50.00 Y62.80 E0.1663
G1 X45.00 Y63.20 F3600
G1 X50.00 Y63.20 E0.1663
G1 X45.00 Y63.60 F3600
G1 X50.00 Y63.60 E0.1663
G1 X45.00 Y64.00 F3600
G1 X50.00 Y64.00 E0.1663
G1 X45.00 Y64.40 F3600
G1 X50.00 Y64.40 E0.1663
G1 E-1 F2700
G1 X50.00 Y60.00 F7200
G1 E1 F2700
G1 X55.00 Y60.00 E0.6652 F3600
G1 X55.00 Y65.00 E0.6652
G1 X50.00 Y65.00 E0.6652
G1 X50.00 Y60.00 E0.6652
G1 X50.00 Y60.40 F3600
G1 X55.00 Y60.40 E0.1663
G1 X50.00 Y60.80 F3600
G1 X55.00 Y60.80 E0.1663
G1 X50.00 Y61.20 F3600
G1 X55.00 Y61.20 E0.1663
G1 X50.00 Y61.60 F3600
G1 X55.00 Y61.60 E0.1663
G1 X50.00 Y62.00 F3600
G1 X55.00 Y62.00 E0.1663
G1 X50.00 Y62.40 F3600
G1 X55.00 Y62.40 E0.1663
G1 X50.00 Y62.80 F3600
G1 X55.00 Y62.80 E0.1663
G1 X50.00 Y63.20 F3600
G1 X55.00 Y63.20 E0.1663
G1 X50.00 Y63.60 F3600
G1 X55.00 Y63.60 E0.1663
G1 X50.00 Y64.00 F3600
G1 X55.00 Y64.00 E0.1663
G1 X50.00 Y64.40 F3600
G1 X55.00 Y64.40 E0.1663
G1 E-1 F2700
G1 X55.00 Y60.00 F7200
G1 E1 F2700
G1 X60.00 Y60.00 E0.6652 F3600
G1 X60.00 Y65.00 E0.6652
G1 X55.00 Y65.00 E0.6652
G1 X55.00 Y60.00 E0.6652
G1 X55.00 Y60.40 F3600
G1 X60.00 Y60.40 E0.1663
G1 X55.00 Y60.80 F3600
G1 X60.00 Y60.80 E0.1663
G1 X55.00 Y61.20 F3600
G1 X60.00 Y61.20 E0.1663
G1 X55.00 Y61.60 F3600
G1 X60.00 Y61.60 E0.1663
G1 X55.00 Y62.00 F3600
G1 X60.00 Y62.00 E0.1663
G1 X55.00 Y62.40 F3600
G1 X60.00 Y62.40 E0.1663
G1 X55.00 Y62.80 F3600
G1 X60.00 Y62.80 E0.1663
G1 X55.00 Y63.20 F3600
G1 X60.00 Y63.20 E0.1663
G1 X55.00 Y63.60 F3600
G1 X60.00 Y63.60 E0.1663
G1 X55.00 Y64.00 F3600
G1 X60.00 Y64.00 E0.1663
G1 X55.00 Y64.40 F3600
G1 X60.00 Y64.40 E0.1663
G1 E-1 F2700
G1 X30.00 Y55.00 F7200
G1 E1 F2700
G1 X35.00 Y55.00 E0.6652 F3600
G1 X35.00 Y60.00 E0.6652
G1 X30.00 Y60.00 E0.6652
G1 X30.00 Y55.00 E0.6652
G1 X30.00 Y55.40 F3600
G1 X35.00 Y55.40 E0.1663
G1 X30.00 Y55.80 F3600
G1 X35.00 Y55.80 E0.1663
G1 X30.00 Y56.20 F3600
G1 X35.00 Y56.20 E0.1663
G1 X30.00 Y56.60 F3600
G1 X35.00 Y56.60 E0.1663
G1 X30.00 Y57.00 F3600
G1 X35.00 Y57.00 E0.1663
G1 X30.00 Y57.40 F3600
G1 X35.00 Y57.40 E0.1663
G1 X30.00 Y57.80 F3600
G1 X35.00 Y57.80 E0.1663
G1 X30.00 Y58.20 F3600
G1 X35.00 Y58.20 E0.1663
G1 X30.00 Y58.60 F3600
G1 X35.00 Y58.60 E0.1663
G1 X30.00 Y59.00 F3600
G1 X35.00 Y59.00 E0.1663
G1 X30.00 Y59.40 F3600
G1 X35.00 Y59.40 E0.1663
G1 E-1 F2700
G1 X60.00 Y55.00 F7200
G1 E1 F2700
G1 X65.00 Y55.00 E0.6652 F3600
G1 X65.00 Y60.00 E0.6652
G1 X60.00 Y60.00 E0.6652
G1 X60.00 Y55.00 E0.6652
G1 X60.00 Y55.40 F3600
G1 X65.00 Y55.40 E0.1663
G1 X60.00 Y55.80 F3600
G1 X65.00 Y55.80 E0.1663
G1 X60.00 Y56.20 F3600
G1 X65.00 Y56.20 E0.1663
G1 X60.00 Y56.60 F3600
G1 X65.00 Y56.60 E0.1663
G1 X60.00 Y57.00 F3600
G1 X65.00 Y57.00 E0.1663
G1 X60.00 Y57.40 F3600
G1 X65.00 Y57.40 E0.1663
G1 X60.00 Y57.80 F3600
G1 X65.00 Y57.80 E0.1663
G1 X60.00 Y58.20 F3600
G1 X65.00 Y58.20 E0.1663
G1 X60.00 Y58.60 F3600
G1 X65.00 Y58.60 E0.1663
G1 X60.00 Y59.00 F3600
G1 X65.00 Y59.00 E0.1663
G1 X60.00 Y59.40 F3600
G1 X65.00 Y59.40 E0.1663
G1 E-1 F2700
G1 X30.00 Y50.00 F7200
G1 E1 F2700
G1 X35.00 Y50.00 E0.6652 F3600
G1 X35.00 Y55.00 E0.6652
G1 X30.00 Y55.00 E0.6652
G1 X30.00 Y50.00 E0.6652
G1 X30.00 Y50.40 F3600
G1 X35.00 Y50.40 E0.1663
G1 X30.00 Y50.80 F3600
G1 X35.00 Y50.80 E0.1663
G1 X30.00 Y51.20 F3600
G1 X35.00 Y51.20 E0.1663
G1 X30.00 Y51.60 F3600
G1 X35.00 Y51.60 E0.1663
G1 X30.00 Y52.00 F3600
G1 X35.00 Y52.00 E0.1663
G1 X30.00 Y52.40 F3600
G1 X35.00 Y52.40 E0.1663
G1 X30.00 Y52.80 F3600
G1 X35.00 Y52.80 E0.1663
G1 X30.00 Y53.20 F3600
G1 X35.00 Y53.20 E0.1663
G1 X30.00 Y53.60 F3600
G1 X35.00 Y53.60 E0.1663
G1 X30.00 Y54.00 F3600
G1 X35.00 Y54.00 E0.1663
G1 X30.00 Y54.40 F3600
G1 X35.00 Y54.40 E0.1663
G1 E-1 F2700
G1 X30.00 Y45.00 F7200
G1 E1 F2700
G1 X35.00 Y45.00 E0.6652 F3600
G1 X35.00 Y50.00 E0.6652
G1 X30.00 Y50.00 E0.6652
G1 X30.00 Y45.00 E0.6652
G1 X30.00 Y45.40 F3600
G1 X35.00 Y45.40 E0.1663
G1 X30.00 Y45.80 F3600
G1 X35.00 Y45.80 E0.1663
G1 X30.00 Y46.20 F3600
G1 X35.00 Y46.20 E0.1663
G1 X30.00 Y46.60 F3600
G1 X35.00 Y46.60 E0.1663
G1 X30.00 Y47.00 F3600
G1 X35.00 Y47.00 E0.1663
G1 X30.00 Y47.40 F3600
G1 X35.00 Y47.40 E0.1663
G1 X30.00 Y47.80 F3600
G1 X35.00 Y47.80 E0.1663
G1 X30.00 Y48.20 F3600
G1 X35.00 Y48.20 E0.1663
G1 X30.00 Y48.60 F3600
G1 X35.00 Y48.60 E0.1663
G1 X30.00 Y49.00 F3600
G1 X35.00 Y49.00 E0.1663
G1 X30.00 Y49.40 F3600
G1 X35.00 Y49.40 E0.1663
G1 E-1 F2700
G1 X30.00 Y40.00 F7200
G1 E1 F2700
G1 X35.00 Y40.00 E0.6652 F3600
G1 X35.00 Y45.00 E0.6652
G1 X30.00 Y45.00 E0.6652
G1 X30.00 Y40.00 E0.6652
G1 X30.00 Y40.40 F3600
G1 X35.00 Y40.40 E0.1663
G1 X30.00 Y40.80 F3600
G1 X35.00 Y40.80 E0.1663
G1 X30.00 Y41.20 F3600
G1 X35.00 Y41.20 E0.1663
G1 X30.00 Y41.60 F3600
G1 X35.00 Y41.60 E0.1663
G1 X30.00 Y42.00 F3600
G1 X35.00 Y42.00 E0.1663
G1 X30.00 Y42.40 F3600
G1 X35.00 Y42.40 E0.1663
G1 X30.00 Y42.80 F3600
G1 X35.00 Y42.80 E0.1663
G1 X30.00 Y43.20 F3600
G1 X35.00 Y43.20 E0.1663
G1 X30.00 Y43.60 F3600
G1 X35.00 Y43.60 E0.1663
G1 X30.00 Y44.00 F3600
G1 X35.00 Y44.00 E0.1663
G1 X30.00 Y44.40 F3600
G1 X35.00 Y44.40 E0.1663
G1 E-1 F2700
G1 X30.00 Y35.00 F7200
G1 E1 F2700
G1 X35.00 Y35.00 E0.6652 F3600
G1 X35.00 Y40.00 E0.6652
G1 X30.00 Y40.00 E0.6652
G1 X30.00 Y35.00 E0.6652
G1 X30.00 Y35.40 F3600
G1 X35.00 Y35.40 E0.1663
G1 X30.00 Y35.80 F3600
G1 X35.00 Y35.80 E0.1663
G1 X30.00 Y36.20 F3600
G1 X35.00 Y36.20 E0.1663
G1 X30.00 Y36.60 F3600
G1 X35.00 Y36.60 E0.1663
G1 X30.00 Y37.00 F3600
G1 X35.00 Y37.00 E0.1663
G1 X30.00 Y37.40 F3600
G1 X35.00 Y37.40 E0.1663
G1 X30.00 Y37.80 F3600
G1 X35.00 Y37.80 E0.1663
G1 X30.00 Y38.20 F3600
G1 X35.00 Y38.20 E0.1663
G1 X30.00 Y38.60 F3600
G1 X35.00 Y38.60 E0.1663
G1 X30.00 Y39.00 F3600
G1 X35.00 Y39.00 E0.1663
G1 X30.00 Y39.40 F3600
G1 X35.00 Y39.40 E0.1663
G1 E-1 F2700
G1 X60.00 Y35.00 F7200
G1 E1 F2700
G1 X65.00 Y35.00 E0.6652 F3600
G1 X65.00 Y40.00 E0.6652
G1 X60.00 Y40.00 E0.6652
G1 X60.00 Y35.00 E0.6652
G1 X60.00 Y35.40 F3600
G1 X65.00 Y35.40 E0.1663
G1 X60.00 Y35.80 F3600
G1 X65.00 Y35.80 E0.1663
G1 X60.00 Y36.20 F3600
G1 X65.00 Y36.20 E0.1663
G1 X60.00 Y36.60 F3600
G1 X65.00 Y36.60 E0.1663
G1 X60.00 Y37.00 F3600
G1 X65.00 Y37.00 E0.1663
G1 X60.00 Y37.40 F3600
G1 X65.00 Y37.40 E0.1663
G1 X60.00 Y37.80 F3600
G1 X65.00 Y37.80 E0.1663
G1 X60.00 Y38.20 F3600
G1 X65.00 Y38.20 E0.1663
G1 X60.00 Y38.60 F3600
G1 X65.00 Y38.60 E0.1663
G1 X60.00 Y39.00 F3600
G1 X65.00 Y39.00 E0.1663
G1 X60.00 Y39.40 F3600
G1 X65.00 Y39.40 E0.1663
G1 E-1 F2700
G1 X35.00 Y30.00 F7200
G1 E1 F2700
G1 X40.00 Y30.00 E0.6652 F3600
G1 X40.00 Y35.00 E0.6652
G1 X35.00 Y35.00 E0.6652
G1 X35.00 Y30.00 E0.6652
G1 X35.00 Y30.40 F3600
G1 X40.00 Y30.40 E0.1663
G1 X35.00 Y30.80 F3600
G1 X40.00 Y30.80 E0.1663
G1 X35.00 Y31.20 F3600
G1 X40.00 Y31.20 E0.1663
G1 X35.00 Y31.60 F3600
G1 X40.00 Y31.60 E0.1663
G1 X35.00 Y32.00 F3600
G1 X40.00 Y32.00 E0.1663
G1 X35.00 Y32.40 F3600
G1 X40.00 Y32.40 E0.1663
G1 X35.00 Y32.80 F3600
G1 X40.00 Y32.80 E0.1663
G1 X35.00 Y33.20 F3600
G1 X40.00 Y33.20 E0.1663
G1 X35.00 Y33.60 F3600
G1 X40.00 Y33.60 E0.1663
G1 X35.00 Y34.00 F3600
G1 X40.00 Y34.00 E0.1663
G1 X35.00 Y34.40 F3600
G1 X40.00 Y34.40 E0.1663
G1 E-1 F2700
G1 X40.00 Y30.00 F7200
G1 E1 F2700
G1 X45.00 Y30.00 E0.6652 F3600
G1 X45.00 Y35.00 E0.6652
G1 X40.00 Y35.00 E0.6652
G1 X40.00 Y30.00 E0.6652
G1 X40.00 Y30.40 F3600
G1 X45.00 Y30.40 E0.1663
G1 X40.00 Y30.80 F3600
G1 X45.00 Y30.80 E0.1663
G1 X40.00 Y31.20 F3600
G1 X45.00 Y31.20 E0.1663
G1 X40.00 Y31.60 F3600
G1 X45.00 Y31.60 E0.1663
G1 X40.00 Y32.00 F3600
G1 X45.00 Y32.00 E0.1663
G1 X40.00 Y32.40 F3600
G1 X45.00 Y32.40 E0.1663
G1 X40.00 Y32.80 F3600
G1 X45.00 Y32.80 E0.1663
G1 X40.00 Y33.20 F3600
G1 X45.00 Y33.20 E0.1663
G1 X40.00 Y33.60 F3600
G1 X45.00 Y33.60 E0.1663
G1 X40.00 Y34.00 F3600
G1 X45.00 Y34.00 E0.1663
G1 X40.00 Y34.40 F3600
G1 X45.00 Y34.40 E0.1663
G1 E-1 F2700
G1 X45.00 Y30.00 F7200
G1 E1 F2700
G1 X50.00 Y30.00 E0.6652 F3600
G1 X50.00 Y35.00 E0.6652
G1 X45.00 Y35.00 E0.6652
G1 X45.00 Y30.00 E0.6652
G1 X45.00 Y30.40 F3600
G1 X50.00 Y30.40 E0.1663
G1 X45.00 Y30.80 F3600
G1 X50.00 Y30.80 E0.1663
G1 X45.00 Y31.20 F3600
G1 X50.00 Y31.20 E0.1663
G1 X45.00 Y31.60 F3600
G1 X50.00 Y31.60 E0.1663
G1 X45.00 Y32.00 F3600
G1 X50.00 Y32.00 E0.1663
G1 X45.00 Y32.40 F3600
G1 X50.00 Y32.40 E0.1663
G1 X45.00 Y32.80 F3600
G1 X50.00 Y32.80 E0.1663
G1 X45.00 Y33.20 F3600
G1 X50.00 Y33.20 E0.1663
G1 X45.00 Y33.60 F3600
G1 X50.00 Y33.60 E0.1663
G1 X45.00 Y34.00 F3600
G1 X50.00 Y34.00 E0.1663
G1 X45.00 Y34.40 F3600
G1 X50.00 Y34.40 E0.1663
G1 E-1 F2700
G1 X50.00 Y30.00 F7200
G1 E1 F2700
G1 X55.00 Y30.00 E0.6652 F3600
G1 X55.00 Y35.00 E0.6652
G1 X50.00 Y35.00 E0.6652
G1 X50.00 Y30.00 E0.6652
G1 X50.00 Y30.40 F3600
G1 X55.00 Y30.40 E0.1663
G1 X50.00 Y30.80 F3600
G1 X55.00 Y30.80 E0.1663
G1 X50.00 Y31.20 F3600
G1 X55.00 Y31.20 E0.1663
G1 X50.00 Y31.60 F3600
G1 X55.00 Y31.60 E0.1663
G1 X50.00 Y32.00 F3600
G1 X55.00 Y32.00 E0.1663
G1 X50.00 Y32.40 F3600
G1 X55.00 Y32.40 E0.1663
G1 X50.00 Y32.80 F3600
G1 X55.00 Y32.80 E0.1663
G1 X50.00 Y33.20 F3600
G1 X55.00 Y33.20 E0.1663
G1 X50.00 Y33.60 F3600
G1 X55.00 Y33.60 E0.1663
G1 X50.00 Y34.00 F3600
G1 X55.00 Y34.00 E0.1663
G1 X50.00 Y34.40 F3600
G1 X55.00 Y34.40 E0.1663
G1 E-1 F2700
G1 X55.00 Y30.00 F7200
G1 E1 F2700
G1 X60.00 Y30.00 E0.6652 F3600
G1 X60.00 Y35.00 E0.6652
G1 X55.00 Y35.00 E0.6652
G1 X55.00 Y30.00 E0.6652
G1 X55.00 Y30.40 F3600
G1 X60.00 Y30.40 E0.1663
G1 X55.00 Y30.80 F3600
G1 X60.00 Y30.80 E0.1663
G1 X55.00 Y31.20 F3600
G1 X60.00 Y31.20 E0.1663
G1 X55.00 Y31.60 F3600
G1 X60.00 Y31.60 E0.1663
G1 X55.00 Y32.00 F3600
G1 X60.00 Y32.00 E0.1663
G1 X55.00 Y32.40 F3600
G1 X60.00 Y32.40 E0.1663
G1 X55.00 Y32.80 F3600
G1 X60.00 Y32.80 E0.1663
G1 X55.00 Y33.20 F3600
G1 X60.00 Y33.20 E0.1663
G1 X55.00 Y33.60 F3600
G1 X60.00 Y33.60 E0.1663
G1 X55.00 Y34.00 F3600
G1 X60.00 Y34.00 E0.1663
G1 X55.00 Y34.40 F3600
G1 X60.00 Y34.40 E0.1663
G1 E-1 F2700
G1 X70.00 Y60.00 F7200
G1 E1 F2700
G1 X75.00 Y60.00 E0.6652 F3600
G1 X75.00 Y65.00 E0.6652
G1 X70.00 Y65.00 E0.6652
G1 X70.00 Y60.00 E0.6652
G1 X70.00 Y60.40 F3600
G1 X75.00 Y60.40 E0.1663
G1 X70.00 Y60.80 F3600
G1 X75.00 Y60.80 E0.1663
G1 X70.00 Y61.20 F3600
G1 X75.00 Y61.20 E0.1663
G1 X70.00 Y61.60 F3600
G1 X75.00 Y61.60 E0.1663
G1 X70.00 Y62.00 F3600
G1 X75.00 Y62.00 E0.1663
G1 X70.00 Y62.40 F3600
G1 X75.00 Y62.40 E0.1663
G1 X70.00 Y62.80 F3600
G1 X75.00 Y62.80 E0.1663
G1 X70.00 Y63.20 F3600
G1 X75.00 Y63.20 E0.1663
G1 X70.00 Y63.60 F3600
G1 X75.00 Y63.60 E0.1663
G1 X70.00 Y64.00 F3600
G1 X75.00 Y64.00 E0.1663
G1 X70.00 Y64.40 F3600
G1 X75.00 Y64.40 E0.1663
G1 E-1 F2700
G1 X75.00 Y60.00 F7200
G1 E1 F2700
G1 X80.00 Y60.00 E0.6652 F3600
G1 X80.00 Y65.00 E0.6652
G1 X75.00 Y65.00 E0.6652
G1 X75.00 Y60.00 E0.6652
G1 X75.00 Y60.40 F3600
G1 X80.00 Y60.40 E0.1663
G1 X75.00 Y60.80 F3600
G1 X80.00 Y60.80 E0.1663
G1 X75.00 Y61.20 F3600
G1 X80.00 Y61.20 E0.1663
G1 X75.00 Y61.60 F3600
G1 X80.00 Y61.60 E0.1663
G1 X75.00 Y62.00 F3600
G1 X80.00 Y62.00 E0.1663
G1 X75.00 Y62.40 F3600
G1 X80.00 Y62.40 E0.1663
G1 X75.00 Y62.80 F3600
G1 X80.00 Y62.80 E0.1663
G1 X75.00 Y63.20 F3600
G1 X80.00 Y63.20 E0.1663
G1 X75.00 Y63.60 F3600
G1 X80.00 Y63.60 E0.1663
G1 X75.00 Y64.00 F3600
G1 X80.00 Y64.00 E0.1663
G1 X75.00 Y64.40 F3600
G1 X80.00 Y64.40 E0.1663
G1 E-1 F2700
G1 X80.00 Y60.00 F7200
G1 E1 F2700
G1 X85.00 Y60.00 E0.6652 F3600
G1 X85.00 Y65.00 E0.6652
G1 X80.00 Y65.00 E0.6652
G1 X80.00 Y60.00 E0.6652
G1 X80.00 Y60.40 F3600
G1 X85.00 Y60.40 E0.1663
G1 X80.00 Y60.80 F3600
G1 X85.00 Y60.80 E0.1663
G1 X80.00 Y61.20 F3600
G1 X85.00 Y61.20 E0.1663
G1 X80.00 Y61.60 F3600
G1 X85.00 Y61.60 E0.1663
G1 X80.00 Y62.00 F3600
G1 X85.00 Y62.00 E0.1663
G1 X80.00 Y62.40 F3600
G1 X85.00 Y62.40 E0.1663
G1 X80.00 Y62.80 F3600
G1 X85.00 Y62.80 E0.1663
G1 X80.00 Y63.20 F3600
G1 X85.00 Y63.20 E0.1663
G1 X80.00 Y63.60 F3600
G1 X85.00 Y63.60 E0.1663
G1 X80.00 Y64.00 F3600
G1 X85.00 Y64.00 E0.1663
G1 X80.00 Y64.40 F3600
G1 X85.00 Y64.40 E0.1663
G1 E-1 F2700
G1 X85.00 Y60.00 F7200
G1 E1 F2700
G1 X90.00 Y60.00 E0.6652 F3600
G1 X90.00 Y65.00 E0.6652
G1 X85.00 Y65.00 E0.6652
G1 X85.00 Y60.00 E0.6652
G1 X85.00 Y60.40 F3600
G1 X90.00 Y60.40 E0.1663
G1 X85.00 Y60.80 F3600
G1 X90.00 Y60.80 E0.1663
G1 X85.00 Y61.20 F3600
G1 X90.00 Y61.20 E0.1663
G1 X85.00 Y61.60 F3600
G1 X90.00 Y61.60 E0.1663
G1 X85.00 Y62.00 F3600
G1 X90.00 Y62.00 E0.1663
G1 X85.00 Y62.40 F3600
G1 X90.00 Y62.40 E0.1663
G1 X85.00 Y62.80 F3600
G1 X90.00 Y62.80 E0.1663
G1 X85.00 Y63.20 F3600
G1 X90.00 Y63.20 E0.1663
G1 X85.00 Y63.60 F3600
G1 X90.00 Y63.60 E0.1663
G1 X85.00 Y64.00 F3600
G1 X90.00 Y64.00 E0.1663
G1 X85.00 Y64.40 F3600
G1 X90.00 Y64.40 E0.1663
G1 E-1 F2700
G1 X90.00 Y60.00 F7200
G1 E1 F2700
G1 X95.00 Y60.00 E0.6652 F3600
G1 X95.00 Y65.00 E0.6652
G1 X90.00 Y65.00 E0.6652
G1 X90.00 Y60.00 E0.6652
G1 X90.00 Y60.40 F3600
G1 X95.00 Y60.40 E0.1663
G1 X90.00 Y60.80 F3600
G1 X95.00 Y60.80 E0.1663
G1 X90.00 Y61.20 F3600
G1 X95.00 Y61.20 E0.1663
G1 X90.00 Y61.60 F3600
G1 X95.00 Y61.60 E0.1663
G1 X90.00 Y62.00 F3600
G1 X95.00 Y62.00 E0.1663
G1 X90.00 Y62.40 F3600
G1 X95.00 Y62.40 E0.1663
G1 X90.00 Y62.80 F3600
G1 X95.00 Y62.80 E0.1663
G1 X90.00 Y63.20 F3600
G1 X95.00 Y63.20 E0.1663
G1 X90.00 Y63.60 F3600
G1 X95.00 Y63.60 E0.1663
G1 X90.00 Y64.00 F3600
G1 X95.00 Y64.00 E0.1663
G1 X90.00 Y64.40 F3600
G1 X95.00 Y64.40 E0.1663
G1 E-1 F2700
G1 X95.00 Y60.00 F7200
G1 E1 F2700
G1 X100.00 Y60.00 E0.6652 F3600
G1 X100.00 Y65.00 E0.6652
G1 X95.00 Y65.00 E0.6652
G1 X95.00 Y60.00 E0.6652
G1 X95.00 Y60.40 F3600
G1 X100.00 Y60.40 E0.1663
G1 X95.00 Y60.80 F3600
G1 X100.00 Y60.80 E0.1663
G1 X95.00 Y61.20 F3600
G1 X100.00 Y61.20 E0.1663
G1 X95.00 Y61.60 F3600
G1 X100.00 Y61.60 E0.1663
G1 X95.00 Y62.00 F3600
G1 X100.00 Y62.00 E0.1663
G1 X95.00 Y62.40 F3600
G1 X100.00 Y62.40 E0.1663
G1 X95.00 Y62.80 F3600
G1 X100.00 Y62.80 E0.1663
G1 X95.00 Y63.20 F3600
G1 X100.00 Y63.20 E0.1663
G1 X95.00 Y63.60 F3600
G1 X100.00 Y63.60 E0.1663
G1 X95.00 Y64.00 F3600
G1 X100.00 Y64.00 E0.1663
G1 X95.00 Y64.40 F3600
G1 X100.00 Y64.40 E0.1663
G1 E-1 F2700
G1 X70.00 Y55.00 F7200
G1 E1 F2700
G1 X75.00 Y55.00 E0.6652 F3600
G1 X75.00 Y60.00 E0.6652
G1 X70.00 Y60.00 E0.6652
G1 X70.00 Y55.00 E0.6652
G1 X70.00 Y55.40 F3600
G1 X75.00 Y55.40 E0.1663
G1 X70.00 Y55.80 F3600
G1 X75.00 Y55.80 E0.1663
G1 X70.00 Y56.20 F3600
G1 X75.00 Y56.20 E0.1663
G1 X70.00 Y56.60 F3600
G1 X75.00 Y56.60 E0.1663
G1 X70.00 Y57.00 F3600
G1 X75.00 Y57.00 E0.1663
G1 X70.00 Y57.40 F3600
G1 X75.00 Y57.40 E0.1663
G1 X70.00 Y57.80 F3600
G1 X75.00 Y57.80 E0.1663
G1 X70.00 Y58.20 F3600
G1 X75.00 Y58.20 E0.1663
G1 X70.00 Y58.60 F3600
G1 X75.00 Y58.60 E0.1663
G1 X70.00 Y59.00 F3600
G1 X75.00 Y59.00 E0.1663
G1 X70.00 Y59.40 F3600
G1 X75.00 Y59.40 E0.1663
G1 E-1 F2700
G1 X100.00 Y55.00 F7200
G1 E1 F2700
G1 X105.00 Y55.00 E0.6652 F3600
G1 X105.00 Y60.00 E0.6652
G1 X100.00 Y60.00 E0.6652
G1 X100.00 Y55.00 E0.6652
G1 X100.00 Y55.40 F3600
G1 X105.00 Y55.40 E0.1663
G1 X100.00 Y55.80 F3600
G1 X105.00 Y55.80 E0.1663
G1 X100.00 Y56.20 F3600
G1 X105.00 Y56.20 E0.1663
G1 X100.00 Y56.60 F3600
G1 X105.00 Y56.60 E0.1663
G1 X100.00 Y57.00 F3600
G1 X105.00 Y57.00 E0.1663
G1 X100.00 Y57.40 F3600
G1 X105.00 Y57.40 E0.1663
G1 X100.00 Y57.80 F3600
G1 X105.00 Y57.80 E0.1663
G1 X100.00 Y58.20 F3600
G1 X105.00 Y58.20 E0.1663
G1 X100.00 Y58.60 F3600
G1 X105.00 Y58.60 E0.1663
G1 X100.00 Y59.00 F3600
G1 X105.00 Y59.00 E0.1663
G1 X100.00 Y59.40 F3600
G1 X105.00 Y59.40 E0.1663
G1 E-1 F2700
G1 X70.00 Y50.00 F7200
G1 E1 F2700
G1 X75.00 Y50.00 E0.6652 F3600
G1 X75.00 Y55.00 E0.6652
G1 X70.00 Y55.00 E0.6652
G1 X70.00 Y50.00 E0.6652
G1 X70.00 Y50.40 F3600
G1 X75.00 Y50.40 E0.1663
G1 X70.00 Y50.80 F3600
G1 X75.00 Y50.80 E0.1663
G1 X70.00 Y51.20 F3600
G1 X75.00 Y51.20 E0.1663
G1 X70.00 Y51.60 F3600
G1 X75.00 Y51.60 E0.1663
G1 X70.00 Y52.00 F3600
G1 X75.00 Y52.00 E0.1663
G1 X70.00 Y52.40 F3600
G1 X75.00 Y52.40 E0.1663
G1 X70.00 Y52.80 F3600
G1 X75.00 Y52.80 E0.1663
G1 X70.00 Y53.20 F3600
G1 X75.00 Y53.20 E0.1663
G1 X70.00 Y53.60 F3600
G1 X75.00 Y53.60 E0.1663
G1 X70.00 Y54.00 F3600
G1 X75.00 Y54.00 E0.1663
G1 X70.00 Y54.40 F3600
G1 X75.00 Y54.40 E0.1663
G1 E-1 F2700
G1 X100.00 Y50.00 F7200
G1 E1 F2700
G1 X105.00 Y50.00 E0.6652 F3600
G1 X105.00 Y55.00 E0.6652
G1 X100.00 Y55.00 E0.6652
G1 X100.00 Y50.00 E0.6652
G1 X100.00 Y50.40 F3600
G1 X105.00 Y50.40 E0.1663
G1 X100.00 Y50.80 F3600
G1 X105.00 Y50.80 E0.1663
G1 X100.00 Y51.20 F3600
G1 X105.00 Y51.20 E0.1663
G1 X100.00 Y51.60 F3600
G1 X105.00 Y51.60 E0.1663
G1 X100.00 Y52.00 F3600
G1 X105.00 Y52.00 E0.1663
G1 X100.00 Y52.40 F3600
G1 X105.00 Y52.40 E0.1663
G1 X100.00 Y52.80 F3600
G1 X105.00 Y52.80 E0.1663
G1 X100.00 Y53.20 F3600
G1 X105.00 Y53.20 E0.1663
G1 X100.00 Y53.60 F3600
G1 X105.00 Y53.60 E0.1663
G1 X100.00 Y54.00 F3600
G1 X105.00 Y54.00 E0.1663
G1 X100.00 Y54.40 F3600
G1 X105.00 Y54.40 E0.1663
G1 E-1 F2700
G1 X70.00 Y45.00 F7200
G1 E1 F2700
G1 X75.00 Y45.00 E0.6652 F3600
G1 X75.00 Y50.00 E0.6652
G1 X70.00 Y50.00 E0.6652
G1 X70.00 Y45.00 E0.6652
G1 X70.00 Y45.40 F3600
G1 X75.00 Y45.40 E0.1663
G1 X70.00 Y45.80 F3600
G1 X75.00 Y45.80 E0.1663
G1 X70.00 Y46.20 F3600
G1 X75.00 Y46.20 E0.1663
G1 X70.00 Y46.60 F3600
G1 X75.00 Y46.60 E0.1663
G1 X70.00 Y47.00 F3600
G1 X75.00 Y47.00 E0.1663
G1 X70.00 Y47.40 F3600
G1 X75.00 Y47.40 E0.1663
G1 X70.00 Y47.80 F3600
G1 X75.00 Y47.80 E0.1663
G1 X70.00 Y48.20 F3600
G1 X75.00 Y48.20 E0.1663
G1 X70.00 Y48.60 F3600
G1 X75.00 Y48.60 E0.1663
G1 X70.00 Y49.00 F3600
G1 X75.00 Y49.00 E0.1663
G1 X70.00 Y49.40 F3600
G1 X75.00 Y49.40 E0.1663
G1 E-1 F2700
G1 X75.00 Y45.00 F7200
G1 E1 F2700
G1 X80.00 Y45.00 E0.6652 F3600
G1 X80.00 Y50.00 E0.6652
G1 X75.00 Y50.00 E0.6652
G1 X75.00 Y45.00 E0.6652
G1 X75.00 Y45.40 F3600
G1 X80.00 Y45.40 E0.1663
G1 X75.00 Y45.80 F3600
G1 X80.00 Y45.80 E0.1663
G1 X75.00 Y46.20 F3600
G1 X80.00 Y46.20 E0.1663
G1 X75.00 Y46.60 F3600
G1 X80.00 Y46.60 E0.1663
G1 X75.00 Y47.00 F3600
G1 X80.00 Y47.00 E0.1663
G1 X75.00 Y47.40 F3600
G1 X80.00 Y47.40 E0.1663
G1 X75.00 Y47.80 F3600
G1 X80.00 Y47.80 E0.1663
G1 X75.00 Y48.20 F3600
G1 X80.00 Y48.20 E0.1663
G1 X75.00 Y48.60 F3600
G1 X80.00 Y48.60 E0.1663
G1 X75.00 Y49.00 F3600
G1 X80.00 Y49.00 E0.1663
G1 X75.00 Y49.40 F3600
G1 X80.00 Y49.40 E0.1663
G1 E-1 F2700
G1 X80.00 Y45.00 F7200
G1 E1 F2700
G1 X85.00 Y45.00 E0.6652 F3600
G1 X85.00 Y50.00 E0.6652
G1 X80.00 Y50.00 E0.6652
G1 X80.00 Y45.00 E0.6652
G1 X80.00 Y45.40 F3600
G1 X85.00 Y45.40 E0.1663
G1 X80.00 Y45.80 F3600
G1 X85.00 Y45.80 E0.1663
G1 X80.00 Y46.20 F3600
G1 X85.00 Y46.20 E0.1663
G1 X80.00 Y46.60 F3600
G1 X85.00 Y46.60 E0.1663
G1 X80.00 Y47.00 F3600
G1 X85.00 Y47.00 E0.1663
G1 X80.00 Y47.40 F3600
G1 X85.00 Y47.40 E0.1663
G1 X80.00 Y47.80 F3600
G1 X85.00 Y47.80 E0.1663
G1 X80.00 Y48.20 F3600
G1 X85.00 Y48.20 E0.1663
G1 X80.00 Y48.60 F3600
G1 X85.00 Y48.60 E0.1663
G1 X80.00 Y49.00 F3600
G1 X85.00 Y49.00 E0.1663
G1 X80.00 Y49.40 F3600
G1 X85.00 Y49.40 E0.1663
G1 E-1 F2700
G1 X85.00 Y45.00 F7200
G1 E1 F2700
G1 X90.00 Y45.00 E0.6652 F3600
G1 X90.00 Y50.00 E0.6652
G1 X85.00 Y50.00 E0.6652
G1 X85.00 Y45.00 E0.6652
G1 X85.00 Y45.40 F3600
G1 X90.00 Y45.40 E0.1663
G1 X85.00 Y45.80 F3600
G1 X90.00 Y45.80 E0.1663
G1 X85.00 Y46.20 F3600
G1 X90.00 Y46.20 E0.1663
G1 X85.00 Y46.60 F3600
G1 X90.00 Y46.60 E0.1663
G1 X85.00 Y47.00 F3600
G1 X90.00 Y47.00 E0.1663
G1 X85.00 Y47.40 F3600
G1 X90.00 Y47.40 E0.1663
G1 X85.00 Y47.80 F3600
G1 X90.00 Y47.80 E0.1663
G1 X85.00 Y48.20 F3600
G1 X90.00 Y48.20 E0.1663
G1 X85.00 Y48.60 F3600
G1 X90.00 Y48.60 E0.1663
G1 X85.00 Y49.00 F3600
G1 X90.00 Y49.00 E0.1663
G1 X85.00 Y49.40 F3600
G1 X90.00 Y49.40 E0.1663
G1 E-1 F2700
G1 X90.00 Y45.00 F7200
G1 E1 F2700
G1 X95.00 Y45.00 E0.6652 F3600
G1 X95.00 Y50.00 E0.6652
G1 X90.00 Y50.00 E0.6652
G1 X90.00 Y45.00 E0.6652
G1 X90.00 Y45.40 F3600
G1 X95.00 Y45.40 E0.1663
G1 X90.00 Y45.80 F3600
G1 X95.00 Y45.80 E0.1663
G1 X90.00 Y46.20 F3600
G1 X95.00 Y46.20 E0.1663
G1 X90.00 Y46.60 F3600
G1 X95.00 Y46.60 E0.1663
G1 X90.00 Y47.00 F3600
G1 X95.00 Y47.00 E0.1663
G1 X90.00 Y47.40 F3600
G1 X95.00 Y47.40 E0.1663
G1 X90.00 Y47.80 F3600
G1 X95.00 Y47.80 E0.1663
G1 X90.00 Y48.20 F3600
G1 X95.00 Y48.20 E0.1663
G1 X90.00 Y48.60 F3600
G1 X95.00 Y48.60 E0.1663
G1 X90.00 Y49.00 F3600
G1 X95.00 Y49.00 E0.1663
G1 X90.00 Y49.40 F3600
G1 X95.00 Y49.40 E0.1663
G1 E-1 F2700
G1 X95.00 Y45.00 F7200
G1 E1 F2700
G1 X100.00 Y45.00 E0.6652 F3600
G1 X100.00 Y50.00 E0.6652
G1 X95.00 Y50.00 E0.6652
G1 X95.00 Y45.00 E0.6652
G1 X95.00 Y45.40 F3600
G1 X100.00 Y45.40 E0.1663
G1 X95.00 Y45.80 F3600
G1 X100.00 Y45.80 E0.1663
G1 X95.00 Y46.20 F3600
G1 X100.00 Y46.20 E0.1663
G1 X95.00 Y46.60 F3600
G1 X100.00 Y46.60 E0.1663
G1 X95.00 Y47.00 F3600
G1 X100.00 Y47.00 E0.1663
G1 X95.00 Y47.40 F3600
G1 X100.00 Y47.40 E0.1663
G1 X95.00 Y47.80 F3600
G1 X100.00 Y47.80 E0.1663
G1 X95.00 Y48.20 F3600
G1 X100.00 Y48.20 E0.1663
G1 X95.00 Y48.60 F3600
G1 X100.00 Y48.60 E0.1663
G1 X95.00 Y49.00 F3600
G1 X100.00 Y49.00 E0.1663
G1 X95.00 Y49.40 F3600
G1 X100.00 Y49.40 E0.1663
G1 E-1 F2700
G1 X70.00 Y40.00 F7200
G1 E1 F2700
G1 X75.00 Y40.00 E0.6652 F3600
G1 X75.00 Y45.00 E0.6652
G1 X70.00 Y45.00 E0.6652
G1 X70.00 Y40.00 E0.6652
G1 X70.00 Y40.40 F3600
G1 X75.00 Y40.40 E0.1663
G1 X70.00 Y40.80 F3600
G1 X75.00 Y40.80 E0.1663
G1 X70.00 Y41.20 F3600
G1 X75.00 Y41.20 E0.1663
G1 X70.00 Y41.60 F3600
G1 X75.00 Y41.60 E0.1663
G1 X70.00 Y42.00 F3600
G1 X75.00 Y42.00 E0.1663
G1 X70.00 Y42.40 F3600
G1 X75.00 Y42.40 E0.1663
G1 X70.00 Y42.80 F3600
G1 X75.00 Y42.80 E0.1663
G1 X70.00 Y43.20 F3600
G1 X75.00 Y43.20 E0.1663
G1 X70.00 Y43.60 F3600
G1 X75.00 Y43.60 E0.1663
G1 X70.00 Y44.00 F3600
G1 X75.00 Y44.00 E0.1663
G1 X70.00 Y44.40 F3600
G1 X75.00 Y44.40 E0.1663
G1 E-1 F2700
G1 X70.00 Y35.00 F7200
G1 E1 F2700
G1 X75.00 Y35.00 E0.6652 F3600
G1 X75.00 Y40.00 E0.6652
G1 X70.00 Y40.00 E0.6652
G1 X70.00 Y35.00 E0.6652
G1 X70.00 Y35.40 F3600
G1 X75.00 Y35.40 E0.1663
G1 X70.00 Y35.80 F3600
G1 X75.00 Y35.80 E0.1663
G1 X70.00 Y36.20 F3600
G1 X75.00 Y36.20 E0.1663
G1 X70.00 Y36.60 F3600
G1 X75.00 Y36.60 E0.1663
G1 X70.00 Y37.00 F3600
G1 X75.00 Y37.00 E0.1663
G1 X70.00 Y37.40 F3600
G1 X75.00 Y37.40 E0.1663
G1 X70.00 Y37.80 F3600
G1 X75.00 Y37.80 E0.1663
G1 X70.00 Y38.20 F3600
G1 X75.00 Y38.20 E0.1663
G1 X70.00 Y38.60 F3600
G1 X75.00 Y38.60 E0.1663
G1 X70.00 Y39.00 F3600
G1 X75.00 Y39.00 E0.1663
G1 X70.00 Y39.40 F3600
G1 X75.00 Y39.40 E0.1663
G1 E-1 F2700
G1 X70.00 Y30.00 F7200
G1 E1 F2700
G1 X75.00 Y30.00 E0.6652 F3600
G1 X75.00 Y35.00 E0.6652
G1 X70.00 Y35.00 E0.6652
G1 X70.00 Y30.00 E0.6652
G1 X70.00 Y30.40 F3600
G1 X75.00 Y30.40 E0.1663
G1 X70.00 Y30.80 F3600
G1 X75.00 Y30.80 E0.1663
G1 X70.00 Y31.20 F3600
G1 X75.00 Y31.20 E0.1663
G1 X70.00 Y31.60 F3600
G1 X75.00 Y31.60 E0.1663
G1 X70.00 Y32.00 F3600
G1 X75.00 Y32.00 E0.1663
G1 X70.00 Y32.40 F3600
G1 X75.00 Y32.40 E0.1663
G1 X70.00 Y32.80 F3600
G1 X75.00 Y32.80 E0.1663
G1 X70.00 Y33.20 F3600
G1 X75.00 Y33.20 E0.1663
G1 X70.00 Y33.60 F3600
G1 X75.00 Y33.60 E0.1663
G1 X70.00 Y34.00 F3600
G1 X75.00 Y34.00 E0.1663
G1 X70.00 Y34.40 F3600
G1 X75.00 Y34.40 E0.1663
G1 E-1 F2700
G1 X115.00 Y60.00 F7200
G1 E1 F2700
G1 X120.00 Y60.00 E0.6652 F3600
G1 X120.00 Y65.00 E0.6652
G1 X115.00 Y65.00 E0.6652
G1 X115.00 Y60.00 E0.6652
G1 X115.00 Y60.40 F3600
G1 X120.00 Y60.40 E0.1663
G1 X115.00 Y60.80 F3600
G1 X120.00 Y60.80 E0.1663
G1 X115.00 Y61.20 F3600
G1 X120.00 Y61.20 E0.1663
G1 X115.00 Y61.60 F3600
G1 X120.00 Y61.60 E0.1663
G1 X115.00 Y62.00 F3600
G1 X120.00 Y62.00 E0.1663
G1 X115.00 Y62.40 F3600
G1 X120.00 Y62.40 E0.1663
G1 X115.00 Y62.80 F3600
G1 X120.00 Y62.80 E0.1663
G1 X115.00 Y63.20 F3600
G1 X120.00 Y63.20 E0.1663
G1 X115.00 Y63.60 F3600
G1 X120.00 Y63.60 E0.1663
G1 X115.00 Y64.00 F3600
G1 X120.00 Y64.00 E0.1663
G1 X115.00 Y64.40 F3600
G1 X120.00 Y64.40 E0.1663
G1 E-1 F2700
G1 X120.00 Y60.00 F7200
G1 E1 F2700
G1 X125.00 Y60.00 E0.6652 F3600
G1 X125.00 Y65.00 E0.6652
G1 X120.00 Y65.00 E0.6652
G1 X120.00 Y60.00 E0.6652
G1 X120.00 Y60.40 F3600
G1 X125.00 Y60.40 E0.1663
G1 X120.00 Y60.80 F3600
G1 X125.00 Y60.80 E0.1663
G1 X120.00 Y61.20 F3600
G1 X125.00 Y61.20 E0.1663
G1 X120.00 Y61.60 F3600
G1 X125.00 Y61.60 E0.1663
G1 X120.00 Y62.00 F3600
G1 X125.00 Y62.00 E0.1663
G1 X120.00 Y62.40 F3600
G1 X125.00 Y62.40 E0.1663
G1 X120.00 Y62.80 F3600
G1 X125.00 Y62.80 E0.1663
G1 X120.00 Y63.20 F3600
G1 X125.00 Y63.20 E0.1663
G1 X120.00 Y63.60 F3600
G1 X125.00 Y63.60 E0.1663
G1 X120.00 Y64.00 F3600
G1 X125.00 Y64.00 E0.1663
G1 X120.00 Y64.40 F3600
G1 X125.00 Y64.40 E0.1663
G1 E-1 F2700
G1 X125.00 Y60.00 F7200
G1 E1 F2700
G1 X130.00 Y60.00 E0.6652 F3600
G1 X130.00 Y65.00 E0.6652
G1 X125.00 Y65.00 E0.6652
G1 X125.00 Y60.00 E0.6652
G1 X125.00 Y60.40 F3600
G1 X130.00 Y60.40 E0.1663
G1 X125.00 Y60.80 F3600
G1 X130.00 Y60.80 E0.1663
G1 X125.00 Y61.20 F3600
G1 X130.00 Y61.20 E0.1663
G1 X125.00 Y61.60 F3600
G1 X130.00 Y61.60 E0.1663
G1 X125.00 Y62.00 F3600
G1 X130.00 Y62.00 E0.1663
G1 X125.00 Y62.40 F3600
G1 X130.00 Y62.40 E0.1663
G1 X125.00 Y62.80 F3600
G1 X130.00 Y62.80 E0.1663
G1 X125.00 Y63.20 F3600
G1 X130.00 Y63.20 E0.1663
G1 X125.00 Y63.60 F3600
G1 X130.00 Y63.60 E0.1663
G1 X125.00 Y64.00 F3600
G1 X130.00 Y64.00 E0.1663
G1 X125.00 Y64.40 F3600
G1 X130.00 Y64.40 E0.1663
G1 E-1 F2700
G1 X130.00 Y60.00 F7200
G1 E1 F2700
G1 X135.00 Y60.00 E0.6652 F3600
G1 X135.00 Y65.00 E0.6652
G1 X130.00 Y65.00 E0.6652
G1 X130.00 Y60.00 E0.6652
G1 X130.00 Y60.40 F3600
G1 X135.00 Y60.40 E0.1663
G1 X130.00 Y60.80 F3600
G1 X135.00 Y60.80 E0.1663
G1 X130.00 Y61.20 F3600
G1 X135.00 Y61.20 E0.1663
G1 X130.00 Y61.60 F3600
G1 X135.00 Y61.60 E0.1663
G1 X130.00 Y62.00 F3600
G1 X135.00 Y62.00 E0.1663
G1 X130.00 Y62.40 F3600
G1 X135.00 Y62.40 E0.1663
G1 X130.00 Y62.80 F3600
G1 X135.00 Y62.80 E0.1663
G1 X130.00 Y63.20 F3600
G1 X135.00 Y63.20 E0.1663
G1 X130.00 Y63.60 F3600
G1 X135.00 Y63.60 E0.1663
G1 X130.00 Y64.00 F3600
G1 X135.00 Y64.00 E0.1663
G1 X130.00 Y64.40 F3600
G1 X135.00 Y64.40 E0.1663
G1 E-1 F2700
G1 X135.00 Y60.00 F7200
G1 E1 F2700
G1 X140.00 Y60.00 E0.6652 F3600
G1 X140.00 Y65.00 E0.6652
G1 X135.00 Y65.00 E0.6652
G1 X135.00 Y60.00 E0.6652
G1 X135.00 Y60.40 F3600
G1 X140.00 Y60.40 E0.1663
G1 X135.00 Y60.80 F3600
G1 X140.00 Y60.80 E0.1663
G1 X135.00 Y61.20 F3600
G1 X140.00 Y61.20 E0.1663
G1 X135.00 Y61.60 F3600
G1 X140.00 Y61.60 E0.1663
G1 X135.00 Y62.00 F3600
G1 X140.00 Y62.00 E0.1663
G1 X135.00 Y62.40 F3600
G1 X140.00 Y62.40 E0.1663
G1 X135.00 Y62.80 F3600
G1 X140.00 Y62.80 E0.1663
G1 X135.00 Y63.20 F3600
G1 X140.00 Y63.20 E0.1663
G1 X135.00 Y63.60 F3600
G1 X140.00 Y63.60 E0.1663
G1 X135.00 Y64.00 F3600
G1 X140.00 Y64.00 E0.1663
G1 X135.00 Y64.40 F3600
G1 X140.00 Y64.40 E0.1663
G1 E-1 F2700
G1 X110.00 Y55.00 F7200
G1 E1 F2700
G1 X115.00 Y55.00 E0.6652 F3600
G1 X115.00 Y60.00 E0.6652
G1 X110.00 Y60.00 E0.6652
G1 X110.00 Y55.00 E0.6652
G1 X110.00 Y55.40 F3600
G1 X115.00 Y55.40 E0.1663
G1 X110.00 Y55.80 F3600
G1 X115.00 Y55.80 E0.1663
G1 X110.00 Y56.20 F3600
G1 X115.00 Y56.20 E0.1663
G1 X110.00 Y56.60 F3600
G1 X115.00 Y56.60 E0.1663
G1 X110.00 Y57.00 F3600
G1 X115.00 Y57.00 E0.1663
G1 X110.00 Y57.40 F3600
G1 X115.00 Y57.40 E0.1663
G1 X110.00 Y57.80 F3600
G1 X115.00 Y57.80 E0.1663
G1 X110.00 Y58.20 F3600
G1 X115.00 Y58.20 E0.1663
G1 X110.00 Y58.60 F3600
G1 X115.00 Y58.60 E0.1663
G1 X110.00 Y59.00 F3600
G1 X115.00 Y59.00 E0.1663
G1 X110.00 Y59.40 F3600
G1 X115.00 Y59.40 E0.1663
G1 E-1 F2700
G1 X140.00 Y55.00 F7200
G1 E1 F2700
G1 X145.00 Y55.00 E0.6652 F3600
G1 X145.00 Y60.00 E0.6652
G1 X140.00 Y60.00 E0.6652
G1 X140.00 Y55.00 E0.6652
G1 X140.00 Y55.40 F3600
G1 X145.00 Y55.40 E0.1663
G1 X140.00 Y55.80 F3600
G1 X145.00 Y55.80 E0.1663
G1 X140.00 Y56.20 F3600
G1 X145.00 Y56.20 E0.1663
G1 X140.00 Y56.60 F3600
G1 X145.00 Y56.60 E0.1663
G1 X140.00 Y57.00 F3600
G1 X145.00 Y57.00 E0.1663
G1 X140.00 Y57.40 F3600
G1 X145.00 Y57.40 E0.1663
G1 X140.00 Y57.80 F3600
G1 X145.00 Y57.80 E0.1663
G1 X140.00 Y58.20 F3600
G1 X145.00 Y58.20 E0.1663
G1 X140.00 Y58.60 F3600
G1 X145.00 Y58.60 E0.1663
G1 X140.00 Y59.00 F3600
G1 X145.00 Y59.00 E0.1663
G1 X140.00 Y59.40 F3600
G1 X145.00 Y59.40 E0.1663
G1 E-1 F2700
G1 X140.00 Y50.00 F7200
G1 E1 F2700
G1 X145.00 Y50.00 E0.6652 F3600
G1 X145.00 Y55.00 E0.6652
G1 X140.00 Y55.00 E0.6652
G1 X140.00 Y50.00 E0.6652
G1 X140.00 Y50.40 F3600
G1 X145.00 Y50.40 E0.1663
G1 X140.00 Y50.80 F3600
G1 X145.00 Y50.80 E0.1663
G1 X140.00 Y51.20 F3600
G1 X145.00 Y51.20 E0.1663
G1 X140.00 Y51.60 F3600
G1 X145.00 Y51.60 E0.1663
G1 X140.00 Y52.00 F3600
G1 X145.00 Y52.00 E0.1663
G1 X140.00 Y52.40 F3600
G1 X145.00 Y52.40 E0.1663
G1 X140.00 Y52.80 F3600
G1 X145.00 Y52.80 E0.1663
G1 X140.00 Y53.20 F3600
G1 X145.00 Y53.20 E0.1663
G1 X140.00 Y53.60 F3600
G1 X145.00 Y53.60 E0.1663
G1 X140.00 Y54.00 F3600
G1 X145.00 Y54.00 E0.1663
G1 X140.00 Y54.40 F3600
G1 X145.00 Y54.40 E0.1663
G1 E-1 F2700
G1 X125.00 Y45.00 F7200
G1 E1 F2700
G1 X130.00 Y45.00 E0.6652 F3600
G1 X130.00 Y50.00 E0.6652
G1 X125.00 Y50.00 E0.6652
G1 X125.00 Y45.00 E0.6652
G1 X125.00 Y45.40 F3600
G1 X130.00 Y45.40 E0.1663
G1 X125.00 Y45.80 F3600
G1 X130.00 Y45.80 E0.1663
G1 X125.00 Y46.20 F3600
G1 X130.00 Y46.20 E0.1663
G1 X125.00 Y46.60 F3600
G1 X130.00 Y46.60 E0.1663
G1 X125.00 Y47.00 F3600
G1 X130.00 Y47.00 E0.1663
G1 X125.00 Y47.40 F3600
G1 X130.00 Y47.40 E0.1663
G1 X125.00 Y47.80 F3600
G1 X130.00 Y47.80 E0.1663
G1 X125.00 Y48.20 F3600
G1 X130.00 Y48.20 E0.1663
G1 X125.00 Y48.60 F3600
G1 X130.00 Y48.60 E0.1663
G1 X125.00 Y49.00 F3600
G1 X130.00 Y49.00 E0.1663
G1 X125.00 Y49.40 F3600
G1 X130.00 Y49.40 E0.1663
G1 E-1 F2700
G1 X130.00 Y45.00 F7200
G1 E1 F2700
G1 X135.00 Y45.00 E0.6652 F3600
G1 X135.00 Y50.00 E0.6652
G1 X130.00 Y50.00 E0.6652
G1 X130.00 Y45.00 E0.6652
G1 X130.00 Y45.40 F3600
G1 X135.00 Y45.40 E0.1663
G1 X130.00 Y45.80 F3600
G1 X135.00 Y45.80 E0.1663
G1 X130.00 Y46.20 F3600
G1 X135.00 Y46.20 E0.1663
G1 X130.00 Y46.60 F3600
G1 X135.00 Y46.60 E0.1663
G1 X130.00 Y47.00 F3600
G1 X135.00 Y47.00 E0.1663
G1 X130.00 Y47.40 F3600
G1 X135.00 Y47.40 E0.1663
G1 X130.00 Y47.80 F3600
G1 X135.00 Y47.80 E0.1663
G1 X130.00 Y48.20 F3600
G1 X135.00 Y48.20 E0.1663
G1 X130.00 Y48.60 F3600
G1 X135.00 Y48.60 E0.1663
G1 X130.00 Y49.00 F3600
G1 X135.00 Y49.00 E0.1663
G1 X130.00 Y49.40 F3600
G1 X135.00 Y49.40 E0.1663
G1 E-1 F2700
G1 X135.00 Y45.00 F7200
G1 E1 F2700
G1 X140.00 Y45.00 E0.6652 F3600
G1 X140.00 Y50.00 E0.6652
G1 X135.00 Y50.00 E0.6652
G1 X135.00 Y45.00 E0.6652
G1 X135.00 Y45.40 F3600
G1 X140.00 Y45.40 E0.1663
G1 X135.00 Y45.80 F3600
G1 X140.00 Y45.80 E0.1663
G1 X135.00 Y46.20 F3600
G1 X140.00 Y46.20 E0.1663
G1 X135.00 Y46.60 F3600
G1 X140.00 Y46.60 E0.1663
G1 X135.00 Y47.00 F3600
G1 X140.00 Y47.00 E0.1663
G1 X135.00 Y47.40 F3600
G1 X140.00 Y47.40 E0.1663
G1 X135.00 Y47.80 F3600
G1 X140.00 Y47.80 E0.1663
G1 X135.00 Y48.20 F3600
G1 X140.00 Y48.20 E0.1663
G1 X135.00 Y48.60 F3600
G1 X140.00 Y48.60 E0.1663
G1 X135.00 Y49.00 F3600
G1 X140.00 Y49.00 E0.1663
G1 X135.00 Y49.40 F3600
G1 X140.00 Y49.40 E0.1663
G1 E-1 F2700
G1 X115.00 Y40.00 F7200
G1 E1 F2700
G1 X120.00 Y40.00 E0.6652 F3600
G1 X120.00 Y45.00 E0.6652
G1 X115.00 Y45.00 E0.6652
G1 X115.00 Y40.00 E0.6652
G1 X115.00 Y40.40 F3600
G1 X120.00 Y40.40 E0.1663
G1 X115.00 Y40.80 F3600
G1 X120.00 Y40.80 E0.1663
G1 X115.00 Y41.20 F3600
G1 X120.00 Y41.20 E0.1663
G1 X115.00 Y41.60 F3600
G1 X120.00 Y41.60 E0.1663
G1 X115.00 Y42.00 F3600
G1 X120.00 Y42.00 E0.1663
G1 X115.00 Y42.40 F3600
G1 X120.00 Y42.40 E0.1663
G1 X115.00 Y42.80 F3600
G1 X120.00 Y42.80 E0.1663
G1 X115.00 Y43.20 F3600
G1 X120.00 Y43.20 E0.1663
G1 X115.00 Y43.60 F3600
G1 X120.00 Y43.60 E0.1663
G1 X115.00 Y44.00 F3600
G1 X120.00 Y44.00 E0.1663
G1 X115.00 Y44.40 F3600
G1 X120.00 Y44.40 E0.1663
G1 E-1 F2700
G1 X120.00 Y40.00 F7200
G1 E1 F2700
G1 X125.00 Y40.00 E0.6652 F3600
G1 X125.00 Y45.00 E0.6652
G1 X120.00 Y45.00 E0.6652
G1 X120.00 Y40.00 E0.6652
G1 X120.00 Y40.40 F3600
G1 X125.00 Y40.40 E0.1663
G1 X120.00 Y40.80 F3600
G1 X125.00 Y40.80 E0.1663
G1 X120.00 Y41.20 F3600
G1 X125.00 Y41.20 E0.1663
G1 X120.00 Y41.60 F3600
G1 X125.00 Y41.60 E0.1663
G1 X120.00 Y42.00 F3600
G1 X125.00 Y42.00 E0.1663
G1 X120.00 Y42.40 F3600
G1 X125.00 Y42.40 E0.1663
G1 X120.00 Y42.80 F3600
G1 X125.00 Y42.80 E0.1663
G1 X120.00 Y43.20 F3600
G1 X125.00 Y43.20 E0.1663
G1 X120.00 Y43.60 F3600
G1 X125.00 Y43.60 E0.1663
G1 X120.00 Y44.00 F3600
G1 X125.00 Y44.00 E0.1663
G1 X120.00 Y44.40 F3600
G1 X125.00 Y44.40 E0.1663
G1 E-1 F2700
G1 X110.00 Y35.00 F7200
G1 E1 F2700
G1 X115.00 Y35.00 E0.6652 F3600
G1 X115.00 Y40.00 E0.6652
G1 X110.00 Y40.00 E0.6652
G1 X110.00 Y35.00 E0.6652
G1 X110.00 Y35.40 F3600
G1 X115.00 Y35.40 E0.1663
G1 X110.00 Y35.80 F3600
G1 X115.00 Y35.80 E0.1663
G1 X110.00 Y36.20 F3600
G1 X115.00 Y36.20 E0.1663
G1 X110.00 Y36.60 F3600
G1 X115.00 Y36.60 E0.1663
G1 X110.00 Y37.00 F3600
G1 X115.00 Y37.00 E0.1663
G1 X110.00 Y37.40 F3600
G1 X115.00 Y37.40 E0.1663
G1 X110.00 Y37.80 F3600
G1 X115.00 Y37.80 E0.1663
G1 X110.00 Y38.20 F3600
G1 X115.00 Y38.20 E0.1663
G1 X110.00 Y38.60 F3600
G1 X115.00 Y38.60 E0.1663
G1 X110.00 Y39.00 F3600
G1 X115.00 Y39.00 E0.1663
G1 X110.00 Y39.40 F3600
G1 X115.00 Y39.40 E0.1663
G1 E-1 F2700
G1 X110.00 Y30.00 F7200
G1 E1 F2700
G1 X115.00 Y30.00 E0.6652 F3600
G1 X115.00 Y35.00 E0.6652
G1 X110.00 Y35.00 E0.6652
G1 X110.00 Y30.00 E0.6652
G1 X110.00 Y30.40 F3600
G1 X115.00 Y30.40 E0.1663
G1 X110.00 Y30.80 F3600
G1 X115.00 Y30.80 E0.1663
G1 X110.00 Y31.20 F3600
G1 X115.00 Y31.20 E0.1663
G1 X110.00 Y31.60 F3600
G1 X115.00 Y31.60 E0.1663
G1 X110.00 Y32.00 F3600
G1 X115.00 Y32.00 E0.1663
G1 X110.00 Y32.40 F3600
G1 X115.00 Y32.40 E0.1663
G1 X110.00 Y32.80 F3600
G1 X115.00 Y32.80 E0.1663
G1 X110.00 Y33.20 F3600
G1 X115.00 Y33.20 E0.1663
G1 X110.00 Y33.60 F3600
G1 X115.00 Y33.60 E0.1663
G1 X110.00 Y34.00 F3600
G1 X115.00 Y34.00 E0.1663
G1 X110.00 Y34.40 F3600
G1 X115.00 Y34.40 E0.1663
G1 E-1 F2700
G1 X115.00 Y30.00 F7200
G1 E1 F2700
G1 X120.00 Y30.00 E0.6652 F3600
G1 X120.00 Y35.00 E0.6652
G1 X115.00 Y35.00 E0.6652
G1 X115.00 Y30.00 E0.6652
G1 X115.00 Y30.40 F3600
G1 X120.00 Y30.40 E0.1663
G1 X115.00 Y30.80 F3600
G1 X120.00 Y30.80 E0.1663
G1 X115.00 Y31.20 F3600
G1 X120.00 Y31.20 E0.1663
G1 X115.00 Y31.60 F3600
G1 X120.00 Y31.60 E0.1663
G1 X115.00 Y32.00 F3600
G1 X120.00 Y32.00 E0.1663
G1 X115.00 Y32.40 F3600
G1 X120.00 Y32.40 E0.1663
G1 X115.00 Y32.80 F3600
G1 X120.00 Y32.80 E0.1663
G1 X115.00 Y33.20 F3600
G1 X120.00 Y33.20 E0.1663
G1 X115.00 Y33.60 F3600
G1 X120.00 Y33.60 E0.1663
G1 X115.00 Y34.00 F3600
G1 X120.00 Y34.00 E0.1663
G1 X115.00 Y34.40 F3600
G1 X120.00 Y34.40 E0.1663
G1 E-1 F2700
G1 X120.00 Y30.00 F7200
G1 E1 F2700
G1 X125.00 Y30.00 E0.6652 F3600
G1 X125.00 Y35.00 E0.6652
G1 X120.00 Y35.00 E0.6652
G1 X120.00 Y30.00 E0.6652
G1 X120.00 Y30.40 F3600
G1 X125.00 Y30.40 E0.1663
G1 X120.00 Y30.80 F3600
G1 X125.00 Y30.80 E0.1663
G1 X120.00 Y31.20 F3600
G1 X125.00 Y31.20 E0.1663
G1 X120.00 Y31.60 F3600
G1 X125.00 Y31.60 E0.1663
G1 X120.00 Y32.00 F3600
G1 X125.00 Y32.00 E0.1663
G1 X120.00 Y32.40 F3600
G1 X125.00 Y32.40 E0.1663
G1 X120.00 Y32.80 F3600
G1 X125.00 Y32.80 E0.1663
G1 X120.00 Y33.20 F3600
G1 X125.00 Y33.20 E0.1663
G1 X120.00 Y33.60 F3600
G1 X125.00 Y33.60 E0.1663
G1 X120.00 Y34.00 F3600
G1 X125.00 Y34.00 E0.1663
G1 X120.00 Y34.40 F3600
G1 X125.00 Y34.40 E0.1663
G1 E-1 F2700
G1 X125.00 Y30.00 F7200
G1 E1 F2700
G1 X130.00 Y30.00 E0.6652 F3600
G1 X130.00 Y35.00 E0.6652
G1 X125.00 Y35.00 E0.6652
G1 X125.00 Y30.00 E0.6652
G1 X125.00 Y30.40 F3600
G1 X130.00 Y30.40 E0.1663
G1 X125.00 Y30.80 F3600
G1 X130.00 Y30.80 E0.1663
G1 X125.00 Y31.20 F3600
G1 X130.00 Y31.20 E0.1663
G1 X125.00 Y31.60 F3600
G1 X130.00 Y31.60 E0.1663
G1 X125.00 Y32.00 F3600
G1 X130.00 Y32.00 E0.1663
G1 X125.00 Y32.40 F3600
G1 X130.00 Y32.40 E0.1663
G1 X125.00 Y32.80 F3600
G1 X130.00 Y32.80 E0.1663
G1 X125.00 Y33.20 F3600
G1 X130.00 Y33.20 E0.1663
G1 X125.00 Y33.60 F3600
G1 X130.00 Y33.60 E0.1663
G1 X125.00 Y34.00 F3600
G1 X130.00 Y34.00 E0.1663
G1 X125.00 Y34.40 F3600
G1 X130.00 Y34.40 E0.1663
G1 E-1 F2700
G1 X130.00 Y30.00 F7200
G1 E1 F2700
G1 X135.00 Y30.00 E0.6652 F3600
G1 X135.00 Y35.00 E0.6652
G1 X130.00 Y35.00 E0.6652
G1 X130.00 Y30.00 E0.6652
G1 X130.00 Y30.40 F3600
G1 X135.00 Y30.40 E0.1663
G1 X130.00 Y30.80 F3600
G1 X135.00 Y30.80 E0.1663
G1 X130.00 Y31.20 F3600
G1 X135.00 Y31.20 E0.1663
G1 X130.00 Y31.60 F3600
G1 X135.00 Y31.60 E0.1663
G1 X130.00 Y32.00 F3600
G1 X135.00 Y32.00 E0.1663
G1 X130.00 Y32.40 F3600
G1 X135.00 Y32.40 E0.1663
G1 X130.00 Y32.80 F3600
G1 X135.00 Y32.80 E0.1663
G1 X130.00 Y33.20 F3600
G1 X135.00 Y33.20 E0.1663
G1 X130.00 Y33.60 F3600
G1 X135.00 Y33.60 E0.1663
G1 X130.00 Y34.00 F3600
G1 X135.00 Y34.00 E0.1663
G1 X130.00 Y34.40 F3600
G1 X135.00 Y34.40 E0.1663
G1 E-1 F2700
G1 X135.00 Y30.00 F7200
G1 E1 F2700
G1 X140.00 Y30.00 E0.6652 F3600
G1 X140.00 Y35.00 E0.6652
G1 X135.00 Y35.00 E0.6652
G1 X135.00 Y30.00 E0.6652
G1 X135.00 Y30.40 F3600
G1 X140.00 Y30.40 E0.1663
G1 X135.00 Y30.80 F3600
G1 X140.00 Y30.80 E0.1663
G1 X135.00 Y31.20 F3600
G1 X140.00 Y31.20 E0.1663
G1 X135.00 Y31.60 F3600
G1 X140.00 Y31.60 E0.1663
G1 X135.00 Y32.00 F3600
G1 X140.00 Y32.00 E0.1663
G1 X135.00 Y32.40 F3600
G1 X140.00 Y32.40 E0.1663
G1 X135.00 Y32.80 F3600
G1 X140.00 Y32.80 E0.1663
G1 X135.00 Y33.20 F3600
G1 X140.00 Y33.20 E0.1663
G1 X135.00 Y33.60 F3600
G1 X140.00 Y33.60 E0.1663
G1 X135.00 Y34.00 F3600
G1 X140.00 Y34.00 E0.1663
G1 X135.00 Y34.40 F3600
G1 X140.00 Y34.40 E0.1663
G1 E-1 F2700
G1 X140.00 Y30.00 F7200
G1 E1 F2700
G1 X145.00 Y30.00 E0.6652 F3600
G1 X145.00 Y35.00 E0.6652
G1 X140.00 Y35.00 E0.6652
G1 X140.00 Y30.00 E0.6652
G1 X140.00 Y30.40 F3600
G1 X145.00 Y30.40 E0.1663
G1 X140.00 Y30.80 F3600
G1 X145.00 Y30.80 E0.1663
G1 X140.00 Y31.20 F3600
G1 X145.00 Y31.20 E0.1663
G1 X140.00 Y31.60 F3600
G1 X145.00 Y31.60 E0.1663
G1 X140.00 Y32.00 F3600
G1 X145.00 Y32.00 E0.1663
G1 X140.00 Y32.40 F3600
G1 X145.00 Y32.40 E0.1663
G1 X140.00 Y32.80 F3600
G1 X145.00 Y32.80 E0.1663
G1 X140.00 Y33.20 F3600
G1 X145.00 Y33.20 E0.1663
G1 X140.00 Y33.60 F3600
G1 X145.00 Y33.60 E0.1663
G1 X140.00 Y34.00 F3600
G1 X145.00 Y34.00 E0.1663
G1 X140.00 Y34.40 F3600
G1 X145.00 Y34.40 E0.1663
G1 E-1 F2700
G1 X155.00 Y60.00 F7200
G1 E1 F2700
G1 X160.00 Y60.00 E0.6652 F3600
G1 X160.00 Y65.00 E0.6652
G1 X155.00 Y65.00 E0.6652
G1 X155.00 Y60.00 E0.6652
G1 X155.00 Y60.40 F3600
G1 X160.00 Y60.40 E0.1663
G1 X155.00 Y60.80 F3600
G1 X160.00 Y60.80 E0.1663
G1 X155.00 Y61.20 F3600
G1 X160.00 Y61.20 E0.1663
G1 X155.00 Y61.60 F3600
G1 X160.00 Y61.60 E0.1663
G1 X155.00 Y62.00 F3600
G1 X160.00 Y62.00 E0.1663
G1 X155.00 Y62.40 F3600
G1 X160.00 Y62.40 E0.1663
G1 X155.00 Y62.80 F3600
G1 X160.00 Y62.80 E0.1663
G1 X155.00 Y63.20 F3600
G1 X160.00 Y63.20 E0.1663
G1 X155.00 Y63.60 F3600
G1 X160.00 Y63.60 E0.1663
G1 X155.00 Y64.00 F3600
G1 X160.00 Y64.00 E0.1663
G1 X155.00 Y64.40 F3600
G1 X160.00 Y64.40 E0.1663
G1 E-1 F2700
G1 X160.00 Y60.00 F7200
G1 E1 F2700
G1 X165.00 Y60.00 E0.6652 F3600
G1 X165.00 Y65.00 E0.6652
G1 X160.00 Y65.00 E0.6652
G1 X160.00 Y60.00 E0.6652
G1 X160.00 Y60.40 F3600
G1 X165.00 Y60.40 E0.1663
G1 X160.00 Y60.80 F3600
G1 X165.00 Y60.80 E0.1663
G1 X160.00 Y61.20 F3600
G1 X165.00 Y61.20 E0.1663
G1 X160.00 Y61.60 F3600
G1 X165.00 Y61.60 E0.1663
G1 X160.00 Y62.00 F3600
G1 X165.00 Y62.00 E0.1663
G1 X160.00 Y62.40 F3600
G1 X165.00 Y62.40 E0.1663
G1 X160.00 Y62.80 F3600
G1 X165.00 Y62.80 E0.1663
G1 X160.00 Y63.20 F3600
G1 X165.00 Y63.20 E0.1663
G1 X160.00 Y63.60 F3600
G1 X165.00 Y63.60 E0.1663
G1 X160.00 Y64.00 F3600
G1 X165.00 Y64.00 E0.1663
G1 X160.00 Y64.40 F3600
G1 X165.00 Y64.40 E0.1663
G1 E-1 F2700
G1 X165.00 Y60.00 F7200
G1 E1 F2700
G1 X170.00 Y60.00 E0.6652 F3600
G1 X170.00 Y65.00 E0.6652
G1 X165.00 Y65.00 E0.6652
G1 X165.00 Y60.00 E0.6652
G1 X165.00 Y60.40 F3600
G1 X170.00 Y60.40 E0.1663
G1 X165.00 Y60.80 F3600
G1 X170.00 Y60.80 E0.1663
G1 X165.00 Y61.20 F3600
G1 X170.00 Y61.20 E0.1663
G1 X165.00 Y61.60 F3600
G1 X170.00 Y61.60 E0.1663
G1 X165.00 Y62.00 F3600
G1 X170.00 Y62.00 E0.1663
G1 X165.00 Y62.40 F3600
G1 X170.00 Y62.40 E0.1663
G1 X165.00 Y62.80 F3600
G1 X170.00 Y62.80 E0.1663
G1 X165.00 Y63.20 F3600
G1 X170.00 Y63.20 E0.1663
G1 X165.00 Y63.60 F3600
G1 X170.00 Y63.60 E0.1663
G1 X165.00 Y64.00 F3600
G1 X170.00 Y64.00 E0.1663
G1 X165.00 Y64.40 F3600
G1 X170.00 Y64.40 E0.1663
G1 E-1 F2700
G1 X170.00 Y60.00 F7200
G1 E1 F2700
G1 X175.00 Y60.00 E0.6652 F3600
G1 X175.00 Y65.00 E0.6652
G1 X170.00 Y65.00 E0.6652
G1 X170.00 Y60.00 E0.6652
G1 X170.00 Y60.40 F3600
G1 X175.00 Y60.40 E0.1663
G1 X170.00 Y60.80 F3600
G1 X175.00 Y60.80 E0.1663
G1 X170.00 Y61.20 F3600
G1 X175.00 Y61.20 E0.1663
G1 X170.00 Y61.60 F3600
G1 X175.00 Y61.60 E0.1663
G1 X170.00 Y62.00 F3600
G1 X175.00 Y62.00 E0.1663
G1 X170.00 Y62.40 F3600
G1 X175.00 Y62.40 E0.1663
G1 X170.00 Y62.80 F3600
G1 X175.00 Y62.80 E0.1663
G1 X170.00 Y63.20 F3600
G1 X175.00 Y63.20 E0.1663
G1 X170.00 Y63.60 F3600
G1 X175.00 Y63.60 E0.1663
G1 X170.00 Y64.00 F3600
G1 X175.00 Y64.00 E0.1663
G1 X170.00 Y64.40 F3600
G1 X175.00 Y64.40 E0.1663
G1 E-1 F2700
G1 X175.00 Y60.00 F7200
G1 E1 F2700
G1 X180.00 Y60.00 E0.6652 F3600
G1 X180.00 Y65.00 E0.6652
G1 X175.00 Y65.00 E0.6652
G1 X175.00 Y60.00 E0.6652
G1 X175.00 Y60.40 F3600
G1 X180.00 Y60.40 E0.1663
G1 X175.00 Y60.80 F3600
G1 X180.00 Y60.80 E0.1663
G1 X175.00 Y61.20 F3600
G1 X180.00 Y61.20 E0.1663
G1 X175.00 Y61.60 F3600
G1 X180.00 Y61.60 E0.1663
G1 X175.00 Y62.00 F3600
G1 X180.00 Y62.00 E0.1663
G1 X175.00 Y62.40 F3600
G1 X180.00 Y62.40 E0.1663
G1 X175.00 Y62.80 F3600
G1 X180.00 Y62.80 E0.1663
G1 X175.00 Y63.20 F3600
G1 X180.00 Y63.20 E0.1663
G1 X175.00 Y63.60 F3600
G1 X180.00 Y63.60 E0.1663
G1 X175.00 Y64.00 F3600
G1 X180.00 Y64.00 E0.1663
G1 X175.00 Y64.40 F3600
G1 X180.00 Y64.40 E0.1663
G1 E-1 F2700
G1 X150.00 Y55.00 F7200
G1 E1 F2700
G1 X155.00 Y55.00 E0.6652 F3600
G1 X155.00 Y60.00 E0.6652
G1 X150.00 Y60.00 E0.6652
G1 X150.00 Y55.00 E0.6652
G1 X150.00 Y55.40 F3600
G1 X155.00 Y55.40 E0.1663
G1 X150.00 Y55.80 F3600
G1 X155.00 Y55.80 E0.1663
G1 X150.00 Y56.20 F3600
G1 X155.00 Y56.20 E0.1663
G1 X150.00 Y56.60 F3600
G1 X155.00 Y56.60 E0.1663
G1 X150.00 Y57.00 F3600
G1 X155.00 Y57.00 E0.1663
G1 X150.00 Y57.40 F3600
G1 X155.00 Y57.40 E0.1663
G1 X150.00 Y57.80 F3600
G1 X155.00 Y57.80 E0.1663
G1 X150.00 Y58.20 F3600
G1 X155.00 Y58.20 E0.1663
G1 X150.00 Y58.60 F3600
G1 X155.00 Y58.60 E0.1663
G1 X150.00 Y59.00 F3600
G1 X155.00 Y59.00 E0.1663
G1 X150.00 Y59.40 F3600
G1 X155.00 Y59.40 E0.1663
G1 E-1 F2700
G1 X180.00 Y55.00 F7200
G1 E1 F2700
G1 X185.00 Y55.00 E0.6652 F3600
G1 X185.00 Y60.00 E0.6652
G1 X180.00 Y60.00 E0.6652
G1 X180.00 Y55.00 E0.6652
G1 X180.00 Y55.40 F3600
G1 X185.00 Y55.40 E0.1663
G1 X180.00 Y55.80 F3600
G1 X185.00 Y55.80 E0.1663
G1 X180.00 Y56.20 F3600
G1 X185.00 Y56.20 E0.1663
G1 X180.00 Y56.60 F3600
G1 X185.00 Y56.60 E0.1663
G1 X180.00 Y57.00 F3600
G1 X185.00 Y57.00 E0.1663
G1 X180.00 Y57.40 F3600
G1 X185.00 Y57.40 E0.1663
G1 X180.00 Y57.80 F3600
G1 X185.00 Y57.80 E0.1663
G1 X180.00 Y58.20 F3600
G1 X185.00 Y58.20 E0.1663
G1 X180.00 Y58.60 F3600
G1 X185.00 Y58.60 E0.1663
G1 X180.00 Y59.00 F3600
G1 X185.00 Y59.00 E0.1663
G1 X180.00 Y59.40 F3600
G1 X185.00 Y59.40 E0.1663
G1 E-1 F2700
G1 X150.00 Y50.00 F7200
G1 E1 F2700
G1 X155.00 Y50.00 E0.6652 F3600
G1 X155.00 Y55.00 E0.6652
G1 X150.00 Y55.00 E0.6652
G1 X150.00 Y50.00 E0.6652
G1 X150.00 Y50.40 F3600
G1 X155.00 Y50.40 E0.1663
G1 X150.00 Y50.80 F3600
G1 X155.00 Y50.80 E0.1663
G1 X150.00 Y51.20 F3600
G1 X155.00 Y51.20 E0.1663
G1 X150.00 Y51.60 F3600
G1 X155.00 Y51.60 E0.1663
G1 X150.00 Y52.00 F3600
G1 X155.00 Y52.00 E0.1663
G1 X150.00 Y52.40 F3600
G1 X155.00 Y52.40 E0.1663
G1 X150.00 Y52.80 F3600
G1 X155.00 Y52.80 E0.1663
G1 X150.00 Y53.20 F3600
G1 X155.00 Y53.20 E0.1663
G1 X150.00 Y53.60 F3600
G1 X155.00 Y53.60 E0.1663
G1 X150.00 Y54.00 F3600
G1 X155.00 Y54.00 E0.1663
G1 X150.00 Y54.40 F3600
G1 X155.00 Y54.40 E0.1663
G1 E-1 F2700
G1 X170.00 Y50.00 F7200
G1 E1 F2700
G1 X175.00 Y50.00 E0.6652 F3600
G1 X175.00 Y55.00 E0.6652
G1 X170.00 Y55.00 E0.6652
G1 X170.00 Y50.00 E0.6652
G1 X170.00 Y50.40 F3600
G1 X175.00 Y50.40 E0.1663
G1 X170.00 Y50.80 F3600
G1 X175.00 Y50.80 E0.1663
G1 X170.00 Y51.20 F3600
G1 X175.00 Y51.20 E0.1663
G1 X170.00 Y51.60 F3600
G1 X175.00 Y51.60 E0.1663
G1 X170.00 Y52.00 F3600
G1 X175.00 Y52.00 E0.1663
G1 X170.00 Y52.40 F3600
G1 X175.00 Y52.40 E0.1663
G1 X170.00 Y52.80 F3600
G1 X175.00 Y52.80 E0.1663
G1 X170.00 Y53.20 F3600
G1 X175.00 Y53.20 E0.1663
G1 X170.00 Y53.60 F3600
G1 X175.00 Y53.60 E0.1663
G1 X170.00 Y54.00 F3600
G1 X175.00 Y54.00 E0.1663
G1 X170.00 Y54.40 F3600
G1 X175.00 Y54.40 E0.1663
G1 E-1 F2700
G1 X180.00 Y50.00 F7200
G1 E1 F2700
G1 X185.00 Y50.00 E0.6652 F3600
G1 X185.00 Y55.00 E0.6652
G1 X180.00 Y55.00 E0.6652
G1 X180.00 Y50.00 E0.6652
G1 X180.00 Y50.40 F3600
G1 X185.00 Y50.40 E0.1663
G1 X180.00 Y50.80 F3600
G1 X185.00 Y50.80 E0.1663
G1 X180.00 Y51.20 F3600
G1 X185.00 Y51.20 E0.1663
G1 X180.00 Y51.60 F3600
G1 X185.00 Y51.60 E0.1663
G1 X180.00 Y52.00 F3600
G1 X185.00 Y52.00 E0.1663
G1 X180.00 Y52.40 F3600
G1 X185.00 Y52.40 E0.1663
G1 X180.00 Y52.80 F3600
G1 X185.00 Y52.80 E0.1663
G1 X180.00 Y53.20 F3600
G1 X185.00 Y53.20 E0.1663
G1 X180.00 Y53.60 F3600
G1 X185.00 Y53.60 E0.1663
G1 X180.00 Y54.00 F3600
G1 X185.00 Y54.00 E0.1663
G1 X180.00 Y54.40 F3600
G1 X185.00 Y54.40 E0.1663
G1 E-1 F2700
G1 X150.00 Y45.00 F7200
G1 E1 F2700
G1 X155.00 Y45.00 E0.6652 F3600
G1 X155.00 Y50.00 E0.6652
G1 X150.00 Y50.00 E0.6652
G1 X150.00 Y45.00 E0.6652
G1 X150.00 Y45.40 F3600
G1 X155.00 Y45.40 E0.1663
G1 X150.00 Y45.80 F3600
G1 X155.00 Y45.80 E0.1663
G1 X150.00 Y46.20 F3600
G1 X155.00 Y46.20 E0.1663
G1 X150.00 Y46.60 F3600
G1 X155.00 Y46.60 E0.1663
G1 X150.00 Y47.00 F3600
G1 X155.00 Y47.00 E0.1663
G1 X150.00 Y47.40 F3600
G1 X155.00 Y47.40 E0.1663
G1 X150.00 Y47.80 F3600
G1 X155.00 Y47.80 E0.1663
G1 X150.00 Y48.20 F3600
G1 X155.00 Y48.20 E0.1663
G1 X150.00 Y48.60 F3600
G1 X155.00 Y48.60 E0.1663
G1 X150.00 Y49.00 F3600
G1 X155.00 Y49.00 E0.1663
G1 X150.00 Y49.40 F3600
G1 X155.00 Y49.40 E0.1663
G1 E-1 F2700
G1 X165.00 Y45.00 F7200
G1 E1 F2700
G1 X170.00 Y45.00 E0.6652 F3600
G1 X170.00 Y50.00 E0.6652
G1 X165.00 Y50.00 E0.6652
G1 X165.00 Y45.00 E0.6652
G1 X165.00 Y45.40 F3600
G1 X170.00 Y45.40 E0.1663
G1 X165.00 Y45.80 F3600
G1 X170.00 Y45.80 E0.1663
G1 X165.00 Y46.20 F3600
G1 X170.00 Y46.20 E0.1663
G1 X165.00 Y46.60 F3600
G1 X170.00 Y46.60 E0.1663
G1 X165.00 Y47.00 F3600
G1 X170.00 Y47.00 E0.1663
G1 X165.00 Y47.40 F3600
G1 X170.00 Y47.40 E0.1663
G1 X165.00 Y47.80 F3600
G1 X170.00 Y47.80 E0.1663
G1 X165.00 Y48.20 F3600
G1 X170.00 Y48.20 E0.1663
G1 X165.00 Y48.60 F3600
G1 X170.00 Y48.60 E0.1663
G1 X165.00 Y49.00 F3600
G1 X170.00 Y49.00 E0.1663
G1 X165.00 Y49.40 F3600
G1 X170.00 Y49.40 E0.1663
G1 E-1 F2700
G1 X180.00 Y45.00 F7200
G1 E1 F2700
G1 X185.00 Y45.00 E0.6652 F3600
G1 X185.00 Y50.00 E0.6652
G1 X180.00 Y50.00 E0.6652
G1 X180.00 Y45.00 E0.6652
G1 X180.00 Y45.40 F3600
G1 X185.00 Y45.40 E0.1663
G1 X180.00 Y45.80 F3600
G1 X185.00 Y45.80 E0.1663
G1 X180.00 Y46.20 F3600
G1 X185.00 Y46.20 E0.1663
G1 X180.00 Y46.60 F3600
G1 X185.00 Y46.60 E0.1663
G1 X180.00 Y47.00 F3600
G1 X185.00 Y47.00 E0.1663
G1 X180.00 Y47.40 F3600
G1 X185.00 Y47.40 E0.1663
G1 X180.00 Y47.80 F3600
G1 X185.00 Y47.80 E0.1663
G1 X180.00 Y48.20 F3600
G1 X185.00 Y48.20 E0.1663
G1 X180.00 Y48.60 F3600
G1 X185.00 Y48.60 E0.1663
G1 X180.00 Y49.00 F3600
G1 X185.00 Y49.00 E0.1663
G1 X180.00 Y49.40 F3600
G1 X185.00 Y49.40 E0.1663
G1 E-1 F2700
G1 X150.00 Y40.00 F7200
G1 E1 F2700
G1 X155.00 Y40.00 E0.6652 F3600
G1 X155.00 Y45.00 E0.6652
G1 X150.00 Y45.00 E0.6652
G1 X150.00 Y40.00 E0.6652
G1 X150.00 Y40.40 F3600
G1 X155.00 Y40.40 E0.1663
G1 X150.00 Y40.80 F3600
G1 X155.00 Y40.80 E0.1663
G1 X150.00 Y41.20 F3600
G1 X155.00 Y41.20 E0.1663
G1 X150.00 Y41.60 F3600
G1 X155.00 Y41.60 E0.1663
G1 X150.00 Y42.00 F3600
G1 X155.00 Y42.00 E0.1663
G1 X150.00 Y42.40 F3600
G1 X155.00 Y42.40 E0.1663
G1 X150.00 Y42.80 F3600
G1 X155.00 Y42.80 E0.1663
G1 X150.00 Y43.20 F3600
G1 X155.00 Y43.20 E0.1663
G1 X150.00 Y43.60 F3600
G1 X155.00 Y43.60 E0.1663
G1 X150.00 Y44.00 F3600
G1 X155.00 Y44.00 E0.1663
G1 X150.00 Y44.40 F3600
G1 X155.00 Y44.40 E0.1663
G1 E-1 F2700
G1 X160.00 Y40.00 F7200
G1 E1 F2700
G1 X165.00 Y40.00 E0.6652 F3600
G1 X165.00 Y45.00 E0.6652
G1 X160.00 Y45.00 E0.6652
G1 X160.00 Y40.00 E0.6652
G1 X160.00 Y40.40 F3600
G1 X165.00 Y40.40 E0.1663
G1 X160.00 Y40.80 F3600
G1 X165.00 Y40.80 E0.1663
G1 X160.00 Y41.20 F3600
G1 X165.00 Y41.20 E0.1663
G1 X160.00 Y41.60 F3600
G1 X165.00 Y41.60 E0.1663
G1 X160.00 Y42.00 F3600
G1 X165.00 Y42.00 E0.1663
G1 X160.00 Y42.40 F3600
G1 X165.00 Y42.40 E0.1663
G1 X160.00 Y42.80 F3600
G1 X165.00 Y42.80 E0.1663
G1 X160.00 Y43.20 F3600
G1 X165.00 Y43.20 E0.1663
G1 X160.00 Y43.60 F3600
G1 X165.00 Y43.60 E0.1663
G1 X160.00 Y44.00 F3600
G1 X165.00 Y44.00 E0.1663
G1 X160.00 Y44.40 F3600
G1 X165.00 Y44.40 E0.1663
G1 E-1 F2700
G1 X180.00 Y40.00 F7200
G1 E1 F2700
G1 X185.00 Y40.00 E0.6652 F3600
G1 X185.00 Y45.00 E0.6652
G1 X180.00 Y45.00 E0.6652
G1 X180.00 Y40.00 E0.6652
G1 X180.00 Y40.40 F3600
G1 X185.00 Y40.40 E0.1663
G1 X180.00 Y40.80 F3600
G1 X185.00 Y40.80 E0.1663
G1 X180.00 Y41.20 F3600
G1 X185.00 Y41.20 E0.1663
G1 X180.00 Y41.60 F3600
G1 X185.00 Y41.60 E0.1663
G1 X180.00 Y42.00 F3600
G1 X185.00 Y42.00 E0.1663
G1 X180.00 Y42.40 F3600
G1 X185.00 Y42.40 E0.1663
G1 X180.00 Y42.80 F3600
G1 X185.00 Y42.80 E0.1663
G1 X180.00 Y43.20 F3600
G1 X185.00 Y43.20 E0.1663
G1 X180.00 Y43.60 F3600
G1 X185.00 Y43.60 E0.1663
G1 X180.00 Y44.00 F3600
G1 X185.00 Y44.00 E0.1663
G1 X180.00 Y44.40 F3600
G1 X185.00 Y44.40 E0.1663
G1 E-1 F2700
G1 X150.00 Y35.00 F7200
G1 E1 F2700
G1 X155.00 Y35.00 E0.6652 F3600
G1 X155.00 Y40.00 E0.6652
G1 X150.00 Y40.00 E0.6652
G1 X150.00 Y35.00 E0.6652
G1 X150.00 Y35.40 F3600
G1 X155.00 Y35.40 E0.1663
G1 X150.00 Y35.80 F3600
G1 X155.00 Y35.80 E0.1663
G1 X150.00 Y36.20 F3600
G1 X155.00 Y36.20 E0.1663
G1 X150.00 Y36.60 F3600
G1 X155.00 Y36.60 E0.1663
G1 X150.00 Y37.00 F3600
G1 X155.00 Y37.00 E0.1663
G1 X150.00 Y37.40 F3600
G1 X155.00 Y37.40 E0.1663
G1 X150.00 Y37.80 F3600
G1 X155.00 Y37.80 E0.1663
G1 X150.00 Y38.20 F3600
G1 X155.00 Y38.20 E0.1663
G1 X150.00 Y38.60 F3600
G1 X155.00 Y38.60 E0.1663
G1 X150.00 Y39.00 F3600
G1 X155.00 Y39.00 E0.1663
G1 X150.00 Y39.40 F3600
G1 X155.00 Y39.40 E0.1663
G1 E-1 F2700
G1 X180.00 Y35.00 F7200
G1 E1 F2700
G1 X185.00 Y35.00 E0.6652 F3600
G1 X185.00 Y40.00 E0.6652
G1 X180.00 Y40.00 E0.6652
G1 X180.00 Y35.00 E0.6652
G1 X180.00 Y35.40 F3600
G1 X185.00 Y35.40 E0.1663
G1 X180.00 Y35.80 F3600
G1 X185.00 Y35.80 E0.1663
G1 X180.00 Y36.20 F3600
G1 X185.00 Y36.20 E0.1663
G1 X180.00 Y36.60 F3600
G1 X185.00 Y36.60 E0.1663
G1 X180.00 Y37.00 F3600
G1 X185.00 Y37.00 E0.1663
G1 X180.00 Y37.40 F3600
G1 X185.00 Y37.40 E0.1663
G1 X180.00 Y37.80 F3600
G1 X185.00 Y37.80 E0.1663
G1 X180.00 Y38.20 F3600
G1 X185.00 Y38.20 E0.1663
G1 X180.00 Y38.60 F3600
G1 X185.00 Y38.60 E0.1663
G1 X180.00 Y39.00 F3600
G1 X185.00 Y39.00 E0.1663
G1 X180.00 Y39.40 F3600
G1 X185.00 Y39.40 E0.1663
G1 E-1 F2700
G1 X155.00 Y30.00 F7200
G1 E1 F2700
G1 X160.00 Y30.00 E0.6652 F3600
G1 X160.00 Y35.00 E0.6652
G1 X155.00 Y35.00 E0.6652
G1 X155.00 Y30.00 E0.6652
G1 X155.00 Y30.40 F3600
G1 X160.00 Y30.40 E0.1663
G1 X155.00 Y30.80 F3600
G1 X160.00 Y30.80 E0.1663
G1 X155.00 Y31.20 F3600
G1 X160.00 Y31.20 E0.1663
G1 X155.00 Y31.60 F3600
G1 X160.00 Y31.60 E0.1663
G1 X155.00 Y32.00 F3600
G1 X160.00 Y32.00 E0.1663
G1 X155.00 Y32.40 F3600
G1 X160.00 Y32.40 E0.1663
G1 X155.00 Y32.80 F3600
G1 X160.00 Y32.80 E0.1663
G1 X155.00 Y33.20 F3600
G1 X160.00 Y33.20 E0.1663
G1 X155.00 Y33.60 F3600
G1 X160.00 Y33.60 E0.1663
G1 X155.00 Y34.00 F3600
G1 X160.00 Y34.00 E0.1663
G1 X155.00 Y34.40 F3600
G1 X160.00 Y34.40 E0.1663
G1 E-1 F2700
G1 X160.00 Y30.00 F7200
G1 E1 F2700
G1 X165.00 Y30.00 E0.6652 F3600
G1 X165.00 Y35.00 E0.6652
G1 X160.00 Y35.00 E0.6652
G1 X160.00 Y30.00 E0.6652
G1 X160.00 Y30.40 F3600
G1 X165.00 Y30.40 E0.1663
G1 X160.00 Y30.80 F3600
G1 X165.00 Y30.80 E0.1663
G1 X160.00 Y31.20 F3600
G1 X165.00 Y31.20 E0.1663
G1 X160.00 Y31.60 F3600
G1 X165.00 Y31.60 E0.1663
G1 X160.00 Y32.00 F3600
G1 X165.00 Y32.00 E0.1663
G1 X160.00 Y32.40 F3600
G1 X165.00 Y32.40 E0.1663
G1 X160.00 Y32.80 F3600
G1 X165.00 Y32.80 E0.1663
G1 X160.00 Y33.20 F3600
G1 X165.00 Y33.20 E0.1663
G1 X160.00 Y33.60 F3600
G1 X165.00 Y33.60 E0.1663
G1 X160.00 Y34.00 F3600
G1 X165.00 Y34.00 E0.1663
G1 X160.00 Y34.40 F3600
G1 X165.00 Y34.40 E0.1663
G1 E-1 F2700
G1 X165.00 Y30.00 F7200
G1 E1 F2700
G1 X170.00 Y30.00 E0.6652 F3600
G1 X170.00 Y35.00 E0.6652
G1 X165.00 Y35.00 E0.6652
G1 X165.00 Y30.00 E0.6652
G1 X165.00 Y30.40 F3600
G1 X170.00 Y30.40 E0.1663
G1 X165.00 Y30.80 F3600
G1 X170.00 Y30.80 E0.1663
G1 X165.00 Y31.20 F3600
G1 X170.00 Y31.20 E0.1663
G1 X165.00 Y31.60 F3600
G1 X170.00 Y31.60 E0.1663
G1 X165.00 Y32.00 F3600
G1 X170.00 Y32.00 E0.1663
G1 X165.00 Y32.40 F3600
G1 X170.00 Y32.40 E0.1663
G1 X165.00 Y32.80 F3600
G1 X170.00 Y32.80 E0.1663
G1 X165.00 Y33.20 F3600
G1 X170.00 Y33.20 E0.1663
G1 X165.00 Y33.60 F3600
G1 X170.00 Y33.60 E0.1663
G1 X165.00 Y34.00 F3600
G1 X170.00 Y34.00 E0.1663
G1 X165.00 Y34.40 F3600
G1 X170.00 Y34.40 E0.1663
G1 E-1 F2700
G1 X170.00 Y30.00 F7200
G1 E1 F2700
G1 X175.00 Y30.00 E0.6652 F3600
G1 X175.00 Y35.00 E0.6652
G1 X170.00 Y35.00 E0.6652
G1 X170.00 Y30.00 E0.6652
G1 X170.00 Y30.40 F3600
G1 X175.00 Y30.40 E0.1663
G1 X170.00 Y30.80 F3600
G1 X175.00 Y30.80 E0.1663
G1 X170.00 Y31.20 F3600
G1 X175.00 Y31.20 E0.1663
G1 X170.00 Y31.60 F3600
G1 X175.00 Y31.60 E0.1663
G1 X170.00 Y32.00 F3600
G1 X175.00 Y32.00 E0.1663
G1 X170.00 Y32.40 F3600
G1 X175.00 Y32.40 E0.1663
G1 X170.00 Y32.80 F3600
G1 X175.00 Y32.80 E0.1663
G1 X170.00 Y33.20 F3600
G1 X175.00 Y33.20 E0.1663
G1 X170.00 Y33.60 F3600
G1 X175.00 Y33.60 E0.1663
G1 X170.00 Y34.00 F3600
G1 X175.00 Y34.00 E0.1663
G1 X170.00 Y34.40 F3600
G1 X175.00 Y34.40 E0.1663
G1 E-1 F2700
G1 X175.00 Y30.00 F7200
G1 E1 F2700
G1 X180.00 Y30.00 E0.6652 F3600
G1 X180.00 Y35.00 E0.6652
G1 X175.00 Y35.00 E0.6652
G1 X175.00 Y30.00 E0.6652
G1 X175.00 Y30.40 F3600
G1 X180.00 Y30.40 E0.1663
G1 X175.00 Y30.80 F3600
G1 X180.00 Y30.80 E0.1663
G1 X175.00 Y31.20 F3600
G1 X180.00 Y31.20 E0.1663
G1 X175.00 Y31.60 F3600
G1 X180.00 Y31.60 E0.1663
G1 X175.00 Y32.00 F3600
G1 X180.00 Y32.00 E0.1663
G1 X175.00 Y32.40 F3600
G1 X180.00 Y32.40 E0.1663
G1 X175.00 Y32.80 F3600
G1 X180.00 Y32.80 E0.1663
G1 X175.00 Y33.20 F3600
G1 X180.00 Y33.20 E0.1663
G1 X175.00 Y33.60 F3600
G1 X180.00 Y33.60 E0.1663
G1 X175.00 Y34.00 F3600
G1 X180.00 Y34.00 E0.1663
G1 X175.00 Y34.40 F3600
G1 X180.00 Y34.40 E0.1663
G1 E-1 F2700
G1 X195.00 Y60.00 F7200
G1 E1 F2700
G1 X200.00 Y60.00 E0.6652 F3600
G1 X200.00 Y65.00 E0.6652
G1 X195.00 Y65.00 E0.6652
G1 X195.00 Y60.00 E0.6652
G1 X195.00 Y60.40 F3600
G1 X200.00 Y60.40 E0.1663
G1 X195.00 Y60.80 F3600
G1 X200.00 Y60.80 E0.1663
G1 X195.00 Y61.20 F3600
G1 X200.00 Y61.20 E0.1663
G1 X195.00 Y61.60 F3600
G1 X200.00 Y61.60 E0.1663
G1 X195.00 Y62.00 F3600
G1 X200.00 Y62.00 E0.1663
G1 X195.00 Y62.40 F3600
G1 X200.00 Y62.40 E0.1663
G1 X195.00 Y62.80 F3600
G1 X200.00 Y62.80 E0.1663
G1 X195.00 Y63.20 F3600
G1 X200.00 Y63.20 E0.1663
G1 X195.00 Y63.60 F3600
G1 X200.00 Y63.60 E0.1663
G1 X195.00 Y64.00 F3600
G1 X200.00 Y64.00 E0.1663
G1 X195.00 Y64.40 F3600
G1 X200.00 Y64.40 E0.1663
G1 E-1 F2700
G1 X200.00 Y60.00 F7200
G1 E1 F2700
G1 X205.00 Y60.00 E0.6652 F3600
G1 X205.00 Y65.00 E0.6652
G1 X200.00 Y65.00 E0.6652
G1 X200.00 Y60.00 E0.6652
G1 X200.00 Y60.40 F3600
G1 X205.00 Y60.40 E0.1663
G1 X200.00 Y60.80 F3600
G1 X205.00 Y60.80 E0.1663
G1 X200.00 Y61.20 F3600
G1 X205.00 Y61.20 E0.1663
G1 X200.00 Y61.60 F3600
G1 X205.00 Y61.60 E0.1663
G1 X200.00 Y62.00 F3600
G1 X205.00 Y62.00 E0.1663
G1 X200.00 Y62.40 F3600
G1 X205.00 Y62.40 E0.1663
G1 X200.00 Y62.80 F3600
G1 X205.00 Y62.80 E0.1663
G1 X200.00 Y63.20 F3600
G1 X205.00 Y63.20 E0.1663
G1 X200.00 Y63.60 F3600
G1 X205.00 Y63.60 E0.1663
G1 X200.00 Y64.00 F3600
G1 X205.00 Y64.00 E0.1663
G1 X200.00 Y64.40 F3600
G1 X205.00 Y64.40 E0.1663
G1 E-1 F2700
G1 X205.00 Y60.00 F7200
G1 E1 F2700
G1 X210.00 Y60.00 E0.6652 F3600
G1 X210.00 Y65.00 E0.6652
G1 X205.00 Y65.00 E0.6652
G1 X205.00 Y60.00 E0.6652
G1 X205.00 Y60.40 F3600
G1 X210.00 Y60.40 E0.1663
G1 X205.00 Y60.80 F3600
G1 X210.00 Y60.80 E0.1663
G1 X205.00 Y61.20 F3600
G1 X210.00 Y61.20 E0.1663
G1 X205.00 Y61.60 F3600
G1 X210.00 Y61.60 E0.1663
G1 X205.00 Y62.00 F3600
G1 X210.00 Y62.00 E0.1663
G1 X205.00 Y62.40 F3600
G1 X210.00 Y62.40 E0.1663
G1 X205.00 Y62.80 F3600
G1 X210.00 Y62.80 E0.1663
G1 X205.00 Y63.20 F3600
G1 X210.00 Y63.20 E0.1663
G1 X205.00 Y63.60 F3600
G1 X210.00 Y63.60 E0.1663
G1 X205.00 Y64.00 F3600
G1 X210.00 Y64.00 E0.1663
G1 X205.00 Y64.40 F3600
G1 X210.00 Y64.40 E0.1663
G1 E-1 F2700
G1 X210.00 Y60.00 F7200
G1 E1 F2700
G1 X215.00 Y60.00 E0.6652 F3600
G1 X215.00 Y65.00 E0.6652
G1 X210.00 Y65.00 E0.6652
G1 X210.00 Y60.00 E0.6652
G1 X210.00 Y60.40 F3600
G1 X215.00 Y60.40 E0.1663
G1 X210.00 Y60.80 F3600
G1 X215.00 Y60.80 E0.1663
G1 X210.00 Y61.20 F3600
G1 X215.00 Y61.20 E0.1663
G1 X210.00 Y61.60 F3600
G1 X215.00 Y61.60 E0.1663
G1 X210.00 Y62.00 F3600
G1 X215.00 Y62.00 E0.1663
G1 X210.00 Y62.40 F3600
G1 X215.00 Y62.40 E0.1663
G1 X210.00 Y62.80 F3600
G1 X215.00 Y62.80 E0.1663
G1 X210.00 Y63.20 F3600
G1 X215.00 Y63.20 E0.1663
G1 X210.00 Y63.60 F3600
G1 X215.00 Y63.60 E0.1663
G1 X210.00 Y64.00 F3600
G1 X215.00 Y64.00 E0.1663
G1 X210.00 Y64.40 F3600
G1 X215.00 Y64.40 E0.1663
G1 E-1 F2700
G1 X215.00 Y60.00 F7200
G1 E1 F2700
G1 X220.00 Y60.00 E0.6652 F3600
G1 X220.00 Y65.00 E0.6652
G1 X215.00 Y65.00 E0.6652
G1 X215.00 Y60.00 E0.6652
G1 X215.00 Y60.40 F3600
G1 X220.00 Y60.40 E0.1663
G1 X215.00 Y60.80 F3600
G1 X220.00 Y60.80 E0.1663
G1 X215.00 Y61.20 F3600
G1 X220.00 Y61.20 E0.1663
G1 X215.00 Y61.60 F3600
G1 X220.00 Y61.60 E0.1663
G1 X215.00 Y62.00 F3600
G1 X220.00 Y62.00 E0.1663
G1 X215.00 Y62.40 F3600
G1 X220.00 Y62.40 E0.1663
G1 X215.00 Y62.80 F3600
G1 X220.00 Y62.80 E0.1663
G1 X215.00 Y63.20 F3600
G1 X220.00 Y63.20 E0.1663
G1 X215.00 Y63.60 F3600
G1 X220.00 Y63.60 E0.1663
G1 X215.00 Y64.00 F3600
G1 X220.00 Y64.00 E0.1663
G1 X215.00 Y64.40 F3600
G1 X220.00 Y64.40 E0.1663
G1 E-1 F2700
G1 X190.00 Y55.00 F7200
G1 E1 F2700
G1 X195.00 Y55.00 E0.6652 F3600
G1 X195.00 Y60.00 E0.6652
G1 X190.00 Y60.00 E0.6652
G1 X190.00 Y55.00 E0.6652
G1 X190.00 Y55.40 F3600
G1 X195.00 Y55.40 E0.1663
G1 X190.00 Y55.80 F3600
G1 X195.00 Y55.80 E0.1663
G1 X190.00 Y56.20 F3600
G1 X195.00 Y56.20 E0.1663
G1 X190.00 Y56.60 F3600
G1 X195.00 Y56.60 E0.1663
G1 X190.00 Y57.00 F3600
G1 X195.00 Y57.00 E0.1663
G1 X190.00 Y57.40 F3600
G1 X195.00 Y57.40 E0.1663
G1 X190.00 Y57.80 F3600
G1 X195.00 Y57.80 E0.1663
G1 X190.00 Y58.20 F3600
G1 X195.00 Y58.20 E0.1663
G1 X190.00 Y58.60 F3600
G1 X195.00 Y58.60 E0.1663
G1 X190.00 Y59.00 F3600
G1 X195.00 Y59.00 E0.1663
G1 X190.00 Y59.40 F3600
G1 X195.00 Y59.40 E0.1663
G1 E-1 F2700
G1 X220.00 Y55.00 F7200
G1 E1 F2700
G1 X225.00 Y55.00 E0.6652 F3600
G1 X225.00 Y60.00 E0.6652
G1 X220.00 Y60.00 E0.6652
G1 X220.00 Y55.00 E0.6652
G1 X220.00 Y55.40 F3600
G1 X225.00 Y55.40 E0.1663
G1 X220.00 Y55.80 F3600
G1 X225.00 Y55.80 E0.1663
G1 X220.00 Y56.20 F3600
G1 X225.00 Y56.20 E0.1663
G1 X220.00 Y56.60 F3600
G1 X225.00 Y56.60 E0.1663
G1 X220.00 Y57.00 F3600
G1 X225.00 Y57.00 E0.1663
G1 X220.00 Y57.40 F3600
G1 X225.00 Y57.40 E0.1663
G1 X220.00 Y57.80 F3600
G1 X225.00 Y57.80 E0.1663
G1 X220.00 Y58.20 F3600
G1 X225.00 Y58.20 E0.1663
G1 X220.00 Y58.60 F3600
G1 X225.00 Y58.60 E0.1663
G1 X220.00 Y59.00 F3600
G1 X225.00 Y59.00 E0.1663
G1 X220.00 Y59.40 F3600
G1 X225.00 Y59.40 E0.1663
G1 E-1 F2700
G1 X220.00 Y50.00 F7200
G1 E1 F2700
G1 X225.00 Y50.00 E0.6652 F3600
G1 X225.00 Y55.00 E0.6652
G1 X220.00 Y55.00 E0.6652
G1 X220.00 Y50.00 E0.6652
G1 X220.00 Y50.40 F3600
G1 X225.00 Y50.40 E0.1663
G1 X220.00 Y50.80 F3600
G1 X225.00 Y50.80 E0.1663
G1 X220.00 Y51.20 F3600
G1 X225.00 Y51.20 E0.1663
G1 X220.00 Y51.60 F3600
G1 X225.00 Y51.60 E0.1663
G1 X220.00 Y52.00 F3600
G1 X225.00 Y52.00 E0.1663
G1 X220.00 Y52.40 F3600
G1 X225.00 Y52.40 E0.1663
G1 X220.00 Y52.80 F3600
G1 X225.00 Y52.80 E0.1663
G1 X220.00 Y53.20 F3600
G1 X225.00 Y53.20 E0.1663
G1 X220.00 Y53.60 F3600
G1 X225.00 Y53.60 E0.1663
G1 X220.00 Y54.00 F3600
G1 X225.00 Y54.00 E0.1663
G1 X220.00 Y54.40 F3600
G1 X225.00 Y54.40 E0.1663
G1 E-1 F2700
G1 X205.00 Y45.00 F7200
G1 E1 F2700
G1 X210.00 Y45.00 E0.6652 F3600
G1 X210.00 Y50.00 E0.6652
G1 X205.00 Y50.00 E0.6652
G1 X205.00 Y45.00 E0.6652
G1 X205.00 Y45.40 F3600
G1 X210.00 Y45.40 E0.1663
G1 X205.00 Y45.80 F3600
G1 X210.00 Y45.80 E0.1663
G1 X205.00 Y46.20 F3600
G1 X210.00 Y46.20 E0.1663
G1 X205.00 Y46.60 F3600
G1 X210.00 Y46.60 E0.1663
G1 X205.00 Y47.00 F3600
G1 X210.00 Y47.00 E0.1663
G1 X205.00 Y47.40 F3600
G1 X210.00 Y47.40 E0.1663
G1 X205.00 Y47.80 F3600
G1 X210.00 Y47.80 E0.1663
G1 X205.00 Y48.20 F3600
G1 X210.00 Y48.20 E0.1663
G1 X205.00 Y48.60 F3600
G1 X210.00 Y48.60 E0.1663
G1 X205.00 Y49.00 F3600
G1 X210.00 Y49.00 E0.1663
G1 X205.00 Y49.40 F3600
G1 X210.00 Y49.40 E0.1663
G1 E-1 F2700
G1 X210.00 Y45.00 F7200
G1 E1 F2700
G1 X215.00 Y45.00 E0.6652 F3600
G1 X215.00 Y50.00 E0.6652
G1 X210.00 Y50.00 E0.6652
G1 X210.00 Y45.00 E0.6652
G1 X210.00 Y45.40 F3600
G1 X215.00 Y45.40 E0.1663
G1 X210.00 Y45.80 F3600
G1 X215.00 Y45.80 E0.1663
G1 X210.00 Y46.20 F3600
G1 X215.00 Y46.20 E0.1663
G1 X210.00 Y46.60 F3600
G1 X215.00 Y46.60 E0.1663
G1 X210.00 Y47.00 F3600
G1 X215.00 Y47.00 E0.1663
G1 X210.00 Y47.40 F3600
G1 X215.00 Y47.40 E0.1663
G1 X210.00 Y47.80 F3600
G1 X215.00 Y47.80 E0.1663
G1 X210.00 Y48.20 F3600
G1 X215.00 Y48.20 E0.1663
G1 X210.00 Y48.60 F3600
G1 X215.00 Y48.60 E0.1663
G1 X210.00 Y49.00 F3600
G1 X215.00 Y49.00 E0.1663
G1 X210.00 Y49.40 F3600
G1 X215.00 Y49.40 E0.1663
G1 E-1 F2700
G1 X215.00 Y45.00 F7200
G1 E1 F2700
G1 X220.00 Y45.00 E0.6652 F3600
G1 X220.00 Y50.00 E0.6652
G1 X215.00 Y50.00 E0.6652
G1 X215.00 Y45.00 E0.6652
G1 X215.00 Y45.40 F3600
G1 X220.00 Y45.40 E0.1663
G1 X215.00 Y45.80 F3600
G1 X220.00 Y45.80 E0.1663
G1 X215.00 Y46.20 F3600
G1 X220.00 Y46.20 E0.1663
G1 X215.00 Y46.60 F3600
G1 X220.00 Y46.60 E0.1663
G1 X215.00 Y47.00 F3600
G1 X220.00 Y47.00 E0.1663
G1 X215.00 Y47.40 F3600
G1 X220.00 Y47.40 E0.1663
G1 X215.00 Y47.80 F3600
G1 X220.00 Y47.80 E0.1663
G1 X215.00 Y48.20 F3600
G1 X220.00 Y48.20 E0.1663
G1 X215.00 Y48.60 F3600
G1 X220.00 Y48.60 E0.1663
G1 X215.00 Y49.00 F3600
G1 X220.00 Y49.00 E0.1663
G1 X215.00 Y49.40 F3600
G1 X220.00 Y49.40 E0.1663
G1 E-1 F2700
G1 X195.00 Y40.00 F7200
G1 E1 F2700
G1 X200.00 Y40.00 E0.6652 F3600
G1 X200.00 Y45.00 E0.6652
G1 X195.00 Y45.00 E0.6652
G1 X195.00 Y40.00 E0.6652
G1 X195.00 Y40.40 F3600
G1 X200.00 Y40.40 E0.1663
G1 X195.00 Y40.80 F3600
G1 X200.00 Y40.80 E0.1663
G1 X195.00 Y41.20 F3600
G1 X200.00 Y41.20 E0.1663
G1 X195.00 Y41.60 F3600
G1 X200.00 Y41.60 E0.1663
G1 X195.00 Y42.00 F3600
G1 X200.00 Y42.00 E0.1663
G1 X195.00 Y42.40 F3600
G1 X200.00 Y42.40 E0.1663
G1 X195.00 Y42.80 F3600
G1 X200.00 Y42.80 E0.1663
G1 X195.00 Y43.20 F3600
G1 X200.00 Y43.20 E0.1663
G1 X195.00 Y43.60 F3600
G1 X200.00 Y43.60 E0.1663
G1 X195.00 Y44.00 F3600
G1 X200.00 Y44.00 E0.1663
G1 X195.00 Y44.40 F3600
G1 X200.00 Y44.40 E0.1663
G1 E-1 F2700
G1 X200.00 Y40.00 F7200
G1 E1 F2700
G1 X205.00 Y40.00 E0.6652 F3600
G1 X205.00 Y45.00 E0.6652
G1 X200.00 Y45.00 E0.6652
G1 X200.00 Y40.00 E0.6652
G1 X200.00 Y40.40 F3600
G1 X205.00 Y40.40 E0.1663
G1 X200.00 Y40.80 F3600
G1 X205.00 Y40.80 E0.1663
G1 X200.00 Y41.20 F3600
G1 X205.00 Y41.20 E0.1663
G1 X200.00 Y41.60 F3600
G1 X205.00 Y41.60 E0.1663
G1 X200.00 Y42.00 F3600
G1 X205.00 Y42.00 E0.1663
G1 X200.00 Y42.40 F3600
G1 X205.00 Y42.40 E0.1663
G1 X200.00 Y42.80 F3600
G1 X205.00 Y42.80 E0.1663
G1 X200.00 Y43.20 F3600
G1 X205.00 Y43.20 E0.1663
G1 X200.00 Y43.60 F3600
G1 X205.00 Y43.60 E0.1663
G1 X200.00 Y44.00 F3600
G1 X205.00 Y44.00 E0.1663
G1 X200.00 Y44.40 F3600
G1 X205.00 Y44.40 E0.1663
G1 E-1 F2700
G1 X190.00 Y35.00 F7200
G1 E1 F2700
G1 X195.00 Y35.00 E0.6652 F3600
G1 X195.00 Y40.00 E0.6652
G1 X190.00 Y40.00 E0.6652
G1 X190.00 Y35.00 E0.6652
G1 X190.00 Y35.40 F3600
G1 X195.00 Y35.40 E0.1663
G1 X190.00 Y35.80 F3600
G1 X195.00 Y35.80 E0.1663
G1 X190.00 Y36.20 F3600
G1 X195.00 Y36.20 E0.1663
G1 X190.00 Y36.60 F3600
G1 X195.00 Y36.60 E0.1663
G1 X190.00 Y37.00 F3600
G1 X195.00 Y37.00 E0.1663
G1 X190.00 Y37.40 F3600
G1 X195.00 Y37.40 E0.1663
G1 X190.00 Y37.80 F3600
G1 X195.00 Y37.80 E0.1663
G1 X190.00 Y38.20 F3600
G1 X195.00 Y38.20 E0.1663
G1 X190.00 Y38.60 F3600
G1 X195.00 Y38.60 E0.1663
G1 X190.00 Y39.00 F3600
G1 X195.00 Y39.00 E0.1663
G1 X190.00 Y39.40 F3600
G1 X195.00 Y39.40 E0.1663
G1 E-1 F2700
G1 X190.00 Y30.00 F7200
G1 E1 F2700
G1 X195.00 Y30.00 E0.6652 F3600
G1 X195.00 Y35.00 E0.6652
G1 X190.00 Y35.00 E0.6652
G1 X190.00 Y30.00 E0.6652
G1 X190.00 Y30.40 F3600
G1 X195.00 Y30.40 E0.1663
G1 X190.00 Y30.80 F3600
G1 X195.00 Y30.80 E0.1663
G1 X190.00 Y31.20 F3600
G1 X195.00 Y31.20 E0.1663
G1 X190.00 Y31.60 F3600
G1 X195.00 Y31.60 E0.1663
G1 X190.00 Y32.00 F3600
G1 X195.00 Y32.00 E0.1663
G1 X190.00 Y32.40 F3600
G1 X195.00 Y32.40 E0.1663
G1 X190.00 Y32.80 F3600
G1 X195.00 Y32.80 E0.1663
G1 X190.00 Y33.20 F3600
G1 X195.00 Y33.20 E0.1663
G1 X190.00 Y33.60 F3600
G1 X195.00 Y33.60 E0.1663
G1 X190.00 Y34.00 F3600
G1 X195.00 Y34.00 E0.1663
G1 X190.00 Y34.40 F3600
G1 X195.00 Y34.40 E0.1663
G1 E-1 F2700
G1 X195.00 Y30.00 F7200
G1 E1 F2700
G1 X200.00 Y30.00 E0.6652 F3600
G1 X200.00 Y35.00 E0.6652
G1 X195.00 Y35.00 E0.6652
G1 X195.00 Y30.00 E0.6652
G1 X195.00 Y30.40 F3600
G1 X200.00 Y30.40 E0.1663
G1 X195.00 Y30.80 F3600
G1 X200.00 Y30.80 E0.1663
G1 X195.00 Y31.20 F3600
G1 X200.00 Y31.20 E0.1663
G1 X195.00 Y31.60 F3600
G1 X200.00 Y31.60 E0.1663
G1 X195.00 Y32.00 F3600
G1 X200.00 Y32.00 E0.1663
G1 X195.00 Y32.40 F3600
G1 X200.00 Y32.40 E0.1663
G1 X195.00 Y32.80 F3600
G1 X200.00 Y32.80 E0.1663
G1 X195.00 Y33.20 F3600
G1 X200.00 Y33.20 E0.1663
G1 X195.00 Y33.60 F3600
G1 X200.00 Y33.60 E0.1663
G1 X195.00 Y34.00 F3600
G1 X200.00 Y34.00 E0.1663
G1 X195.00 Y34.40 F3600
G1 X200.00 Y34.40 E0.1663
G1 E-1 F2700
G1 X200.00 Y30.00 F7200
G1 E1 F2700
G1 X205.00 Y30.00 E0.6652 F3600
G1 X205.00 Y35.00 E0.6652
G1 X200.00 Y35.00 E0.6652
G1 X200.00 Y30.00 E0.6652
G1 X200.00 Y30.40 F3600
G1 X205.00 Y30.40 E0.1663
G1 X200.00 Y30.80 F3600
G1 X205.00 Y30.80 E0.1663
G1 X200.00 Y31.20 F3600
G1 X205.00 Y31.20 E0.1663
G1 X200.00 Y31.60 F3600
G1 X205.00 Y31.60 E0.1663
G1 X200.00 Y32.00 F3600
G1 X205.00 Y32.00 E0.1663
G1 X200.00 Y32.40 F3600
G1 X205.00 Y32.40 E0.1663
G1 X200.00 Y32.80 F3600
G1 X205.00 Y32.80 E0.1663
G1 X200.00 Y33.20 F3600
G1 X205.00 Y33.20 E0.1663
G1 X200.00 Y33.60 F3600
G1 X205.00 Y33.60 E0.1663
G1 X200.00 Y34.00 F3600
G1 X205.00 Y34.00 E0.1663
G1 X200.00 Y34.40 F3600
G1 X205.00 Y34.40 E0.1663
G1 E-1 F2700
G1 X205.00 Y30.00 F7200
G1 E1 F2700
G1 X210.00 Y30.00 E0.6652 F3600
G1 X210.00 Y35.00 E0.6652
G1 X205.00 Y35.00 E0.6652
G1 X205.00 Y30.00 E0.6652
G1 X205.00 Y30.40 F3600
G1 X210.00 Y30.40 E0.1663
G1 X205.00 Y30.80 F3600
G1 X210.00 Y30.80 E0.1663
G1 X205.00 Y31.20 F3600
G1 X210.00 Y31.20 E0.1663
G1 X205.00 Y31.60 F3600
G1 X210.00 Y31.60 E0.1663
G1 X205.00 Y32.00 F3600
G1 X210.00 Y32.00 E0.1663
G1 X205.00 Y32.40 F3600
G1 X210.00 Y32.40 E0.1663
G1 X205.00 Y32.80 F3600
G1 X210.00 Y32.80 E0.1663
G1 X205.00 Y33.20 F3600
G1 X210.00 Y33.20 E0.1663
G1 X205.00 Y33.60 F3600
G1 X210.00 Y33.60 E0.1663
G1 X205.00 Y34.00 F3600
G1 X210.00 Y34.00 E0.1663
G1 X205.00 Y34.40 F3600
G1 X210.00 Y34.40 E0.1663
G1 E-1 F2700
G1 X210.00 Y30.00 F7200
G1 E1 F2700
G1 X215.00 Y30.00 E0.6652 F3600
G1 X215.00 Y35.00 E0.6652
G1 X210.00 Y35.00 E0.6652
G1 X210.00 Y30.00 E0.6652
G1 X210.00 Y30.40 F3600
G1 X215.00 Y30.40 E0.1663
G1 X210.00 Y30.80 F3600
G1 X215.00 Y30.80 E0.1663
G1 X210.00 Y31.20 F3600
G1 X215.00 Y31.20 E0.1663
G1 X210.00 Y31.60 F3600
G1 X215.00 Y31.60 E0.1663
G1 X210.00 Y32.00 F3600
G1 X215.00 Y32.00 E0.1663
G1 X210.00 Y32.40 F3600
G1 X215.00 Y32.40 E0.1663
G1 X210.00 Y32.80 F3600
G1 X215.00 Y32.80 E0.1663
G1 X210.00 Y33.20 F3600
G1 X215.00 Y33.20 E0.1663
G1 X210.00 Y33.60 F3600
G1 X215.00 Y33.60 E0.1663
G1 X210.00 Y34.00 F3600
G1 X215.00 Y34.00 E0.1663
G1 X210.00 Y34.40 F3600
G1 X215.00 Y34.40 E0.1663
G1 E-1 F2700
G1 X215.00 Y30.00 F7200
G1 E1 F2700
G1 X220.00 Y30.00 E0.6652 F3600
G1 X220.00 Y35.00 E0.6652
G1 X215.00 Y35.00 E0.6652
G1 X215.00 Y30.00 E0.6652
G1 X215.00 Y30.40 F3600
G1 X220.00 Y30.40 E0.1663
G1 X215.00 Y30.80 F3600
G1 X220.00 Y30.80 E0.1663
G1 X215.00 Y31.20 F3600
G1 X220.00 Y31.20 E0.1663
G1 X215.00 Y31.60 F3600
G1 X220.00 Y31.60 E0.1663
G1 X215.00 Y32.00 F3600
G1 X220.00 Y32.00 E0.1663
G1 X215.00 Y32.40 F3600
G1 X220.00 Y32.40 E0.1663
G1 X215.00 Y32.80 F3600
G1 X220.00 Y32.80 E0.1663
G1 X215.00 Y33.20 F3600
G1 X220.00 Y33.20 E0.1663
G1 X215.00 Y33.60 F3600
G1 X220.00 Y33.60 E0.1663
G1 X215.00 Y34.00 F3600
G1 X220.00 Y34.00 E0.1663
G1 X215.00 Y34.40 F3600
G1 X220.00 Y34.40 E0.1663
G1 E-1 F2700
G1 X220.00 Y30.00 F7200
G1 E1 F2700
G1 X225.00 Y30.00 E0.6652 F3600
G1 X225.00 Y35.00 E0.6652
G1 X220.00 Y35.00 E0.6652
G1 X220.00 Y30.00 E0.6652
G1 X220.00 Y30.40 F3600
G1 X225.00 Y30.40 E0.1663
G1 X220.00 Y30.80 F3600
G1 X225.00 Y30.80 E0.1663
G1 X220.00 Y31.20 F3600
G1 X225.00 Y31.20 E0.1663
G1 X220.00 Y31.60 F3600
G1 X225.00 Y31.60 E0.1663
G1 X220.00 Y32.00 F3600
G1 X225.00 Y32.00 E0.1663
G1 X220.00 Y32.40 F3600
G1 X225.00 Y32.40 E0.1663
G1 X220.00 Y32.80 F3600
G1 X225.00 Y32.80 E0.1663
G1 X220.00 Y33.20 F3600
G1 X225.00 Y33.20 E0.1663
G1 X220.00 Y33.60 F3600
G1 X225.00 Y33.60 E0.1663
G1 X220.00 Y34.00 F3600
G1 X225.00 Y34.00 E0.1663
G1 X220.00 Y34.40 F3600
G1 X225.00 Y34.40 E0.1663
G1 E-1 F2700
G1 X230.00 Y60.00 F7200
G1 E1 F2700
G1 X235.00 Y60.00 E0.6652 F3600
G1 X235.00 Y65.00 E0.6652
G1 X230.00 Y65.00 E0.6652
G1 X230.00 Y60.00 E0.6652
G1 X230.00 Y60.40 F3600
G1 X235.00 Y60.40 E0.1663
G1 X230.00 Y60.80 F3600
G1 X235.00 Y60.80 E0.1663
G1 X230.00 Y61.20 F3600
G1 X235.00 Y61.20 E0.1663
G1 X230.00 Y61.60 F3600
G1 X235.00 Y61.60 E0.1663
G1 X230.00 Y62.00 F3600
G1 X235.00 Y62.00 E0.1663
G1 X230.00 Y62.40 F3600
G1 X235.00 Y62.40 E0.1663
G1 X230.00 Y62.80 F3600
G1 X235.00 Y62.80 E0.1663
G1 X230.00 Y63.20 F3600
G1 X235.00 Y63.20 E0.1663
G1 X230.00 Y63.60 F3600
G1 X235.00 Y63.60 E0.1663
G1 X230.00 Y64.00 F3600
G1 X235.00 Y64.00 E0.1663
G1 X230.00 Y64.40 F3600
G1 X235.00 Y64.40 E0.1663
G1 E-1 F2700
G1 X235.00 Y60.00 F7200
G1 E1 F2700
G1 X240.00 Y60.00 E0.6652 F3600
G1 X240.00 Y65.00 E0.6652
G1 X235.00 Y65.00 E0.6652
G1 X235.00 Y60.00 E0.6652
G1 X235.00 Y60.40 F3600
G1 X240.00 Y60.40 E0.1663
G1 X235.00 Y60.80 F3600
G1 X240.00 Y60.80 E0.1663
G1 X235.00 Y61.20 F3600
G1 X240.00 Y61.20 E0.1663
G1 X235.00 Y61.60 F3600
G1 X240.00 Y61.60 E0.1663
G1 X235.00 Y62.00 F3600
G1 X240.00 Y62.00 E0.1663
G1 X235.00 Y62.40 F3600
G1 X240.00 Y62.40 E0.1663
G1 X235.00 Y62.80 F3600
G1 X240.00 Y62.80 E0.1663
G1 X235.00 Y63.20 F3600
G1 X240.00 Y63.20 E0.1663
G1 X235.00 Y63.60 F3600
G1 X240.00 Y63.60 E0.1663
G1 X235.00 Y64.00 F3600
G1 X240.00 Y64.00 E0.1663
G1 X235.00 Y64.40 F3600
G1 X240.00 Y64.40 E0.1663
G1 E-1 F2700
G1 X240.00 Y60.00 F7200
G1 E1 F2700
G1 X245.00 Y60.00 E0.6652 F3600
G1 X245.00 Y65.00 E0.6652
G1 X240.00 Y65.00 E0.6652
G1 X240.00 Y60.00 E0.6652
G1 X240.00 Y60.40 F3600
G1 X245.00 Y60.40 E0.1663
G1 X240.00 Y60.80 F3600
G1 X245.00 Y60.80 E0.1663
G1 X240.00 Y61.20 F3600
G1 X245.00 Y61.20 E0.1663
G1 X240.00 Y61.60 F3600
G1 X245.00 Y61.60 E0.1663
G1 X240.00 Y62.00 F3600
G1 X245.00 Y62.00 E0.1663
G1 X240.00 Y62.40 F3600
G1 X245.00 Y62.40 E0.1663
G1 X240.00 Y62.80 F3600
G1 X245.00 Y62.80 E0.1663
G1 X240.00 Y63.20 F3600
G1 X245.00 Y63.20 E0.1663
G1 X240.00 Y63.60 F3600
G1 X245.00 Y63.60 E0.1663
G1 X240.00 Y64.00 F3600
G1 X245.00 Y64.00 E0.1663
G1 X240.00 Y64.40 F3600
G1 X245.00 Y64.40 E0.1663
G1 E-1 F2700
G1 X245.00 Y60.00 F7200
G1 E1 F2700
G1 X250.00 Y60.00 E0.6652 F3600
G1 X250.00 Y65.00 E0.6652
G1 X245.00 Y65.00 E0.6652
G1 X245.00 Y60.00 E0.6652
G1 X245.00 Y60.40 F3600
G1 X250.00 Y60.40 E0.1663
G1 X245.00 Y60.80 F3600
G1 X250.00 Y60.80 E0.1663
G1 X245.00 Y61.20 F3600
G1 X250.00 Y61.20 E0.1663
G1 X245.00 Y61.60 F3600
G1 X250.00 Y61.60 E0.1663
G1 X245.00 Y62.00 F3600
G1 X250.00 Y62.00 E0.1663
G1 X245.00 Y62.40 F3600
G1 X250.00 Y62.40 E0.1663
G1 X245.00 Y62.80 F3600
G1 X250.00 Y62.80 E0.1663
G1 X245.00 Y63.20 F3600
G1 X250.00 Y63.20 E0.1663
G1 X245.00 Y63.60 F3600
G1 X250.00 Y63.60 E0.1663
G1 X245.00 Y64.00 F3600
G1 X250.00 Y64.00 E0.1663
G1 X245.00 Y64.40 F3600
G1 X250.00 Y64.40 E0.1663
G1 E-1 F2700
G1 X250.00 Y60.00 F7200
G1 E1 F2700
G1 X255.00 Y60.00 E0.6652 F3600
G1 X255.00 Y65.00 E0.6652
G1 X250.00 Y65.00 E0.6652
G1 X250.00 Y60.00 E0.6652
G1 X250.00 Y60.40 F3600
G1 X255.00 Y60.40 E0.1663
G1 X250.00 Y60.80 F3600
G1 X255.00 Y60.80 E0.1663
G1 X250.00 Y61.20 F3600
G1 X255.00 Y61.20 E0.1663
G1 X250.00 Y61.60 F3600
G1 X255.00 Y61.60 E0.1663
G1 X250.00 Y62.00 F3600
G1 X255.00 Y62.00 E0.1663
G1 X250.00 Y62.40 F3600
G1 X255.00 Y62.40 E0.1663
G1 X250.00 Y62.80 F3600
G1 X255.00 Y62.80 E0.1663
G1 X250.00 Y63.20 F3600
G1 X255.00 Y63.20 E0.1663
G1 X250.00 Y63.60 F3600
G1 X255.00 Y63.60 E0.1663
G1 X250.00 Y64.00 F3600
G1 X255.00 Y64.00 E0.1663
G1 X250.00 Y64.40 F3600
G1 X255.00 Y64.40 E0.1663
G1 E-1 F2700
G1 X255.00 Y60.00 F7200
G1 E1 F2700
G1 X260.00 Y60.00 E0.6652 F3600
G1 X260.00 Y65.00 E0.6652
G1 X255.00 Y65.00 E0.6652
G1 X255.00 Y60.00 E0.6652
G1 X255.00 Y60.40 F3600
G1 X260.00 Y60.40 E0.1663
G1 X255.00 Y60.80 F3600
G1 X260.00 Y60.80 E0.1663
G1 X255.00 Y61.20 F3600
G1 X260.00 Y61.20 E0.1663
G1 X255.00 Y61.60 F3600
G1 X260.00 Y61.60 E0.1663
G1 X255.00 Y62.00 F3600
G1 X260.00 Y62.00 E0.1663
G1 X255.00 Y62.40 F3600
G1 X260.00 Y62.40 E0.1663
G1 X255.00 Y62.80 F3600
G1 X260.00 Y62.80 E0.1663
G1 X255.00 Y63.20 F3600
G1 X260.00 Y63.20 E0.1663
G1 X255.00 Y63.60 F3600
G1 X260.00 Y63.60 E0.1663
G1 X255.00 Y64.00 F3600
G1 X260.00 Y64.00 E0.1663
G1 X255.00 Y64.40 F3600
G1 X260.00 Y64.40 E0.1663
G1 E-1 F2700
G1 X260.00 Y60.00 F7200
G1 E1 F2700
G1 X265.00 Y60.00 E0.6652 F3600
G1 X265.00 Y65.00 E0.6652
G1 X260.00 Y65.00 E0.6652
G1 X260.00 Y60.00 E0.6652
G1 X260.00 Y60.40 F3600
G1 X265.00 Y60.40 E0.1663
G1 X260.00 Y60.80 F3600
G1 X265.00 Y60.80 E0.1663
G1 X260.00 Y61.20 F3600
G1 X265.00 Y61.20 E0.1663
G1 X260.00 Y61.60 F3600
G1 X265.00 Y61.60 E0.1663
G1 X260.00 Y62.00 F3600
G1 X265.00 Y62.00 E0.1663
G1 X260.00 Y62.40 F3600
G1 X265.00 Y62.40 E0.1663
G1 X260.00 Y62.80 F3600
G1 X265.00 Y62.80 E0.1663
G1 X260.00 Y63.20 F3600
G1 X265.00 Y63.20 E0.1663
G1 X260.00 Y63.60 F3600
G1 X265.00 Y63.60 E0.1663
G1 X260.00 Y64.00 F3600
G1 X265.00 Y64.00 E0.1663
G1 X260.00 Y64.40 F3600
G1 X265.00 Y64.40 E0.1663
G1 E-1 F2700
G1 X230.00 Y55.00 F7200
G1 E1 F2700
G1 X235.00 Y55.00 E0.6652 F3600
G1 X235.00 Y60.00 E0.6652
G1 X230.00 Y60.00 E0.6652
G1 X230.00 Y55.00 E0.6652
G1 X230.00 Y55.40 F3600
G1 X235.00 Y55.40 E0.1663
G1 X230.00 Y55.80 F3600
G1 X235.00 Y55.80 E0.1663
G1 X230.00 Y56.20 F3600
G1 X235.00 Y56.20 E0.1663
G1 X230.00 Y56.60 F3600
G1 X235.00 Y56.60 E0.1663
G1 X230.00 Y57.00 F3600
G1 X235.00 Y57.00 E0.1663
G1 X230.00 Y57.40 F3600
G1 X235.00 Y57.40 E0.1663
G1 X230.00 Y57.80 F3600
G1 X235.00 Y57.80 E0.1663
G1 X230.00 Y58.20 F3600
G1 X235.00 Y58.20 E0.1663
G1 X230.00 Y58.60 F3600
G1 X235.00 Y58.60 E0.1663
G1 X230.00 Y59.00 F3600
G1 X235.00 Y59.00 E0.1663
G1 X230.00 Y59.40 F3600
G1 X235.00 Y59.40 E0.1663
G1 E-1 F2700
G1 X230.00 Y50.00 F7200
G1 E1 F2700
G1 X235.00 Y50.00 E0.6652 F3600
G1 X235.00 Y55.00 E0.6652
G1 X230.00 Y55.00 E0.6652
G1 X230.00 Y50.00 E0.6652
G1 X230.00 Y50.40 F3600
G1 X235.00 Y50.40 E0.1663
G1 X230.00 Y50.80 F3600
G1 X235.00 Y50.80 E0.1663
G1 X230.00 Y51.20 F3600
G1 X235.00 Y51.20 E0.1663
G1 X230.00 Y51.60 F3600
G1 X235.00 Y51.60 E0.1663
G1 X230.00 Y52.00 F3600
G1 X235.00 Y52.00 E0.1663
G1 X230.00 Y52.40 F3600
G1 X235.00 Y52.40 E0.1663
G1 X230.00 Y52.80 F3600
G1 X235.00 Y52.80 E0.1663
G1 X230.00 Y53.20 F3600
G1 X235.00 Y53.20 E0.1663
G1 X230.00 Y53.60 F3600
G1 X235.00 Y53.60 E0.1663
G1 X230.00 Y54.00 F3600
G1 X235.00 Y54.00 E0.1663
G1 X230.00 Y54.40 F3600
G1 X235.00 Y54.40 E0.1663
G1 E-1 F2700
G1 X230.00 Y45.00 F7200
G1 E1 F2700
G1 X235.00 Y45.00 E0.6652 F3600
G1 X235.00 Y50.00 E0.6652
G1 X230.00 Y50.00 E0.6652
G1 X230.00 Y45.00 E0.6652
G1 X230.00 Y45.40 F3600
G1 X235.00 Y45.40 E0.1663
G1 X230.00 Y45.80 F3600
G1 X235.00 Y45.80 E0.1663
G1 X230.00 Y46.20 F3600
G1 X235.00 Y46.20 E0.1663
G1 X230.00 Y46.60 F3600
G1 X235.00 Y46.60 E0.1663
G1 X230.00 Y47.00 F3600
G1 X235.00 Y47.00 E0.1663
G1 X230.00 Y47.40 F3600
G1 X235.00 Y47.40 E0.1663
G1 X230.00 Y47.80 F3600
G1 X235.00 Y47.80 E0.1663
G1 X230.00 Y48.20 F3600
G1 X235.00 Y48.20 E0.1663
G1 X230.00 Y48.60 F3600
G1 X235.00 Y48.60 E0.1663
G1 X230.00 Y49.00 F3600
G1 X235.00 Y49.00 E0.1663
G1 X230.00 Y49.40 F3600
G1 X235.00 Y49.40 E0.1663
G1 E-1 F2700
G1 X235.00 Y45.00 F7200
G1 E1 F2700
G1 X240.00 Y45.00 E0.6652 F3600
G1 X240.00 Y50.00 E0.6652
G1 X235.00 Y50.00 E0.6652
G1 X235.00 Y45.00 E0.6652
G1 X235.00 Y45.40 F3600
G1 X240.00 Y45.40 E0.1663
G1 X235.00 Y45.80 F3600
G1 X240.00 Y45.80 E0.1663
G1 X235.00 Y46.20 F3600
G1 X240.00 Y46.20 E0.1663
G1 X235.00 Y46.60 F3600
G1 X240.00 Y46.60 E0.1663
G1 X235.00 Y47.00 F3600
G1 X240.00 Y47.00 E0.1663
G1 X235.00 Y47.40 F3600
G1 X240.00 Y47.40 E0.1663
G1 X235.00 Y47.80 F3600
G1 X240.00 Y47.80 E0.1663
G1 X235.00 Y48.20 F3600
G1 X240.00 Y48.20 E0.1663
G1 X235.00 Y48.60 F3600
G1 X240.00 Y48.60 E0.1663
G1 X235.00 Y49.00 F3600
G1 X240.00 Y49.00 E0.1663
G1 X235.00 Y49.40 F3600
G1 X240.00 Y49.40 E0.1663
G1 E-1 F2700
G1 X240.00 Y45.00 F7200
G1 E1 F2700
G1 X245.00 Y45.00 E0.6652 F3600
G1 X245.00 Y50.00 E0.6652
G1 X240.00 Y50.00 E0.6652
G1 X240.00 Y45.00 E0.6652
G1 X240.00 Y45.40 F3600
G1 X245.00 Y45.40 E0.1663
G1 X240.00 Y45.80 F3600
G1 X245.00 Y45.80 E0.1663
G1 X240.00 Y46.20 F3600
G1 X245.00 Y46.20 E0.1663
G1 X240.00 Y46.60 F3600
G1 X245.00 Y46.60 E0.1663
G1 X240.00 Y47.00 F3600
G1 X245.00 Y47.00 E0.1663
G1 X240.00 Y47.40 F3600
G1 X245.00 Y47.40 E0.1663
G1 X240.00 Y47.80 F3600
G1 X245.00 Y47.80 E0.1663
G1 X240.00 Y48.20 F3600
G1 X245.00 Y48.20 E0.1663
G1 X240.00 Y48.60 F3600
G1 X245.00 Y48.60 E0.1663
G1 X240.00 Y49.00 F3600
G1 X245.00 Y49.00 E0.1663
G1 X240.00 Y49.40 F3600
G1 X245.00 Y49.40 E0.1663
G1 E-1 F2700
G1 X245.00 Y45.00 F7200
G1 E1 F2700
G1 X250.00 Y45.00 E0.6652 F3600
G1 X250.00 Y50.00 E0.6652
G1 X245.00 Y50.00 E0.6652
G1 X245.00 Y45.00 E0.6652
G1 X245.00 Y45.40 F3600
G1 X250.00 Y45.40 E0.1663
G1 X245.00 Y45.80 F3600
G1 X250.00 Y45.80 E0.1663
G1 X245.00 Y46.20 F3600
G1 X250.00 Y46.20 E0.1663
G1 X245.00 Y46.60 F3600
G1 X250.00 Y46.60 E0.1663
G1 X245.00 Y47.00 F3600
G1 X250.00 Y47.00 E0.1663
G1 X245.00 Y47.40 F3600
G1 X250.00 Y47.40 E0.1663
G1 X245.00 Y47.80 F3600
G1 X250.00 Y47.80 E0.1663
G1 X245.00 Y48.20 F3600
G1 X250.00 Y48.20 E0.1663
G1 X245.00 Y48.60 F3600
G1 X250.00 Y48.60 E0.1663
G1 X245.00 Y49.00 F3600
G1 X250.00 Y49.00 E0.1663
G1 X245.00 Y49.40 F3600
G1 X250.00 Y49.40 E0.1663
G1 E-1 F2700
G1 X250.00 Y45.00 F7200
G1 E1 F2700
G1 X255.00 Y45.00 E0.6652 F3600
G1 X255.00 Y50.00 E0.6652
G1 X250.00 Y50.00 E0.6652
G1 X250.00 Y45.00 E0.6652
G1 X250.00 Y45.40 F3600
G1 X255.00 Y45.40 E0.1663
G1 X250.00 Y45.80 F3600
G1 X255.00 Y45.80 E0.1663
G1 X250.00 Y46.20 F3600
G1 X255.00 Y46.20 E0.1663
G1 X250.00 Y46.60 F3600
G1 X255.00 Y46.60 E0.1663
G1 X250.00 Y47.00 F3600
G1 X255.00 Y47.00 E0.1663
G1 X250.00 Y47.40 F3600
G1 X255.00 Y47.40 E0.1663
G1 X250.00 Y47.80 F3600
G1 X255.00 Y47.80 E0.1663
G1 X250.00 Y48.20 F3600
G1 X255.00 Y48.20 E0.1663
G1 X250.00 Y48.60 F3600
G1 X255.00 Y48.60 E0.1663
G1 X250.00 Y49.00 F3600
G1 X255.00 Y49.00 E0.1663
G1 X250.00 Y49.40 F3600
G1 X255.00 Y49.40 E0.1663
G1 E-1 F2700
G1 X255.00 Y45.00 F7200
G1 E1 F2700
G1 X260.00 Y45.00 E0.6652 F3600
G1 X260.00 Y50.00 E0.6652
G1 X255.00 Y50.00 E0.6652
G1 X255.00 Y45.00 E0.6652
G1 X255.00 Y45.40 F3600
G1 X260.00 Y45.40 E0.1663
G1 X255.00 Y45.80 F3600
G1 X260.00 Y45.80 E0.1663
G1 X255.00 Y46.20 F3600
G1 X260.00 Y46.20 E0.1663
G1 X255.00 Y46.60 F3600
G1 X260.00 Y46.60 E0.1663
G1 X255.00 Y47.00 F3600
G1 X260.00 Y47.00 E0.1663
G1 X255.00 Y47.40 F3600
G1 X260.00 Y47.40 E0.1663
G1 X255.00 Y47.80 F3600
G1 X260.00 Y47.80 E0.1663
G1 X255.00 Y48.20 F3600
G1 X260.00 Y48.20 E0.1663
G1 X255.00 Y48.60 F3600
G1 X260.00 Y48.60 E0.1663
G1 X255.00 Y49.00 F3600
G1 X260.00 Y49.00 E0.1663
G1 X255.00 Y49.40 F3600
G1 X260.00 Y49.40 E0.1663
G1 E-1 F2700
G1 X260.00 Y40.00 F7200
G1 E1 F2700
G1 X265.00 Y40.00 E0.6652 F3600
G1 X265.00 Y45.00 E0.6652
G1 X260.00 Y45.00 E0.6652
G1 X260.00 Y40.00 E0.6652
G1 X260.00 Y40.40 F3600
G1 X265.00 Y40.40 E0.1663
G1 X260.00 Y40.80 F3600
G1 X265.00 Y40.80 E0.1663
G1 X260.00 Y41.20 F3600
G1 X265.00 Y41.20 E0.1663
G1 X260.00 Y41.60 F3600
G1 X265.00 Y41.60 E0.1663
G1 X260.00 Y42.00 F3600
G1 X265.00 Y42.00 E0.1663
G1 X260.00 Y42.40 F3600
G1 X265.00 Y42.40 E0.1663
G1 X260.00 Y42.80 F3600
G1 X265.00 Y42.80 E0.1663
G1 X260.00 Y43.20 F3600
G1 X265.00 Y43.20 E0.1663
G1 X260.00 Y43.60 F3600
G1 X265.00 Y43.60 E0.1663
G1 X260.00 Y44.00 F3600
G1 X265.00 Y44.00 E0.1663
G1 X260.00 Y44.40 F3600
G1 X265.00 Y44.40 E0.1663
G1 E-1 F2700
G1 X230.00 Y35.00 F7200
G1 E1 F2700
G1 X235.00 Y35.00 E0.6652 F3600
G1 X235.00 Y40.00 E0.6652
G1 X230.00 Y40.00 E0.6652
G1 X230.00 Y35.00 E0.6652
G1 X230.00 Y35.40 F3600
G1 X235.00 Y35.40 E0.1663
G1 X230.00 Y35.80 F3600
G1 X235.00 Y35.80 E0.1663
G1 X230.00 Y36.20 F3600
G1 X235.00 Y36.20 E0.1663
G1 X230.00 Y36.60 F3600
G1 X235.00 Y36.60 E0.1663
G1 X230.00 Y37.00 F3600
G1 X235.00 Y37.00 E0.1663
G1 X230.00 Y37.40 F3600
G1 X235.00 Y37.40 E0.1663
G1 X230.00 Y37.80 F3600
G1 X235.00 Y37.80 E0.1663
G1 X230.00 Y38.20 F3600
G1 X235.00 Y38.20 E0.1663
G1 X230.00 Y38.60 F3600
G1 X235.00 Y38.60 E0.1663
G1 X230.00 Y39.00 F3600
G1 X235.00 Y39.00 E0.1663
G1 X230.00 Y39.40 F3600
G1 X235.00 Y39.40 E0.1663
G1 E-1 F2700
G1 X260.00 Y35.00 F7200
G1 E1 F2700
G1 X265.00 Y35.00 E0.6652 F3600
G1 X265.00 Y40.00 E0.6652
G1 X260.00 Y40.00 E0.6652
G1 X260.00 Y35.00 E0.6652
G1 X260.00 Y35.40 F3600
G1 X265.00 Y35.40 E0.1663
G1 X260.00 Y35.80 F3600
G1 X265.00 Y35.80 E0.1663
G1 X260.00 Y36.20 F3600
G1 X265.00 Y36.20 E0.1663
G1 X260.00 Y36.60 F3600
G1 X265.00 Y36.60 E0.1663
G1 X260.00 Y37.00 F3600
G1 X265.00 Y37.00 E0.1663
G1 X260.00 Y37.40 F3600
G1 X265.00 Y37.40 E0.1663
G1 X260.00 Y37.80 F3600
G1 X265.00 Y37.80 E0.1663
G1 X260.00 Y38.20 F3600
G1 X265.00 Y38.20 E0.1663
G1 X260.00 Y38.60 F3600
G1 X265.00 Y38.60 E0.1663
G1 X260.00 Y39.00 F3600
G1 X265.00 Y39.00 E0.1663
G1 X260.00 Y39.40 F3600
G1 X265.00 Y39.40 E0.1663
G1 E-1 F2700
G1 X235.00 Y30.00 F7200
G1 E1 F2700
G1 X240.00 Y30.00 E0.6652 F3600
G1 X240.00 Y35.00 E0.6652
G1 X235.00 Y35.00 E0.6652
G1 X235.00 Y30.00 E0.6652
G1 X235.00 Y30.40 F3600
G1 X240.00 Y30.40 E0.1663
G1 X235.00 Y30.80 F3600
G1 X240.00 Y30.80 E0.1663
G1 X235.00 Y31.20 F3600
G1 X240.00 Y31.20 E0.1663
G1 X235.00 Y31.60 F3600
G1 X240.00 Y31.60 E0.1663
G1 X235.00 Y32.00 F3600
G1 X240.00 Y32.00 E0.1663
G1 X235.00 Y32.40 F3600
G1 X240.00 Y32.40 E0.1663
G1 X235.00 Y32.80 F3600
G1 X240.00 Y32.80 E0.1663
G1 X235.00 Y33.20 F3600
G1 X240.00 Y33.20 E0.1663
G1 X235.00 Y33.60 F3600
G1 X240.00 Y33.60 E0.1663
G1 X235.00 Y34.00 F3600
G1 X240.00 Y34.00 E0.1663
G1 X235.00 Y34.40 F3600
G1 X240.00 Y34.40 E0.1663
G1 E-1 F2700
G1 X240.00 Y30.00 F7200
G1 E1 F2700
G1 X245.00 Y30.00 E0.6652 F3600
G1 X245.00 Y35.00 E0.6652
G1 X240.00 Y35.00 E0.6652
G1 X240.00 Y30.00 E0.6652
G1 X240.00 Y30.40 F3600
G1 X245.00 Y30.40 E0.1663
G1 X240.00 Y30.80 F3600
G1 X245.00 Y30.80 E0.1663
G1 X240.00 Y31.20 F3600
G1 X245.00 Y31.20 E0.1663
G1 X240.00 Y31.60 F3600
G1 X245.00 Y31.60 E0.1663
G1 X240.00 Y32.00 F3600
G1 X245.00 Y32.00 E0.1663
G1 X240.00 Y32.40 F3600
G1 X245.00 Y32.40 E0.1663
G1 X240.00 Y32.80 F3600
G1 X245.00 Y32.80 E0.1663
G1 X240.00 Y33.20 F3600
G1 X245.00 Y33.20 E0.1663
G1 X240.00 Y33.60 F3600
G1 X245.00 Y33.60 E0.1663
G1 X240.00 Y34.00 F3600
G1 X245.00 Y34.00 E0.1663
G1 X240.00 Y34.40 F3600
G1 X245.00 Y34.40 E0.1663
G1 E-1 F2700
G1 X245.00 Y30.00 F7200
G1 E1 F2700
G1 X250.00 Y30.00 E0.6652 F3600
G1 X250.00 Y35.00 E0.6652
G1 X245.00 Y35.00 E0.6652
G1 X245.00 Y30.00 E0.6652
G1 X245.00 Y30.40 F3600
G1 X250.00 Y30.40 E0.1663
G1 X245.00 Y30.80 F3600
G1 X250.00 Y30.80 E0.1663
G1 X245.00 Y31.20 F3600
G1 X250.00 Y31.20 E0.1663
G1 X245.00 Y31.60 F3600
G1 X250.00 Y31.60 E0.1663
G1 X245.00 Y32.00 F3600
G1 X250.00 Y32.00 E0.1663
G1 X245.00 Y32.40 F3600
G1 X250.00 Y32.40 E0.1663
G1 X245.00 Y32.80 F3600
G1 X250.00 Y32.80 E0.1663
G1 X245.00 Y33.20 F3600
G1 X250.00 Y33.20 E0.1663
G1 X245.00 Y33.60 F3600
G1 X250.00 Y33.60 E0.1663
G1 X245.00 Y34.00 F3600
G1 X250.00 Y34.00 E0.1663
G1 X245.00 Y34.40 F3600
G1 X250.00 Y34.40 E0.1663
G1 E-1 F2700
G1 X250.00 Y30.00 F7200
G1 E1 F2700
G1 X255.00 Y30.00 E0.6652 F3600
G1 X255.00 Y35.00 E0.6652
G1 X250.00 Y35.00 E0.6652
G1 X250.00 Y30.00 E0.6652
G1 X250.00 Y30.40 F3600
G1 X255.00 Y30.40 E0.1663
G1 X250.00 Y30.80 F3600
G1 X255.00 Y30.80 E0.1663
G1 X250.00 Y31.20 F3600
G1 X255.00 Y31.20 E0.1663
G1 X250.00 Y31.60 F3600
G1 X255.00 Y31.60 E0.1663
G1 X250.00 Y32.00 F3600
G1 X255.00 Y32.00 E0.1663
G1 X250.00 Y32.40 F3600
G1 X255.00 Y32.40 E0.1663
G1 X250.00 Y32.80 F3600
G1 X255.00 Y32.80 E0.1663
G1 X250.00 Y33.20 F3600
G1 X255.00 Y33.20 E0.1663
G1 X250.00 Y33.60 F3600
G1 X255.00 Y33.60 E0.1663
G1 X250.00 Y34.00 F3600
G1 X255.00 Y34.00 E0.1663
G1 X250.00 Y34.40 F3600
G1 X255.00 Y34.40 E0.1663
G1 E-1 F2700
G1 X255.00 Y30.00 F7200
G1 E1 F2700
G1 X260.00 Y30.00 E0.6652 F3600
G1 X260.00 Y35.00 E0.6652
G1 X255.00 Y35.00 E0.6652
G1 X255.00 Y30.00 E0.6652
G1 X255.00 Y30.40 F3600
G1 X260.00 Y30.40 E0.1663
G1 X255.00 Y30.80 F3600
G1 X260.00 Y30.80 E0.1663
G1 X255.00 Y31.20 F3600
G1 X260.00 Y31.20 E0.1663
G1 X255.00 Y31.60 F3600
G1 X260.00 Y31.60 E0.1663
G1 X255.00 Y32.00 F3600
G1 X260.00 Y32.00 E0.1663
G1 X255.00 Y32.40 F3600
G1 X260.00 Y32.40 E0.1663
G1 X255.00 Y32.80 F3600
G1 X260.00 Y32.80 E0.1663
G1 X255.00 Y33.20 F3600
G1 X260.00 Y33.20 E0.1663
G1 X255.00 Y33.60 F3600
G1 X260.00 Y33.60 E0.1663
G1 X255.00 Y34.00 F3600
G1 X260.00 Y34.00 E0.1663
G1 X255.00 Y34.40 F3600
G1 X260.00 Y34.40 E0.1663
G1 E-1 F2700
G1 Z1.90 F7200

; ============ 第 5 層 ============
G1 Z1.10 F7200
G1 X35.00 Y60.00 F7200
G1 E1 F2700
G1 X40.00 Y60.00 E0.6652 F3600
G1 X40.00 Y65.00 E0.6652
G1 X35.00 Y65.00 E0.6652
G1 X35.00 Y60.00 E0.6652
G1 X35.00 Y60.40 F3600
G1 X40.00 Y60.40 E0.1663
G1 X35.00 Y60.80 F3600
G1 X40.00 Y60.80 E0.1663
G1 X35.00 Y61.20 F3600
G1 X40.00 Y61.20 E0.1663
G1 X35.00 Y61.60 F3600
G1 X40.00 Y61.60 E0.1663
G1 X35.00 Y62.00 F3600
G1 X40.00 Y62.00 E0.1663
G1 X35.00 Y62.40 F3600
G1 X40.00 Y62.40 E0.1663
G1 X35.00 Y62.80 F3600
G1 X40.00 Y62.80 E0.1663
G1 X35.00 Y63.20 F3600
G1 X40.00 Y63.20 E0.1663
G1 X35.00 Y63.60 F3600
G1 X40.00 Y63.60 E0.1663
G1 X35.00 Y64.00 F3600
G1 X40.00 Y64.00 E0.1663
G1 X35.00 Y64.40 F3600
G1 X40.00 Y64.40 E0.1663
G1 E-1 F2700
G1 X40.00 Y60.00 F7200
G1 E1 F2700
G1 X45.00 Y60.00 E0.6652 F3600
G1 X45.00 Y65.00 E0.6652
G1 X40.00 Y65.00 E0.6652
G1 X40.00 Y60.00 E0.6652
G1 X40.00 Y60.40 F3600
G1 X45.00 Y60.40 E0.1663
G1 X40.00 Y60.80 F3600
G1 X45.00 Y60.80 E0.1663
G1 X40.00 Y61.20 F3600
G1 X45.00 Y61.20 E0.1663
G1 X40.00 Y61.60 F3600
G1 X45.00 Y61.60 E0.1663
G1 X40.00 Y62.00 F3600
G1 X45.00 Y62.00 E0.1663
G1 X40.00 Y62.40 F3600
G1 X45.00 Y62.40 E0.1663
G1 X40.00 Y62.80 F3600
G1 X45.00 Y62.80 E0.1663
G1 X40.00 Y63.20 F3600
G1 X45.00 Y63.20 E0.1663
G1 X40.00 Y63.60 F3600
G1 X45.00 Y63.60 E0.1663
G1 X40.00 Y64.00 F3600
G1 X45.00 Y64.00 E0.1663
G1 X40.00 Y64.40 F3600
G1 X45.00 Y64.40 E0.1663
G1 E-1 F2700
G1 X45.00 Y60.00 F7200
G1 E1 F2700
G1 X50.00 Y60.00 E0.6652 F3600
G1 X50.00 Y65.00 E0.6652
G1 X45.00 Y65.00 E0.6652
G1 X45.00 Y60.00 E0.6652
G1 X45.00 Y60.40 F3600
G1 X50.00 Y60.40 E0.1663
G1 X45.00 Y60.80 F3600
G1 X50.00 Y60.80 E0.1663
G1 X45.00 Y61.20 F3600
G1 X50.00 Y61.20 E0.1663
G1 X45.00 Y61.60 F3600
G1 X50.00 Y61.60 E0.1663
G1 X45.00 Y62.00 F3600
G1 X50.00 Y62.00 E0.1663
G1 X45.00 Y62.40 F3600
G1 X50.00 Y62.40 E0.1663
G1 X45.00 Y62.80 F3600
G1 X50.00 Y62.80 E0.1663
G1 X45.00 Y63.20 F3600
G1 X50.00 Y63.20 E0.1663
G1 X45.00 Y63.60 F3600
G1 X50.00 Y63.60 E0.1663
G1 X45.00 Y64.00 F3600
G1 X50.00 Y64.00 E0.1663
G1 X45.00 Y64.40 F3600
G1 X50.00 Y64.40 E0.1663
G1 E-1 F2700
G1 X50.00 Y60.00 F7200
G1 E1 F2700
G1 X55.00 Y60.00 E0.6652 F3600
G1 X55.00 Y65.00 E0.6652
G1 X50.00 Y65.00 E0.6652
G1 X50.00 Y60.00 E0.6652
G1 X50.00 Y60.40 F3600
G1 X55.00 Y60.40 E0.1663
G1 X50.00 Y60.80 F3600
G1 X55.00 Y60.80 E0.1663
G1 X50.00 Y61.20 F3600
G1 X55.00 Y61.20 E0.1663
G1 X50.00 Y61.60 F3600
G1 X55.00 Y61.60 E0.1663
G1 X50.00 Y62.00 F3600
G1 X55.00 Y62.00 E0.1663
G1 X50.00 Y62.40 F3600
G1 X55.00 Y62.40 E0.1663
G1 X50.00 Y62.80 F3600
G1 X55.00 Y62.80 E0.1663
G1 X50.00 Y63.20 F3600
G1 X55.00 Y63.20 E0.1663
G1 X50.00 Y63.60 F3600
G1 X55.00 Y63.60 E0.1663
G1 X50.00 Y64.00 F3600
G1 X55.00 Y64.00 E0.1663
G1 X50.00 Y64.40 F3600
G1 X55.00 Y64.40 E0.1663
G1 E-1 F2700
G1 X55.00 Y60.00 F7200
G1 E1 F2700
G1 X60.00 Y60.00 E0.6652 F3600
G1 X60.00 Y65.00 E0.6652
G1 X55.00 Y65.00 E0.6652
G1 X55.00 Y60.00 E0.6652
G1 X55.00 Y60.40 F3600
G1 X60.00 Y60.40 E0.1663
G1 X55.00 Y60.80 F3600
G1 X60.00 Y60.80 E0.1663
G1 X55.00 Y61.20 F3600
G1 X60.00 Y61.20 E0.1663
G1 X55.00 Y61.60 F3600
G1 X60.00 Y61.60 E0.1663
G1 X55.00 Y62.00 F3600
G1 X60.00 Y62.00 E0.1663
G1 X55.00 Y62.40 F3600
G1 X60.00 Y62.40 E0.1663
G1 X55.00 Y62.80 F3600
G1 X60.00 Y62.80 E0.1663
G1 X55.00 Y63.20 F3600
G1 X60.00 Y63.20 E0.1663
G1 X55.00 Y63.60 F3600
G1 X60.00 Y63.60 E0.1663
G1 X55.00 Y64.00 F3600
G1 X60.00 Y64.00 E0.1663
G1 X55.00 Y64.40 F3600
G1 X60.00 Y64.40 E0.1663
G1 E-1 F2700
G1 X30.00 Y55.00 F7200
G1 E1 F2700
G1 X35.00 Y55.00 E0.6652 F3600
G1 X35.00 Y60.00 E0.6652
G1 X30.00 Y60.00 E0.6652
G1 X30.00 Y55.00 E0.6652
G1 X30.00 Y55.40 F3600
G1 X35.00 Y55.40 E0.1663
G1 X30.00 Y55.80 F3600
G1 X35.00 Y55.80 E0.1663
G1 X30.00 Y56.20 F3600
G1 X35.00 Y56.20 E0.1663
G1 X30.00 Y56.60 F3600
G1 X35.00 Y56.60 E0.1663
G1 X30.00 Y57.00 F3600
G1 X35.00 Y57.00 E0.1663
G1 X30.00 Y57.40 F3600
G1 X35.00 Y57.40 E0.1663
G1 X30.00 Y57.80 F3600
G1 X35.00 Y57.80 E0.1663
G1 X30.00 Y58.20 F3600
G1 X35.00 Y58.20 E0.1663
G1 X30.00 Y58.60 F3600
G1 X35.00 Y58.60 E0.1663
G1 X30.00 Y59.00 F3600
G1 X35.00 Y59.00 E0.1663
G1 X30.00 Y59.40 F3600
G1 X35.00 Y59.40 E0.1663
G1 E-1 F2700
G1 X60.00 Y55.00 F7200
G1 E1 F2700
G1 X65.00 Y55.00 E0.6652 F3600
G1 X65.00 Y60.00 E0.6652
G1 X60.00 Y60.00 E0.6652
G1 X60.00 Y55.00 E0.6652
G1 X60.00 Y55.40 F3600
G1 X65.00 Y55.40 E0.1663
G1 X60.00 Y55.80 F3600
G1 X65.00 Y55.80 E0.1663
G1 X60.00 Y56.20 F3600
G1 X65.00 Y56.20 E0.1663
G1 X60.00 Y56.60 F3600
G1 X65.00 Y56.60 E0.1663
G1 X60.00 Y57.00 F3600
G1 X65.00 Y57.00 E0.1663
G1 X60.00 Y57.40 F3600
G1 X65.00 Y57.40 E0.1663
G1 X60.00 Y57.80 F3600
G1 X65.00 Y57.80 E0.1663
G1 X60.00 Y58.20 F3600
G1 X65.00 Y58.20 E0.1663
G1 X60.00 Y58.60 F3600
G1 X65.00 Y58.60 E0.1663
G1 X60.00 Y59.00 F3600
G1 X65.00 Y59.00 E0.1663
G1 X60.00 Y59.40 F3600
G1 X65.00 Y59.40 E0.1663
G1 E-1 F2700
G1 X30.00 Y50.00 F7200
G1 E1 F2700
G1 X35.00 Y50.00 E0.6652 F3600
G1 X35.00 Y55.00 E0.6652
G1 X30.00 Y55.00 E0.6652
G1 X30.00 Y50.00 E0.6652
G1 X30.00 Y50.40 F3600
G1 X35.00 Y50.40 E0.1663
G1 X30.00 Y50.80 F3600
G1 X35.00 Y50.80 E0.1663
G1 X30.00 Y51.20 F3600
G1 X35.00 Y51.20 E0.1663
G1 X30.00 Y51.60 F3600
G1 X35.00 Y51.60 E0.1663
G1 X30.00 Y52.00 F3600
G1 X35.00 Y52.00 E0.1663
G1 X30.00 Y52.40 F3600
G1 X35.00 Y52.40 E0.1663
G1 X30.00 Y52.80 F3600
G1 X35.00 Y52.80 E0.1663
G1 X30.00 Y53.20 F3600
G1 X35.00 Y53.20 E0.1663
G1 X30.00 Y53.60 F3600
G1 X35.00 Y53.60 E0.1663
G1 X30.00 Y54.00 F3600
G1 X35.00 Y54.00 E0.1663
G1 X30.00 Y54.40 F3600
G1 X35.00 Y54.40 E0.1663
G1 E-1 F2700
G1 X30.00 Y45.00 F7200
G1 E1 F2700
G1 X35.00 Y45.00 E0.6652 F3600
G1 X35.00 Y50.00 E0.6652
G1 X30.00 Y50.00 E0.6652
G1 X30.00 Y45.00 E0.6652
G1 X30.00 Y45.40 F3600
G1 X35.00 Y45.40 E0.1663
G1 X30.00 Y45.80 F3600
G1 X35.00 Y45.80 E0.1663
G1 X30.00 Y46.20 F3600
G1 X35.00 Y46.20 E0.1663
G1 X30.00 Y46.60 F3600
G1 X35.00 Y46.60 E0.1663
G1 X30.00 Y47.00 F3600
G1 X35.00 Y47.00 E0.1663
G1 X30.00 Y47.40 F3600
G1 X35.00 Y47.40 E0.1663
G1 X30.00 Y47.80 F3600
G1 X35.00 Y47.80 E0.1663
G1 X30.00 Y48.20 F3600
G1 X35.00 Y48.20 E0.1663
G1 X30.00 Y48.60 F3600
G1 X35.00 Y48.60 E0.1663
G1 X30.00 Y49.00 F3600
G1 X35.00 Y49.00 E0.1663
G1 X30.00 Y49.40 F3600
G1 X35.00 Y49.40 E0.1663
G1 E-1 F2700
G1 X30.00 Y40.00 F7200
G1 E1 F2700
G1 X35.00 Y40.00 E0.6652 F3600
G1 X35.00 Y45.00 E0.6652
G1 X30.00 Y45.00 E0.6652
G1 X30.00 Y40.00 E0.6652
G1 X30.00 Y40.40 F3600
G1 X35.00 Y40.40 E0.1663
G1 X30.00 Y40.80 F3600
G1 X35.00 Y40.80 E0.1663
G1 X30.00 Y41.20 F3600
G1 X35.00 Y41.20 E0.1663
G1 X30.00 Y41.60 F3600
G1 X35.00 Y41.60 E0.1663
G1 X30.00 Y42.00 F3600
G1 X35.00 Y42.00 E0.1663
G1 X30.00 Y42.40 F3600
G1 X35.00 Y42.40 E0.1663
G1 X30.00 Y42.80 F3600
G1 X35.00 Y42.80 E0.1663
G1 X30.00 Y43.20 F3600
G1 X35.00 Y43.20 E0.1663
G1 X30.00 Y43.60 F3600
G1 X35.00 Y43.60 E0.1663
G1 X30.00 Y44.00 F3600
G1 X35.00 Y44.00 E0.1663
G1 X30.00 Y44.40 F3600
G1 X35.00 Y44.40 E0.1663
G1 E-1 F2700
G1 X30.00 Y35.00 F7200
G1 E1 F2700
G1 X35.00 Y35.00 E0.6652 F3600
G1 X35.00 Y40.00 E0.6652
G1 X30.00 Y40.00 E0.6652
G1 X30.00 Y35.00 E0.6652
G1 X30.00 Y35.40 F3600
G1 X35.00 Y35.40 E0.1663
G1 X30.00 Y35.80 F3600
G1 X35.00 Y35.80 E0.1663
G1 X30.00 Y36.20 F3600
G1 X35.00 Y36.20 E0.1663
G1 X30.00 Y36.60 F3600
G1 X35.00 Y36.60 E0.1663
G1 X30.00 Y37.00 F3600
G1 X35.00 Y37.00 E0.1663
G1 X30.00 Y37.40 F3600
G1 X35.00 Y37.40 E0.1663
G1 X30.00 Y37.80 F3600
G1 X35.00 Y37.80 E0.1663
G1 X30.00 Y38.20 F3600
G1 X35.00 Y38.20 E0.1663
G1 X30.00 Y38.60 F3600
G1 X35.00 Y38.60 E0.1663
G1 X30.00 Y39.00 F3600
G1 X35.00 Y39.00 E0.1663
G1 X30.00 Y39.40 F3600
G1 X35.00 Y39.40 E0.1663
G1 E-1 F2700
G1 X60.00 Y35.00 F7200
G1 E1 F2700
G1 X65.00 Y35.00 E0.6652 F3600
G1 X65.00 Y40.00 E0.6652
G1 X60.00 Y40.00 E0.6652
G1 X60.00 Y35.00 E0.6652
G1 X60.00 Y35.40 F3600
G1 X65.00 Y35.40 E0.1663
G1 X60.00 Y35.80 F3600
G1 X65.00 Y35.80 E0.1663
G1 X60.00 Y36.20 F3600
G1 X65.00 Y36.20 E0.1663
G1 X60.00 Y36.60 F3600
G1 X65.00 Y36.60 E0.1663
G1 X60.00 Y37.00 F3600
G1 X65.00 Y37.00 E0.1663
G1 X60.00 Y37.40 F3600
G1 X65.00 Y37.40 E0.1663
G1 X60.00 Y37.80 F3600
G1 X65.00 Y37.80 E0.1663
G1 X60.00 Y38.20 F3600
G1 X65.00 Y38.20 E0.1663
G1 X60.00 Y38.60 F3600
G1 X65.00 Y38.60 E0.1663
G1 X60.00 Y39.00 F3600
G1 X65.00 Y39.00 E0.1663
G1 X60.00 Y39.40 F3600
G1 X65.00 Y39.40 E0.1663
G1 E-1 F2700
G1 X35.00 Y30.00 F7200
G1 E1 F2700
G1 X40.00 Y30.00 E0.6652 F3600
G1 X40.00 Y35.00 E0.6652
G1 X35.00 Y35.00 E0.6652
G1 X35.00 Y30.00 E0.6652
G1 X35.00 Y30.40 F3600
G1 X40.00 Y30.40 E0.1663
G1 X35.00 Y30.80 F3600
G1 X40.00 Y30.80 E0.1663
G1 X35.00 Y31.20 F3600
G1 X40.00 Y31.20 E0.1663
G1 X35.00 Y31.60 F3600
G1 X40.00 Y31.60 E0.1663
G1 X35.00 Y32.00 F3600
G1 X40.00 Y32.00 E0.1663
G1 X35.00 Y32.40 F3600
G1 X40.00 Y32.40 E0.1663
G1 X35.00 Y32.80 F3600
G1 X40.00 Y32.80 E0.1663
G1 X35.00 Y33.20 F3600
G1 X40.00 Y33.20 E0.1663
G1 X35.00 Y33.60 F3600
G1 X40.00 Y33.60 E0.1663
G1 X35.00 Y34.00 F3600
G1 X40.00 Y34.00 E0.1663
G1 X35.00 Y34.40 F3600
G1 X40.00 Y34.40 E0.1663
G1 E-1 F2700
G1 X40.00 Y30.00 F7200
G1 E1 F2700
G1 X45.00 Y30.00 E0.6652 F3600
G1 X45.00 Y35.00 E0.6652
G1 X40.00 Y35.00 E0.6652
G1 X40.00 Y30.00 E0.6652
G1 X40.00 Y30.40 F3600
G1 X45.00 Y30.40 E0.1663
G1 X40.00 Y30.80 F3600
G1 X45.00 Y30.80 E0.1663
G1 X40.00 Y31.20 F3600
G1 X45.00 Y31.20 E0.1663
G1 X40.00 Y31.60 F3600
G1 X45.00 Y31.60 E0.1663
G1 X40.00 Y32.00 F3600
G1 X45.00 Y32.00 E0.1663
G1 X40.00 Y32.40 F3600
G1 X45.00 Y32.40 E0.1663
G1 X40.00 Y32.80 F3600
G1 X45.00 Y32.80 E0.1663
G1 X40.00 Y33.20 F3600
G1 X45.00 Y33.20 E0.1663
G1 X40.00 Y33.60 F3600
G1 X45.00 Y33.60 E0.1663
G1 X40.00 Y34.00 F3600
G1 X45.00 Y34.00 E0.1663
G1 X40.00 Y34.40 F3600
G1 X45.00 Y34.40 E0.1663
G1 E-1 F2700
G1 X45.00 Y30.00 F7200
G1 E1 F2700
G1 X50.00 Y30.00 E0.6652 F3600
G1 X50.00 Y35.00 E0.6652
G1 X45.00 Y35.00 E0.6652
G1 X45.00 Y30.00 E0.6652
G1 X45.00 Y30.40 F3600
G1 X50.00 Y30.40 E0.1663
G1 X45.00 Y30.80 F3600
G1 X50.00 Y30.80 E0.1663
G1 X45.00 Y31.20 F3600
G1 X50.00 Y31.20 E0.1663
G1 X45.00 Y31.60 F3600
G1 X50.00 Y31.60 E0.1663
G1 X45.00 Y32.00 F3600
G1 X50.00 Y32.00 E0.1663
G1 X45.00 Y32.40 F3600
G1 X50.00 Y32.40 E0.1663
G1 X45.00 Y32.80 F3600
G1 X50.00 Y32.80 E0.1663
G1 X45.00 Y33.20 F3600
G1 X50.00 Y33.20 E0.1663
G1 X45.00 Y33.60 F3600
G1 X50.00 Y33.60 E0.1663
G1 X45.00 Y34.00 F3600
G1 X50.00 Y34.00 E0.1663
G1 X45.00 Y34.40 F3600
G1 X50.00 Y34.40 E0.1663
G1 E-1 F2700
G1 X50.00 Y30.00 F7200
G1 E1 F2700
G1 X55.00 Y30.00 E0.6652 F3600
G1 X55.00 Y35.00 E0.6652
G1 X50.00 Y35.00 E0.6652
G1 X50.00 Y30.00 E0.6652
G1 X50.00 Y30.40 F3600
G1 X55.00 Y30.40 E0.1663
G1 X50.00 Y30.80 F3600
G1 X55.00 Y30.80 E0.1663
G1 X50.00 Y31.20 F3600
G1 X55.00 Y31.20 E0.1663
G1 X50.00 Y31.60 F3600
G1 X55.00 Y31.60 E0.1663
G1 X50.00 Y32.00 F3600
G1 X55.00 Y32.00 E0.1663
G1 X50.00 Y32.40 F3600
G1 X55.00 Y32.40 E0.1663
G1 X50.00 Y32.80 F3600
G1 X55.00 Y32.80 E0.1663
G1 X50.00 Y33.20 F3600
G1 X55.00 Y33.20 E0.1663
G1 X50.00 Y33.60 F3600
G1 X55.00 Y33.60 E0.1663
G1 X50.00 Y34.00 F3600
G1 X55.00 Y34.00 E0.1663
G1 X50.00 Y34.40 F3600
G1 X55.00 Y34.40 E0.1663
G1 E-1 F2700
G1 X55.00 Y30.00 F7200
G1 E1 F2700
G1 X60.00 Y30.00 E0.6652 F3600
G1 X60.00 Y35.00 E0.6652
G1 X55.00 Y35.00 E0.6652
G1 X55.00 Y30.00 E0.6652
G1 X55.00 Y30.40 F3600
G1 X60.00 Y30.40 E0.1663
G1 X55.00 Y30.80 F3600
G1 X60.00 Y30.80 E0.1663
G1 X55.00 Y31.20 F3600
G1 X60.00 Y31.20 E0.1663
G1 X55.00 Y31.60 F3600
G1 X60.00 Y31.60 E0.1663
G1 X55.00 Y32.00 F3600
G1 X60.00 Y32.00 E0.1663
G1 X55.00 Y32.40 F3600
G1 X60.00 Y32.40 E0.1663
G1 X55.00 Y32.80 F3600
G1 X60.00 Y32.80 E0.1663
G1 X55.00 Y33.20 F3600
G1 X60.00 Y33.20 E0.1663
G1 X55.00 Y33.60 F3600
G1 X60.00 Y33.60 E0.1663
G1 X55.00 Y34.00 F3600
G1 X60.00 Y34.00 E0.1663
G1 X55.00 Y34.40 F3600
G1 X60.00 Y34.40 E0.1663
G1 E-1 F2700
G1 X70.00 Y60.00 F7200
G1 E1 F2700
G1 X75.00 Y60.00 E0.6652 F3600
G1 X75.00 Y65.00 E0.6652
G1 X70.00 Y65.00 E0.6652
G1 X70.00 Y60.00 E0.6652
G1 X70.00 Y60.40 F3600
G1 X75.00 Y60.40 E0.1663
G1 X70.00 Y60.80 F3600
G1 X75.00 Y60.80 E0.1663
G1 X70.00 Y61.20 F3600
G1 X75.00 Y61.20 E0.1663
G1 X70.00 Y61.60 F3600
G1 X75.00 Y61.60 E0.1663
G1 X70.00 Y62.00 F3600
G1 X75.00 Y62.00 E0.1663
G1 X70.00 Y62.40 F3600
G1 X75.00 Y62.40 E0.1663
G1 X70.00 Y62.80 F3600
G1 X75.00 Y62.80 E0.1663
G1 X70.00 Y63.20 F3600
G1 X75.00 Y63.20 E0.1663
G1 X70.00 Y63.60 F3600
G1 X75.00 Y63.60 E0.1663
G1 X70.00 Y64.00 F3600
G1 X75.00 Y64.00 E0.1663
G1 X70.00 Y64.40 F3600
G1 X75.00 Y64.40 E0.1663
G1 E-1 F2700
G1 X75.00 Y60.00 F7200
G1 E1 F2700
G1 X80.00 Y60.00 E0.6652 F3600
G1 X80.00 Y65.00 E0.6652
G1 X75.00 Y65.00 E0.6652
G1 X75.00 Y60.00 E0.6652
G1 X75.00 Y60.40 F3600
G1 X80.00 Y60.40 E0.1663
G1 X75.00 Y60.80 F3600
G1 X80.00 Y60.80 E0.1663
G1 X75.00 Y61.20 F3600
G1 X80.00 Y61.20 E0.1663
G1 X75.00 Y61.60 F3600
G1 X80.00 Y61.60 E0.1663
G1 X75.00 Y62.00 F3600
G1 X80.00 Y62.00 E0.1663
G1 X75.00 Y62.40 F3600
G1 X80.00 Y62.40 E0.1663
G1 X75.00 Y62.80 F3600
G1 X80.00 Y62.80 E0.1663
G1 X75.00 Y63.20 F3600
G1 X80.00 Y63.20 E0.1663
G1 X75.00 Y63.60 F3600
G1 X80.00 Y63.60 E0.1663
G1 X75.00 Y64.00 F3600
G1 X80.00 Y64.00 E0.1663
G1 X75.00 Y64.40 F3600
G1 X80.00 Y64.40 E0.1663
G1 E-1 F2700
G1 X80.00 Y60.00 F7200
G1 E1 F2700
G1 X85.00 Y60.00 E0.6652 F3600
G1 X85.00 Y65.00 E0.6652
G1 X80.00 Y65.00 E0.6652
G1 X80.00 Y60.00 E0.6652
G1 X80.00 Y60.40 F3600
G1 X85.00 Y60.40 E0.1663
G1 X80.00 Y60.80 F3600
G1 X85.00 Y60.80 E0.1663
G1 X80.00 Y61.20 F3600
G1 X85.00 Y61.20 E0.1663
G1 X80.00 Y61.60 F3600
G1 X85.00 Y61.60 E0.1663
G1 X80.00 Y62.00 F3600
G1 X85.00 Y62.00 E0.1663
G1 X80.00 Y62.40 F3600
G1 X85.00 Y62.40 E0.1663
G1 X80.00 Y62.80 F3600
G1 X85.00 Y62.80 E0.1663
G1 X80.00 Y63.20 F3600
G1 X85.00 Y63.20 E0.1663
G1 X80.00 Y63.60 F3600
G1 X85.00 Y63.60 E0.1663
G1 X80.00 Y64.00 F3600
G1 X85.00 Y64.00 E0.1663
G1 X80.00 Y64.40 F3600
G1 X85.00 Y64.40 E0.1663
G1 E-1 F2700
G1 X85.00 Y60.00 F7200
G1 E1 F2700
G1 X90.00 Y60.00 E0.6652 F3600
G1 X90.00 Y65.00 E0.6652
G1 X85.00 Y65.00 E0.6652
G1 X85.00 Y60.00 E0.6652
G1 X85.00 Y60.40 F3600
G1 X90.00 Y60.40 E0.1663
G1 X85.00 Y60.80 F3600
G1 X90.00 Y60.80 E0.1663
G1 X85.00 Y61.20 F3600
G1 X90.00 Y61.20 E0.1663
G1 X85.00 Y61.60 F3600
G1 X90.00 Y61.60 E0.1663
G1 X85.00 Y62.00 F3600
G1 X90.00 Y62.00 E0.1663
G1 X85.00 Y62.40 F3600
G1 X90.00 Y62.40 E0.1663
G1 X85.00 Y62.80 F3600
G1 X90.00 Y62.80 E0.1663
G1 X85.00 Y63.20 F3600
G1 X90.00 Y63.20 E0.1663
G1 X85.00 Y63.60 F3600
G1 X90.00 Y63.60 E0.1663
G1 X85.00 Y64.00 F3600
G1 X90.00 Y64.00 E0.1663
G1 X85.00 Y64.40 F3600
G1 X90.00 Y64.40 E0.1663
G1 E-1 F2700
G1 X90.00 Y60.00 F7200
G1 E1 F2700
G1 X95.00 Y60.00 E0.6652 F3600
G1 X95.00 Y65.00 E0.6652
G1 X90.00 Y65.00 E0.6652
G1 X90.00 Y60.00 E0.6652
G1 X90.00 Y60.40 F3600
G1 X95.00 Y60.40 E0.1663
G1 X90.00 Y60.80 F3600
G1 X95.00 Y60.80 E0.1663
G1 X90.00 Y61.20 F3600
G1 X95.00 Y61.20 E0.1663
G1 X90.00 Y61.60 F3600
G1 X95.00 Y61.60 E0.1663
G1 X90.00 Y62.00 F3600
G1 X95.00 Y62.00 E0.1663
G1 X90.00 Y62.40 F3600
G1 X95.00 Y62.40 E0.1663
G1 X90.00 Y62.80 F3600
G1 X95.00 Y62.80 E0.1663
G1 X90.00 Y63.20 F3600
G1 X95.00 Y63.20 E0.1663
G1 X90.00 Y63.60 F3600
G1 X95.00 Y63.60 E0.1663
G1 X90.00 Y64.00 F3600
G1 X95.00 Y64.00 E0.1663
G1 X90.00 Y64.40 F3600
G1 X95.00 Y64.40 E0.1663
G1 E-1 F2700
G1 X95.00 Y60.00 F7200
G1 E1 F2700
G1 X100.00 Y60.00 E0.6652 F3600
G1 X100.00 Y65.00 E0.6652
G1 X95.00 Y65.00 E0.6652
G1 X95.00 Y60.00 E0.6652
G1 X95.00 Y60.40 F3600
G1 X100.00 Y60.40 E0.1663
G1 X95.00 Y60.80 F3600
G1 X100.00 Y60.80 E0.1663
G1 X95.00 Y61.20 F3600
G1 X100.00 Y61.20 E0.1663
G1 X95.00 Y61.60 F3600
G1 X100.00 Y61.60 E0.1663
G1 X95.00 Y62.00 F3600
G1 X100.00 Y62.00 E0.1663
G1 X95.00 Y62.40 F3600
G1 X100.00 Y62.40 E0.1663
G1 X95.00 Y62.80 F3600
G1 X100.00 Y62.80 E0.1663
G1 X95.00 Y63.20 F3600
G1 X100.00 Y63.20 E0.1663
G1 X95.00 Y63.60 F3600
G1 X100.00 Y63.60 E0.1663
G1 X95.00 Y64.00 F3600
G1 X100.00 Y64.00 E0.1663
G1 X95.00 Y64.40 F3600
G1 X100.00 Y64.40 E0.1663
G1 E-1 F2700
G1 X70.00 Y55.00 F7200
G1 E1 F2700
G1 X75.00 Y55.00 E0.6652 F3600
G1 X75.00 Y60.00 E0.6652
G1 X70.00 Y60.00 E0.6652
G1 X70.00 Y55.00 E0.6652
G1 X70.00 Y55.40 F3600
G1 X75.00 Y55.40 E0.1663
G1 X70.00 Y55.80 F3600
G1 X75.00 Y55.80 E0.1663
G1 X70.00 Y56.20 F3600
G1 X75.00 Y56.20 E0.1663
G1 X70.00 Y56.60 F3600
G1 X75.00 Y56.60 E0.1663
G1 X70.00 Y57.00 F3600
G1 X75.00 Y57.00 E0.1663
G1 X70.00 Y57.40 F3600
G1 X75.00 Y57.40 E0.1663
G1 X70.00 Y57.80 F3600
G1 X75.00 Y57.80 E0.1663
G1 X70.00 Y58.20 F3600
G1 X75.00 Y58.20 E0.1663
G1 X70.00 Y58.60 F3600
G1 X75.00 Y58.60 E0.1663
G1 X70.00 Y59.00 F3600
G1 X75.00 Y59.00 E0.1663
G1 X70.00 Y59.40 F3600
G1 X75.00 Y59.40 E0.1663
G1 E-1 F2700
G1 X100.00 Y55.00 F7200
G1 E1 F2700
G1 X105.00 Y55.00 E0.6652 F3600
G1 X105.00 Y60.00 E0.6652
G1 X100.00 Y60.00 E0.6652
G1 X100.00 Y55.00 E0.6652
G1 X100.00 Y55.40 F3600
G1 X105.00 Y55.40 E0.1663
G1 X100.00 Y55.80 F3600
G1 X105.00 Y55.80 E0.1663
G1 X100.00 Y56.20 F3600
G1 X105.00 Y56.20 E0.1663
G1 X100.00 Y56.60 F3600
G1 X105.00 Y56.60 E0.1663
G1 X100.00 Y57.00 F3600
G1 X105.00 Y57.00 E0.1663
G1 X100.00 Y57.40 F3600
G1 X105.00 Y57.40 E0.1663
G1 X100.00 Y57.80 F3600
G1 X105.00 Y57.80 E0.1663
G1 X100.00 Y58.20 F3600
G1 X105.00 Y58.20 E0.1663
G1 X100.00 Y58.60 F3600
G1 X105.00 Y58.60 E0.1663
G1 X100.00 Y59.00 F3600
G1 X105.00 Y59.00 E0.1663
G1 X100.00 Y59.40 F3600
G1 X105.00 Y59.40 E0.1663
G1 E-1 F2700
G1 X70.00 Y50.00 F7200
G1 E1 F2700
G1 X75.00 Y50.00 E0.6652 F3600
G1 X75.00 Y55.00 E0.6652
G1 X70.00 Y55.00 E0.6652
G1 X70.00 Y50.00 E0.6652
G1 X70.00 Y50.40 F3600
G1 X75.00 Y50.40 E0.1663
G1 X70.00 Y50.80 F3600
G1 X75.00 Y50.80 E0.1663
G1 X70.00 Y51.20 F3600
G1 X75.00 Y51.20 E0.1663
G1 X70.00 Y51.60 F3600
G1 X75.00 Y51.60 E0.1663
G1 X70.00 Y52.00 F3600
G1 X75.00 Y52.00 E0.1663
G1 X70.00 Y52.40 F3600
G1 X75.00 Y52.40 E0.1663
G1 X70.00 Y52.80 F3600
G1 X75.00 Y52.80 E0.1663
G1 X70.00 Y53.20 F3600
G1 X75.00 Y53.20 E0.1663
G1 X70.00 Y53.60 F3600
G1 X75.00 Y53.60 E0.1663
G1 X70.00 Y54.00 F3600
G1 X75.00 Y54.00 E0.1663
G1 X70.00 Y54.40 F3600
G1 X75.00 Y54.40 E0.1663
G1 E-1 F2700
G1 X100.00 Y50.00 F7200
G1 E1 F2700
G1 X105.00 Y50.00 E0.6652 F3600
G1 X105.00 Y55.00 E0.6652
G1 X100.00 Y55.00 E0.6652
G1 X100.00 Y50.00 E0.6652
G1 X100.00 Y50.40 F3600
G1 X105.00 Y50.40 E0.1663
G1 X100.00 Y50.80 F3600
G1 X105.00 Y50.80 E0.1663
G1 X100.00 Y51.20 F3600
G1 X105.00 Y51.20 E0.1663
G1 X100.00 Y51.60 F3600
G1 X105.00 Y51.60 E0.1663
G1 X100.00 Y52.00 F3600
G1 X105.00 Y52.00 E0.1663
G1 X100.00 Y52.40 F3600
G1 X105.00 Y52.40 E0.1663
G1 X100.00 Y52.80 F3600
G1 X105.00 Y52.80 E0.1663
G1 X100.00 Y53.20 F3600
G1 X105.00 Y53.20 E0.1663
G1 X100.00 Y53.60 F3600
G1 X105.00 Y53.60 E0.1663
G1 X100.00 Y54.00 F3600
G1 X105.00 Y54.00 E0.1663
G1 X100.00 Y54.40 F3600
G1 X105.00 Y54.40 E0.1663
G1 E-1 F2700
G1 X70.00 Y45.00 F7200
G1 E1 F2700
G1 X75.00 Y45.00 E0.6652 F3600
G1 X75.00 Y50.00 E0.6652
G1 X70.00 Y50.00 E0.6652
G1 X70.00 Y45.00 E0.6652
G1 X70.00 Y45.40 F3600
G1 X75.00 Y45.40 E0.1663
G1 X70.00 Y45.80 F3600
G1 X75.00 Y45.80 E0.1663
G1 X70.00 Y46.20 F3600
G1 X75.00 Y46.20 E0.1663
G1 X70.00 Y46.60 F3600
G1 X75.00 Y46.60 E0.1663
G1 X70.00 Y47.00 F3600
G1 X75.00 Y47.00 E0.1663
G1 X70.00 Y47.40 F3600
G1 X75.00 Y47.40 E0.1663
G1 X70.00 Y47.80 F3600
G1 X75.00 Y47.80 E0.1663
G1 X70.00 Y48.20 F3600
G1 X75.00 Y48.20 E0.1663
G1 X70.00 Y48.60 F3600
G1 X75.00 Y48.60 E0.1663
G1 X70.00 Y49.00 F3600
G1 X75.00 Y49.00 E0.1663
G1 X70.00 Y49.40 F3600
G1 X75.00 Y49.40 E0.1663
G1 E-1 F2700
G1 X75.00 Y45.00 F7200
G1 E1 F2700
G1 X80.00 Y45.00 E0.6652 F3600
G1 X80.00 Y50.00 E0.6652
G1 X75.00 Y50.00 E0.6652
G1 X75.00 Y45.00 E0.6652
G1 X75.00 Y45.40 F3600
G1 X80.00 Y45.40 E0.1663
G1 X75.00 Y45.80 F3600
G1 X80.00 Y45.80 E0.1663
G1 X75.00 Y46.20 F3600
G1 X80.00 Y46.20 E0.1663
G1 X75.00 Y46.60 F3600
G1 X80.00 Y46.60 E0.1663
G1 X75.00 Y47.00 F3600
G1 X80.00 Y47.00 E0.1663
G1 X75.00 Y47.40 F3600
G1 X80.00 Y47.40 E0.1663
G1 X75.00 Y47.80 F3600
G1 X80.00 Y47.80 E0.1663
G1 X75.00 Y48.20 F3600
G1 X80.00 Y48.20 E0.1663
G1 X75.00 Y48.60 F3600
G1 X80.00 Y48.60 E0.1663
G1 X75.00 Y49.00 F3600
G1 X80.00 Y49.00 E0.1663
G1 X75.00 Y49.40 F3600
G1 X80.00 Y49.40 E0.1663
G1 E-1 F2700
G1 X80.00 Y45.00 F7200
G1 E1 F2700
G1 X85.00 Y45.00 E0.6652 F3600
G1 X85.00 Y50.00 E0.6652
G1 X80.00 Y50.00 E0.6652
G1 X80.00 Y45.00 E0.6652
G1 X80.00 Y45.40 F3600
G1 X85.00 Y45.40 E0.1663
G1 X80.00 Y45.80 F3600
G1 X85.00 Y45.80 E0.1663
G1 X80.00 Y46.20 F3600
G1 X85.00 Y46.20 E0.1663
G1 X80.00 Y46.60 F3600
G1 X85.00 Y46.60 E0.1663
G1 X80.00 Y47.00 F3600
G1 X85.00 Y47.00 E0.1663
G1 X80.00 Y47.40 F3600
G1 X85.00 Y47.40 E0.1663
G1 X80.00 Y47.80 F3600
G1 X85.00 Y47.80 E0.1663
G1 X80.00 Y48.20 F3600
G1 X85.00 Y48.20 E0.1663
G1 X80.00 Y48.60 F3600
G1 X85.00 Y48.60 E0.1663
G1 X80.00 Y49.00 F3600
G1 X85.00 Y49.00 E0.1663
G1 X80.00 Y49.40 F3600
G1 X85.00 Y49.40 E0.1663
G1 E-1 F2700
G1 X85.00 Y45.00 F7200
G1 E1 F2700
G1 X90.00 Y45.00 E0.6652 F3600
G1 X90.00 Y50.00 E0.6652
G1 X85.00 Y50.00 E0.6652
G1 X85.00 Y45.00 E0.6652
G1 X85.00 Y45.40 F3600
G1 X90.00 Y45.40 E0.1663
G1 X85.00 Y45.80 F3600
G1 X90.00 Y45.80 E0.1663
G1 X85.00 Y46.20 F3600
G1 X90.00 Y46.20 E0.1663
G1 X85.00 Y46.60 F3600
G1 X90.00 Y46.60 E0.1663
G1 X85.00 Y47.00 F3600
G1 X90.00 Y47.00 E0.1663
G1 X85.00 Y47.40 F3600
G1 X90.00 Y47.40 E0.1663
G1 X85.00 Y47.80 F3600
G1 X90.00 Y47.80 E0.1663
G1 X85.00 Y48.20 F3600
G1 X90.00 Y48.20 E0.1663
G1 X85.00 Y48.60 F3600
G1 X90.00 Y48.60 E0.1663
G1 X85.00 Y49.00 F3600
G1 X90.00 Y49.00 E0.1663
G1 X85.00 Y49.40 F3600
G1 X90.00 Y49.40 E0.1663
G1 E-1 F2700
G1 X90.00 Y45.00 F7200
G1 E1 F2700
G1 X95.00 Y45.00 E0.6652 F3600
G1 X95.00 Y50.00 E0.6652
G1 X90.00 Y50.00 E0.6652
G1 X90.00 Y45.00 E0.6652
G1 X90.00 Y45.40 F3600
G1 X95.00 Y45.40 E0.1663
G1 X90.00 Y45.80 F3600
G1 X95.00 Y45.80 E0.1663
G1 X90.00 Y46.20 F3600
G1 X95.00 Y46.20 E0.1663
G1 X90.00 Y46.60 F3600
G1 X95.00 Y46.60 E0.1663
G1 X90.00 Y47.00 F3600
G1 X95.00 Y47.00 E0.1663
G1 X90.00 Y47.40 F3600
G1 X95.00 Y47.40 E0.1663
G1 X90.00 Y47.80 F3600
G1 X95.00 Y47.80 E0.1663
G1 X90.00 Y48.20 F3600
G1 X95.00 Y48.20 E0.1663
G1 X90.00 Y48.60 F3600
G1 X95.00 Y48.60 E0.1663
G1 X90.00 Y49.00 F3600
G1 X95.00 Y49.00 E0.1663
G1 X90.00 Y49.40 F3600
G1 X95.00 Y49.40 E0.1663
G1 E-1 F2700
G1 X95.00 Y45.00 F7200
G1 E1 F2700
G1 X100.00 Y45.00 E0.6652 F3600
G1 X100.00 Y50.00 E0.6652
G1 X95.00 Y50.00 E0.6652
G1 X95.00 Y45.00 E0.6652
G1 X95.00 Y45.40 F3600
G1 X100.00 Y45.40 E0.1663
G1 X95.00 Y45.80 F3600
G1 X100.00 Y45.80 E0.1663
G1 X95.00 Y46.20 F3600
G1 X100.00 Y46.20 E0.1663
G1 X95.00 Y46.60 F3600
G1 X100.00 Y46.60 E0.1663
G1 X95.00 Y47.00 F3600
G1 X100.00 Y47.00 E0.1663
G1 X95.00 Y47.40 F3600
G1 X100.00 Y47.40 E0.1663
G1 X95.00 Y47.80 F3600
G1 X100.00 Y47.80 E0.1663
G1 X95.00 Y48.20 F3600
G1 X100.00 Y48.20 E0.1663
G1 X95.00 Y48.60 F3600
G1 X100.00 Y48.60 E0.1663
G1 X95.00 Y49.00 F3600
G1 X100.00 Y49.00 E0.1663
G1 X95.00 Y49.40 F3600
G1 X100.00 Y49.40 E0.1663
G1 E-1 F2700
G1 X70.00 Y40.00 F7200
G1 E1 F2700
G1 X75.00 Y40.00 E0.6652 F3600
G1 X75.00 Y45.00 E0.6652
G1 X70.00 Y45.00 E0.6652
G1 X70.00 Y40.00 E0.6652
G1 X70.00 Y40.40 F3600
G1 X75.00 Y40.40 E0.1663
G1 X70.00 Y40.80 F3600
G1 X75.00 Y40.80 E0.1663
G1 X70.00 Y41.20 F3600
G1 X75.00 Y41.20 E0.1663
G1 X70.00 Y41.60 F3600
G1 X75.00 Y41.60 E0.1663
G1 X70.00 Y42.00 F3600
G1 X75.00 Y42.00 E0.1663
G1 X70.00 Y42.40 F3600
G1 X75.00 Y42.40 E0.1663
G1 X70.00 Y42.80 F3600
G1 X75.00 Y42.80 E0.1663
G1 X70.00 Y43.20 F3600
G1 X75.00 Y43.20 E0.1663
G1 X70.00 Y43.60 F3600
G1 X75.00 Y43.60 E0.1663
G1 X70.00 Y44.00 F3600
G1 X75.00 Y44.00 E0.1663
G1 X70.00 Y44.40 F3600
G1 X75.00 Y44.40 E0.1663
G1 E-1 F2700
G1 X70.00 Y35.00 F7200
G1 E1 F2700
G1 X75.00 Y35.00 E0.6652 F3600
G1 X75.00 Y40.00 E0.6652
G1 X70.00 Y40.00 E0.6652
G1 X70.00 Y35.00 E0.6652
G1 X70.00 Y35.40 F3600
G1 X75.00 Y35.40 E0.1663
G1 X70.00 Y35.80 F3600
G1 X75.00 Y35.80 E0.1663
G1 X70.00 Y36.20 F3600
G1 X75.00 Y36.20 E0.1663
G1 X70.00 Y36.60 F3600
G1 X75.00 Y36.60 E0.1663
G1 X70.00 Y37.00 F3600
G1 X75.00 Y37.00 E0.1663
G1 X70.00 Y37.40 F3600
G1 X75.00 Y37.40 E0.1663
G1 X70.00 Y37.80 F3600
G1 X75.00 Y37.80 E0.1663
G1 X70.00 Y38.20 F3600
G1 X75.00 Y38.20 E0.1663
G1 X70.00 Y38.60 F3600
G1 X75.00 Y38.60 E0.1663
G1 X70.00 Y39.00 F3600
G1 X75.00 Y39.00 E0.1663
G1 X70.00 Y39.40 F3600
G1 X75.00 Y39.40 E0.1663
G1 E-1 F2700
G1 X70.00 Y30.00 F7200
G1 E1 F2700
G1 X75.00 Y30.00 E0.6652 F3600
G1 X75.00 Y35.00 E0.6652
G1 X70.00 Y35.00 E0.6652
G1 X70.00 Y30.00 E0.6652
G1 X70.00 Y30.40 F3600
G1 X75.00 Y30.40 E0.1663
G1 X70.00 Y30.80 F3600
G1 X75.00 Y30.80 E0.1663
G1 X70.00 Y31.20 F3600
G1 X75.00 Y31.20 E0.1663
G1 X70.00 Y31.60 F3600
G1 X75.00 Y31.60 E0.1663
G1 X70.00 Y32.00 F3600
G1 X75.00 Y32.00 E0.1663
G1 X70.00 Y32.40 F3600
G1 X75.00 Y32.40 E0.1663
G1 X70.00 Y32.80 F3600
G1 X75.00 Y32.80 E0.1663
G1 X70.00 Y33.20 F3600
G1 X75.00 Y33.20 E0.1663
G1 X70.00 Y33.60 F3600
G1 X75.00 Y33.60 E0.1663
G1 X70.00 Y34.00 F3600
G1 X75.00 Y34.00 E0.1663
G1 X70.00 Y34.40 F3600
G1 X75.00 Y34.40 E0.1663
G1 E-1 F2700
G1 X115.00 Y60.00 F7200
G1 E1 F2700
G1 X120.00 Y60.00 E0.6652 F3600
G1 X120.00 Y65.00 E0.6652
G1 X115.00 Y65.00 E0.6652
G1 X115.00 Y60.00 E0.6652
G1 X115.00 Y60.40 F3600
G1 X120.00 Y60.40 E0.1663
G1 X115.00 Y60.80 F3600
G1 X120.00 Y60.80 E0.1663
G1 X115.00 Y61.20 F3600
G1 X120.00 Y61.20 E0.1663
G1 X115.00 Y61.60 F3600
G1 X120.00 Y61.60 E0.1663
G1 X115.00 Y62.00 F3600
G1 X120.00 Y62.00 E0.1663
G1 X115.00 Y62.40 F3600
G1 X120.00 Y62.40 E0.1663
G1 X115.00 Y62.80 F3600
G1 X120.00 Y62.80 E0.1663
G1 X115.00 Y63.20 F3600
G1 X120.00 Y63.20 E0.1663
G1 X115.00 Y63.60 F3600
G1 X120.00 Y63.60 E0.1663
G1 X115.00 Y64.00 F3600
G1 X120.00 Y64.00 E0.1663
G1 X115.00 Y64.40 F3600
G1 X120.00 Y64.40 E0.1663
G1 E-1 F2700
G1 X120.00 Y60.00 F7200
G1 E1 F2700
G1 X125.00 Y60.00 E0.6652 F3600
G1 X125.00 Y65.00 E0.6652
G1 X120.00 Y65.00 E0.6652
G1 X120.00 Y60.00 E0.6652
G1 X120.00 Y60.40 F3600
G1 X125.00 Y60.40 E0.1663
G1 X120.00 Y60.80 F3600
G1 X125.00 Y60.80 E0.1663
G1 X120.00 Y61.20 F3600
G1 X125.00 Y61.20 E0.1663
G1 X120.00 Y61.60 F3600
G1 X125.00 Y61.60 E0.1663
G1 X120.00 Y62.00 F3600
G1 X125.00 Y62.00 E0.1663
G1 X120.00 Y62.40 F3600
G1 X125.00 Y62.40 E0.1663
G1 X120.00 Y62.80 F3600
G1 X125.00 Y62.80 E0.1663
G1 X120.00 Y63.20 F3600
G1 X125.00 Y63.20 E0.1663
G1 X120.00 Y63.60 F3600
G1 X125.00 Y63.60 E0.1663
G1 X120.00 Y64.00 F3600
G1 X125.00 Y64.00 E0.1663
G1 X120.00 Y64.40 F3600
G1 X125.00 Y64.40 E0.1663
G1 E-1 F2700
G1 X125.00 Y60.00 F7200
G1 E1 F2700
G1 X130.00 Y60.00 E0.6652 F3600
G1 X130.00 Y65.00 E0.6652
G1 X125.00 Y65.00 E0.6652
G1 X125.00 Y60.00 E0.6652
G1 X125.00 Y60.40 F3600
G1 X130.00 Y60.40 E0.1663
G1 X125.00 Y60.80 F3600
G1 X130.00 Y60.80 E0.1663
G1 X125.00 Y61.20 F3600
G1 X130.00 Y61.20 E0.1663
G1 X125.00 Y61.60 F3600
G1 X130.00 Y61.60 E0.1663
G1 X125.00 Y62.00 F3600
G1 X130.00 Y62.00 E0.1663
G1 X125.00 Y62.40 F3600
G1 X130.00 Y62.40 E0.1663
G1 X125.00 Y62.80 F3600
G1 X130.00 Y62.80 E0.1663
G1 X125.00 Y63.20 F3600
G1 X130.00 Y63.20 E0.1663
G1 X125.00 Y63.60 F3600
G1 X130.00 Y63.60 E0.1663
G1 X125.00 Y64.00 F3600
G1 X130.00 Y64.00 E0.1663
G1 X125.00 Y64.40 F3600
G1 X130.00 Y64.40 E0.1663
G1 E-1 F2700
G1 X130.00 Y60.00 F7200
G1 E1 F2700
G1 X135.00 Y60.00 E0.6652 F3600
G1 X135.00 Y65.00 E0.6652
G1 X130.00 Y65.00 E0.6652
G1 X130.00 Y60.00 E0.6652
G1 X130.00 Y60.40 F3600
G1 X135.00 Y60.40 E0.1663
G1 X130.00 Y60.80 F3600
G1 X135.00 Y60.80 E0.1663
G1 X130.00 Y61.20 F3600
G1 X135.00 Y61.20 E0.1663
G1 X130.00 Y61.60 F3600
G1 X135.00 Y61.60 E0.1663
G1 X130.00 Y62.00 F3600
G1 X135.00 Y62.00 E0.1663
G1 X130.00 Y62.40 F3600
G1 X135.00 Y62.40 E0.1663
G1 X130.00 Y62.80 F3600
G1 X135.00 Y62.80 E0.1663
G1 X130.00 Y63.20 F3600
G1 X135.00 Y63.20 E0.1663
G1 X130.00 Y63.60 F3600
G1 X135.00 Y63.60 E0.1663
G1 X130.00 Y64.00 F3600
G1 X135.00 Y64.00 E0.1663
G1 X130.00 Y64.40 F3600
G1 X135.00 Y64.40 E0.1663
G1 E-1 F2700
G1 X135.00 Y60.00 F7200
G1 E1 F2700
G1 X140.00 Y60.00 E0.6652 F3600
G1 X140.00 Y65.00 E0.6652
G1 X135.00 Y65.00 E0.6652
G1 X135.00 Y60.00 E0.6652
G1 X135.00 Y60.40 F3600
G1 X140.00 Y60.40 E0.1663
G1 X135.00 Y60.80 F3600
G1 X140.00 Y60.80 E0.1663
G1 X135.00 Y61.20 F3600
G1 X140.00 Y61.20 E0.1663
G1 X135.00 Y61.60 F3600
G1 X140.00 Y61.60 E0.1663
G1 X135.00 Y62.00 F3600
G1 X140.00 Y62.00 E0.1663
G1 X135.00 Y62.40 F3600
G1 X140.00 Y62.40 E0.1663
G1 X135.00 Y62.80 F3600
G1 X140.00 Y62.80 E0.1663
G1 X135.00 Y63.20 F3600
G1 X140.00 Y63.20 E0.1663
G1 X135.00 Y63.60 F3600
G1 X140.00 Y63.60 E0.1663
G1 X135.00 Y64.00 F3600
G1 X140.00 Y64.00 E0.1663
G1 X135.00 Y64.40 F3600
G1 X140.00 Y64.40 E0.1663
G1 E-1 F2700
G1 X110.00 Y55.00 F7200
G1 E1 F2700
G1 X115.00 Y55.00 E0.6652 F3600
G1 X115.00 Y60.00 E0.6652
G1 X110.00 Y60.00 E0.6652
G1 X110.00 Y55.00 E0.6652
G1 X110.00 Y55.40 F3600
G1 X115.00 Y55.40 E0.1663
G1 X110.00 Y55.80 F3600
G1 X115.00 Y55.80 E0.1663
G1 X110.00 Y56.20 F3600
G1 X115.00 Y56.20 E0.1663
G1 X110.00 Y56.60 F3600
G1 X115.00 Y56.60 E0.1663
G1 X110.00 Y57.00 F3600
G1 X115.00 Y57.00 E0.1663
G1 X110.00 Y57.40 F3600
G1 X115.00 Y57.40 E0.1663
G1 X110.00 Y57.80 F3600
G1 X115.00 Y57.80 E0.1663
G1 X110.00 Y58.20 F3600
G1 X115.00 Y58.20 E0.1663
G1 X110.00 Y58.60 F3600
G1 X115.00 Y58.60 E0.1663
G1 X110.00 Y59.00 F3600
G1 X115.00 Y59.00 E0.1663
G1 X110.00 Y59.40 F3600
G1 X115.00 Y59.40 E0.1663
G1 E-1 F2700
G1 X140.00 Y55.00 F7200
G1 E1 F2700
G1 X145.00 Y55.00 E0.6652 F3600
G1 X145.00 Y60.00 E0.6652
G1 X140.00 Y60.00 E0.6652
G1 X140.00 Y55.00 E0.6652
G1 X140.00 Y55.40 F3600
G1 X145.00 Y55.40 E0.1663
G1 X140.00 Y55.80 F3600
G1 X145.00 Y55.80 E0.1663
G1 X140.00 Y56.20 F3600
G1 X145.00 Y56.20 E0.1663
G1 X140.00 Y56.60 F3600
G1 X145.00 Y56.60 E0.1663
G1 X140.00 Y57.00 F3600
G1 X145.00 Y57.00 E0.1663
G1 X140.00 Y57.40 F3600
G1 X145.00 Y57.40 E0.1663
G1 X140.00 Y57.80 F3600
G1 X145.00 Y57.80 E0.1663
G1 X140.00 Y58.20 F3600
G1 X145.00 Y58.20 E0.1663
G1 X140.00 Y58.60 F3600
G1 X145.00 Y58.60 E0.1663
G1 X140.00 Y59.00 F3600
G1 X145.00 Y59.00 E0.1663
G1 X140.00 Y59.40 F3600
G1 X145.00 Y59.40 E0.1663
G1 E-1 F2700
G1 X140.00 Y50.00 F7200
G1 E1 F2700
G1 X145.00 Y50.00 E0.6652 F3600
G1 X145.00 Y55.00 E0.6652
G1 X140.00 Y55.00 E0.6652
G1 X140.00 Y50.00 E0.6652
G1 X140.00 Y50.40 F3600
G1 X145.00 Y50.40 E0.1663
G1 X140.00 Y50.80 F3600
G1 X145.00 Y50.80 E0.1663
G1 X140.00 Y51.20 F3600
G1 X145.00 Y51.20 E0.1663
G1 X140.00 Y51.60 F3600
G1 X145.00 Y51.60 E0.1663
G1 X140.00 Y52.00 F3600
G1 X145.00 Y52.00 E0.1663
G1 X140.00 Y52.40 F3600
G1 X145.00 Y52.40 E0.1663
G1 X140.00 Y52.80 F3600
G1 X145.00 Y52.80 E0.1663
G1 X140.00 Y53.20 F3600
G1 X145.00 Y53.20 E0.1663
G1 X140.00 Y53.60 F3600
G1 X145.00 Y53.60 E0.1663
G1 X140.00 Y54.00 F3600
G1 X145.00 Y54.00 E0.1663
G1 X140.00 Y54.40 F3600
G1 X145.00 Y54.40 E0.1663
G1 E-1 F2700
G1 X125.00 Y45.00 F7200
G1 E1 F2700
G1 X130.00 Y45.00 E0.6652 F3600
G1 X130.00 Y50.00 E0.6652
G1 X125.00 Y50.00 E0.6652
G1 X125.00 Y45.00 E0.6652
G1 X125.00 Y45.40 F3600
G1 X130.00 Y45.40 E0.1663
G1 X125.00 Y45.80 F3600
G1 X130.00 Y45.80 E0.1663
G1 X125.00 Y46.20 F3600
G1 X130.00 Y46.20 E0.1663
G1 X125.00 Y46.60 F3600
G1 X130.00 Y46.60 E0.1663
G1 X125.00 Y47.00 F3600
G1 X130.00 Y47.00 E0.1663
G1 X125.00 Y47.40 F3600
G1 X130.00 Y47.40 E0.1663
G1 X125.00 Y47.80 F3600
G1 X130.00 Y47.80 E0.1663
G1 X125.00 Y48.20 F3600
G1 X130.00 Y48.20 E0.1663
G1 X125.00 Y48.60 F3600
G1 X130.00 Y48.60 E0.1663
G1 X125.00 Y49.00 F3600
G1 X130.00 Y49.00 E0.1663
G1 X125.00 Y49.40 F3600
G1 X130.00 Y49.40 E0.1663
G1 E-1 F2700
G1 X130.00 Y45.00 F7200
G1 E1 F2700
G1 X135.00 Y45.00 E0.6652 F3600
G1 X135.00 Y50.00 E0.6652
G1 X130.00 Y50.00 E0.6652
G1 X130.00 Y45.00 E0.6652
G1 X130.00 Y45.40 F3600
G1 X135.00 Y45.40 E0.1663
G1 X130.00 Y45.80 F3600
G1 X135.00 Y45.80 E0.1663
G1 X130.00 Y46.20 F3600
G1 X135.00 Y46.20 E0.1663
G1 X130.00 Y46.60 F3600
G1 X135.00 Y46.60 E0.1663
G1 X130.00 Y47.00 F3600
G1 X135.00 Y47.00 E0.1663
G1 X130.00 Y47.40 F3600
G1 X135.00 Y47.40 E0.1663
G1 X130.00 Y47.80 F3600
G1 X135.00 Y47.80 E0.1663
G1 X130.00 Y48.20 F3600
G1 X135.00 Y48.20 E0.1663
G1 X130.00 Y48.60 F3600
G1 X135.00 Y48.60 E0.1663
G1 X130.00 Y49.00 F3600
G1 X135.00 Y49.00 E0.1663
G1 X130.00 Y49.40 F3600
G1 X135.00 Y49.40 E0.1663
G1 E-1 F2700
G1 X135.00 Y45.00 F7200
G1 E1 F2700
G1 X140.00 Y45.00 E0.6652 F3600
G1 X140.00 Y50.00 E0.6652
G1 X135.00 Y50.00 E0.6652
G1 X135.00 Y45.00 E0.6652
G1 X135.00 Y45.40 F3600
G1 X140.00 Y45.40 E0.1663
G1 X135.00 Y45.80 F3600
G1 X140.00 Y45.80 E0.1663
G1 X135.00 Y46.20 F3600
G1 X140.00 Y46.20 E0.1663
G1 X135.00 Y46.60 F3600
G1 X140.00 Y46.60 E0.1663
G1 X135.00 Y47.00 F3600
G1 X140.00 Y47.00 E0.1663
G1 X135.00 Y47.40 F3600
G1 X140.00 Y47.40 E0.1663
G1 X135.00 Y47.80 F3600
G1 X140.00 Y47.80 E0.1663
G1 X135.00 Y48.20 F3600
G1 X140.00 Y48.20 E0.1663
G1 X135.00 Y48.60 F3600
G1 X140.00 Y48.60 E0.1663
G1 X135.00 Y49.00 F3600
G1 X140.00 Y49.00 E0.1663
G1 X135.00 Y49.40 F3600
G1 X140.00 Y49.40 E0.1663
G1 E-1 F2700
G1 X115.00 Y40.00 F7200
G1 E1 F2700
G1 X120.00 Y40.00 E0.6652 F3600
G1 X120.00 Y45.00 E0.6652
G1 X115.00 Y45.00 E0.6652
G1 X115.00 Y40.00 E0.6652
G1 X115.00 Y40.40 F3600
G1 X120.00 Y40.40 E0.1663
G1 X115.00 Y40.80 F3600
G1 X120.00 Y40.80 E0.1663
G1 X115.00 Y41.20 F3600
G1 X120.00 Y41.20 E0.1663
G1 X115.00 Y41.60 F3600
G1 X120.00 Y41.60 E0.1663
G1 X115.00 Y42.00 F3600
G1 X120.00 Y42.00 E0.1663
G1 X115.00 Y42.40 F3600
G1 X120.00 Y42.40 E0.1663
G1 X115.00 Y42.80 F3600
G1 X120.00 Y42.80 E0.1663
G1 X115.00 Y43.20 F3600
G1 X120.00 Y43.20 E0.1663
G1 X115.00 Y43.60 F3600
G1 X120.00 Y43.60 E0.1663
G1 X115.00 Y44.00 F3600
G1 X120.00 Y44.00 E0.1663
G1 X115.00 Y44.40 F3600
G1 X120.00 Y44.40 E0.1663
G1 E-1 F2700
G1 X120.00 Y40.00 F7200
G1 E1 F2700
G1 X125.00 Y40.00 E0.6652 F3600
G1 X125.00 Y45.00 E0.6652
G1 X120.00 Y45.00 E0.6652
G1 X120.00 Y40.00 E0.6652
G1 X120.00 Y40.40 F3600
G1 X125.00 Y40.40 E0.1663
G1 X120.00 Y40.80 F3600
G1 X125.00 Y40.80 E0.1663
G1 X120.00 Y41.20 F3600
G1 X125.00 Y41.20 E0.1663
G1 X120.00 Y41.60 F3600
G1 X125.00 Y41.60 E0.1663
G1 X120.00 Y42.00 F3600
G1 X125.00 Y42.00 E0.1663
G1 X120.00 Y42.40 F3600
G1 X125.00 Y42.40 E0.1663
G1 X120.00 Y42.80 F3600
G1 X125.00 Y42.80 E0.1663
G1 X120.00 Y43.20 F3600
G1 X125.00 Y43.20 E0.1663
G1 X120.00 Y43.60 F3600
G1 X125.00 Y43.60 E0.1663
G1 X120.00 Y44.00 F3600
G1 X125.00 Y44.00 E0.1663
G1 X120.00 Y44.40 F3600
G1 X125.00 Y44.40 E0.1663
G1 E-1 F2700
G1 X110.00 Y35.00 F7200
G1 E1 F2700
G1 X115.00 Y35.00 E0.6652 F3600
G1 X115.00 Y40.00 E0.6652
G1 X110.00 Y40.00 E0.6652
G1 X110.00 Y35.00 E0.6652
G1 X110.00 Y35.40 F3600
G1 X115.00 Y35.40 E0.1663
G1 X110.00 Y35.80 F3600
G1 X115.00 Y35.80 E0.1663
G1 X110.00 Y36.20 F3600
G1 X115.00 Y36.20 E0.1663
G1 X110.00 Y36.60 F3600
G1 X115.00 Y36.60 E0.1663
G1 X110.00 Y37.00 F3600
G1 X115.00 Y37.00 E0.1663
G1 X110.00 Y37.40 F3600
G1 X115.00 Y37.40 E0.1663
G1 X110.00 Y37.80 F3600
G1 X115.00 Y37.80 E0.1663
G1 X110.00 Y38.20 F3600
G1 X115.00 Y38.20 E0.1663
G1 X110.00 Y38.60 F3600
G1 X115.00 Y38.60 E0.1663
G1 X110.00 Y39.00 F3600
G1 X115.00 Y39.00 E0.1663
G1 X110.00 Y39.40 F3600
G1 X115.00 Y39.40 E0.1663
G1 E-1 F2700
G1 X110.00 Y30.00 F7200
G1 E1 F2700
G1 X115.00 Y30.00 E0.6652 F3600
G1 X115.00 Y35.00 E0.6652
G1 X110.00 Y35.00 E0.6652
G1 X110.00 Y30.00 E0.6652
G1 X110.00 Y30.40 F3600
G1 X115.00 Y30.40 E0.1663
G1 X110.00 Y30.80 F3600
G1 X115.00 Y30.80 E0.1663
G1 X110.00 Y31.20 F3600
G1 X115.00 Y31.20 E0.1663
G1 X110.00 Y31.60 F3600
G1 X115.00 Y31.60 E0.1663
G1 X110.00 Y32.00 F3600
G1 X115.00 Y32.00 E0.1663
G1 X110.00 Y32.40 F3600
G1 X115.00 Y32.40 E0.1663
G1 X110.00 Y32.80 F3600
G1 X115.00 Y32.80 E0.1663
G1 X110.00 Y33.20 F3600
G1 X115.00 Y33.20 E0.1663
G1 X110.00 Y33.60 F3600
G1 X115.00 Y33.60 E0.1663
G1 X110.00 Y34.00 F3600
G1 X115.00 Y34.00 E0.1663
G1 X110.00 Y34.40 F3600
G1 X115.00 Y34.40 E0.1663
G1 E-1 F2700
G1 X115.00 Y30.00 F7200
G1 E1 F2700
G1 X120.00 Y30.00 E0.6652 F3600
G1 X120.00 Y35.00 E0.6652
G1 X115.00 Y35.00 E0.6652
G1 X115.00 Y30.00 E0.6652
G1 X115.00 Y30.40 F3600
G1 X120.00 Y30.40 E0.1663
G1 X115.00 Y30.80 F3600
G1 X120.00 Y30.80 E0.1663
G1 X115.00 Y31.20 F3600
G1 X120.00 Y31.20 E0.1663
G1 X115.00 Y31.60 F3600
G1 X120.00 Y31.60 E0.1663
G1 X115.00 Y32.00 F3600
G1 X120.00 Y32.00 E0.1663
G1 X115.00 Y32.40 F3600
G1 X120.00 Y32.40 E0.1663
G1 X115.00 Y32.80 F3600
G1 X120.00 Y32.80 E0.1663
G1 X115.00 Y33.20 F3600
G1 X120.00 Y33.20 E0.1663
G1 X115.00 Y33.60 F3600
G1 X120.00 Y33.60 E0.1663
G1 X115.00 Y34.00 F3600
G1 X120.00 Y34.00 E0.1663
G1 X115.00 Y34.40 F3600
G1 X120.00 Y34.40 E0.1663
G1 E-1 F2700
G1 X120.00 Y30.00 F7200
G1 E1 F2700
G1 X125.00 Y30.00 E0.6652 F3600
G1 X125.00 Y35.00 E0.6652
G1 X120.00 Y35.00 E0.6652
G1 X120.00 Y30.00 E0.6652
G1 X120.00 Y30.40 F3600
G1 X125.00 Y30.40 E0.1663
G1 X120.00 Y30.80 F3600
G1 X125.00 Y30.80 E0.1663
G1 X120.00 Y31.20 F3600
G1 X125.00 Y31.20 E0.1663
G1 X120.00 Y31.60 F3600
G1 X125.00 Y31.60 E0.1663
G1 X120.00 Y32.00 F3600
G1 X125.00 Y32.00 E0.1663
G1 X120.00 Y32.40 F3600
G1 X125.00 Y32.40 E0.1663
G1 X120.00 Y32.80 F3600
G1 X125.00 Y32.80 E0.1663
G1 X120.00 Y33.20 F3600
G1 X125.00 Y33.20 E0.1663
G1 X120.00 Y33.60 F3600
G1 X125.00 Y33.60 E0.1663
G1 X120.00 Y34.00 F3600
G1 X125.00 Y34.00 E0.1663
G1 X120.00 Y34.40 F3600
G1 X125.00 Y34.40 E0.1663
G1 E-1 F2700
G1 X125.00 Y30.00 F7200
G1 E1 F2700
G1 X130.00 Y30.00 E0.6652 F3600
G1 X130.00 Y35.00 E0.6652
G1 X125.00 Y35.00 E0.6652
G1 X125.00 Y30.00 E0.6652
G1 X125.00 Y30.40 F3600
G1 X130.00 Y30.40 E0.1663
G1 X125.00 Y30.80 F3600
G1 X130.00 Y30.80 E0.1663
G1 X125.00 Y31.20 F3600
G1 X130.00 Y31.20 E0.1663
G1 X125.00 Y31.60 F3600
G1 X130.00 Y31.60 E0.1663
G1 X125.00 Y32.00 F3600
G1 X130.00 Y32.00 E0.1663
G1 X125.00 Y32.40 F3600
G1 X130.00 Y32.40 E0.1663
G1 X125.00 Y32.80 F3600
G1 X130.00 Y32.80 E0.1663
G1 X125.00 Y33.20 F3600
G1 X130.00 Y33.20 E0.1663
G1 X125.00 Y33.60 F3600
G1 X130.00 Y33.60 E0.1663
G1 X125.00 Y34.00 F3600
G1 X130.00 Y34.00 E0.1663
G1 X125.00 Y34.40 F3600
G1 X130.00 Y34.40 E0.1663
G1 E-1 F2700
G1 X130.00 Y30.00 F7200
G1 E1 F2700
G1 X135.00 Y30.00 E0.6652 F3600
G1 X135.00 Y35.00 E0.6652
G1 X130.00 Y35.00 E0.6652
G1 X130.00 Y30.00 E0.6652
G1 X130.00 Y30.40 F3600
G1 X135.00 Y30.40 E0.1663
G1 X130.00 Y30.80 F3600
G1 X135.00 Y30.80 E0.1663
G1 X130.00 Y31.20 F3600
G1 X135.00 Y31.20 E0.1663
G1 X130.00 Y31.60 F3600
G1 X135.00 Y31.60 E0.1663
G1 X130.00 Y32.00 F3600
G1 X135.00 Y32.00 E0.1663
G1 X130.00 Y32.40 F3600
G1 X135.00 Y32.40 E0.1663
G1 X130.00 Y32.80 F3600
G1 X135.00 Y32.80 E0.1663
G1 X130.00 Y33.20 F3600
G1 X135.00 Y33.20 E0.1663
G1 X130.00 Y33.60 F3600
G1 X135.00 Y33.60 E0.1663
G1 X130.00 Y34.00 F3600
G1 X135.00 Y34.00 E0.1663
G1 X130.00 Y34.40 F3600
G1 X135.00 Y34.40 E0.1663
G1 E-1 F2700
G1 X135.00 Y30.00 F7200
G1 E1 F2700
G1 X140.00 Y30.00 E0.6652 F3600
G1 X140.00 Y35.00 E0.6652
G1 X135.00 Y35.00 E0.6652
G1 X135.00 Y30.00 E0.6652
G1 X135.00 Y30.40 F3600
G1 X140.00 Y30.40 E0.1663
G1 X135.00 Y30.80 F3600
G1 X140.00 Y30.80 E0.1663
G1 X135.00 Y31.20 F3600
G1 X140.00 Y31.20 E0.1663
G1 X135.00 Y31.60 F3600
G1 X140.00 Y31.60 E0.1663
G1 X135.00 Y32.00 F3600
G1 X140.00 Y32.00 E0.1663
G1 X135.00 Y32.40 F3600
G1 X140.00 Y32.40 E0.1663
G1 X135.00 Y32.80 F3600
G1 X140.00 Y32.80 E0.1663
G1 X135.00 Y33.20 F3600
G1 X140.00 Y33.20 E0.1663
G1 X135.00 Y33.60 F3600
G1 X140.00 Y33.60 E0.1663
G1 X135.00 Y34.00 F3600
G1 X140.00 Y34.00 E0.1663
G1 X135.00 Y34.40 F3600
G1 X140.00 Y34.40 E0.1663
G1 E-1 F2700
G1 X140.00 Y30.00 F7200
G1 E1 F2700
G1 X145.00 Y30.00 E0.6652 F3600
G1 X145.00 Y35.00 E0.6652
G1 X140.00 Y35.00 E0.6652
G1 X140.00 Y30.00 E0.6652
G1 X140.00 Y30.40 F3600
G1 X145.00 Y30.40 E0.1663
G1 X140.00 Y30.80 F3600
G1 X145.00 Y30.80 E0.1663
G1 X140.00 Y31.20 F3600
G1 X145.00 Y31.20 E0.1663
G1 X140.00 Y31.60 F3600
G1 X145.00 Y31.60 E0.1663
G1 X140.00 Y32.00 F3600
G1 X145.00 Y32.00 E0.1663
G1 X140.00 Y32.40 F3600
G1 X145.00 Y32.40 E0.1663
G1 X140.00 Y32.80 F3600
G1 X145.00 Y32.80 E0.1663
G1 X140.00 Y33.20 F3600
G1 X145.00 Y33.20 E0.1663
G1 X140.00 Y33.60 F3600
G1 X145.00 Y33.60 E0.1663
G1 X140.00 Y34.00 F3600
G1 X145.00 Y34.00 E0.1663
G1 X140.00 Y34.40 F3600
G1 X145.00 Y34.40 E0.1663
G1 E-1 F2700
G1 X155.00 Y60.00 F7200
G1 E1 F2700
G1 X160.00 Y60.00 E0.6652 F3600
G1 X160.00 Y65.00 E0.6652
G1 X155.00 Y65.00 E0.6652
G1 X155.00 Y60.00 E0.6652
G1 X155.00 Y60.40 F3600
G1 X160.00 Y60.40 E0.1663
G1 X155.00 Y60.80 F3600
G1 X160.00 Y60.80 E0.1663
G1 X155.00 Y61.20 F3600
G1 X160.00 Y61.20 E0.1663
G1 X155.00 Y61.60 F3600
G1 X160.00 Y61.60 E0.1663
G1 X155.00 Y62.00 F3600
G1 X160.00 Y62.00 E0.1663
G1 X155.00 Y62.40 F3600
G1 X160.00 Y62.40 E0.1663
G1 X155.00 Y62.80 F3600
G1 X160.00 Y62.80 E0.1663
G1 X155.00 Y63.20 F3600
G1 X160.00 Y63.20 E0.1663
G1 X155.00 Y63.60 F3600
G1 X160.00 Y63.60 E0.1663
G1 X155.00 Y64.00 F3600
G1 X160.00 Y64.00 E0.1663
G1 X155.00 Y64.40 F3600
G1 X160.00 Y64.40 E0.1663
G1 E-1 F2700
G1 X160.00 Y60.00 F7200
G1 E1 F2700
G1 X165.00 Y60.00 E0.6652 F3600
G1 X165.00 Y65.00 E0.6652
G1 X160.00 Y65.00 E0.6652
G1 X160.00 Y60.00 E0.6652
G1 X160.00 Y60.40 F3600
G1 X165.00 Y60.40 E0.1663
G1 X160.00 Y60.80 F3600
G1 X165.00 Y60.80 E0.1663
G1 X160.00 Y61.20 F3600
G1 X165.00 Y61.20 E0.1663
G1 X160.00 Y61.60 F3600
G1 X165.00 Y61.60 E0.1663
G1 X160.00 Y62.00 F3600
G1 X165.00 Y62.00 E0.1663
G1 X160.00 Y62.40 F3600
G1 X165.00 Y62.40 E0.1663
G1 X160.00 Y62.80 F3600
G1 X165.00 Y62.80 E0.1663
G1 X160.00 Y63.20 F3600
G1 X165.00 Y63.20 E0.1663
G1 X160.00 Y63.60 F3600
G1 X165.00 Y63.60 E0.1663
G1 X160.00 Y64.00 F3600
G1 X165.00 Y64.00 E0.1663
G1 X160.00 Y64.40 F3600
G1 X165.00 Y64.40 E0.1663
G1 E-1 F2700
G1 X165.00 Y60.00 F7200
G1 E1 F2700
G1 X170.00 Y60.00 E0.6652 F3600
G1 X170.00 Y65.00 E0.6652
G1 X165.00 Y65.00 E0.6652
G1 X165.00 Y60.00 E0.6652
G1 X165.00 Y60.40 F3600
G1 X170.00 Y60.40 E0.1663
G1 X165.00 Y60.80 F3600
G1 X170.00 Y60.80 E0.1663
G1 X165.00 Y61.20 F3600
G1 X170.00 Y61.20 E0.1663
G1 X165.00 Y61.60 F3600
G1 X170.00 Y61.60 E0.1663
G1 X165.00 Y62.00 F3600
G1 X170.00 Y62.00 E0.1663
G1 X165.00 Y62.40 F3600
G1 X170.00 Y62.40 E0.1663
G1 X165.00 Y62.80 F3600
G1 X170.00 Y62.80 E0.1663
G1 X165.00 Y63.20 F3600
G1 X170.00 Y63.20 E0.1663
G1 X165.00 Y63.60 F3600
G1 X170.00 Y63.60 E0.1663
G1 X165.00 Y64.00 F3600
G1 X170.00 Y64.00 E0.1663
G1 X165.00 Y64.40 F3600
G1 X170.00 Y64.40 E0.1663
G1 E-1 F2700
G1 X170.00 Y60.00 F7200
G1 E1 F2700
G1 X175.00 Y60.00 E0.6652 F3600
G1 X175.00 Y65.00 E0.6652
G1 X170.00 Y65.00 E0.6652
G1 X170.00 Y60.00 E0.6652
G1 X170.00 Y60.40 F3600
G1 X175.00 Y60.40 E0.1663
G1 X170.00 Y60.80 F3600
G1 X175.00 Y60.80 E0.1663
G1 X170.00 Y61.20 F3600
G1 X175.00 Y61.20 E0.1663
G1 X170.00 Y61.60 F3600
G1 X175.00 Y61.60 E0.1663
G1 X170.00 Y62.00 F3600
G1 X175.00 Y62.00 E0.1663
G1 X170.00 Y62.40 F3600
G1 X175.00 Y62.40 E0.1663
G1 X170.00 Y62.80 F3600
G1 X175.00 Y62.80 E0.1663
G1 X170.00 Y63.20 F3600
G1 X175.00 Y63.20 E0.1663
G1 X170.00 Y63.60 F3600
G1 X175.00 Y63.60 E0.1663
G1 X170.00 Y64.00 F3600
G1 X175.00 Y64.00 E0.1663
G1 X170.00 Y64.40 F3600
G1 X175.00 Y64.40 E0.1663
G1 E-1 F2700
G1 X175.00 Y60.00 F7200
G1 E1 F2700
G1 X180.00 Y60.00 E0.6652 F3600
G1 X180.00 Y65.00 E0.6652
G1 X175.00 Y65.00 E0.6652
G1 X175.00 Y60.00 E0.6652
G1 X175.00 Y60.40 F3600
G1 X180.00 Y60.40 E0.1663
G1 X175.00 Y60.80 F3600
G1 X180.00 Y60.80 E0.1663
G1 X175.00 Y61.20 F3600
G1 X180.00 Y61.20 E0.1663
G1 X175.00 Y61.60 F3600
G1 X180.00 Y61.60 E0.1663
G1 X175.00 Y62.00 F3600
G1 X180.00 Y62.00 E0.1663
G1 X175.00 Y62.40 F3600
G1 X180.00 Y62.40 E0.1663
G1 X175.00 Y62.80 F3600
G1 X180.00 Y62.80 E0.1663
G1 X175.00 Y63.20 F3600
G1 X180.00 Y63.20 E0.1663
G1 X175.00 Y63.60 F3600
G1 X180.00 Y63.60 E0.1663
G1 X175.00 Y64.00 F3600
G1 X180.00 Y64.00 E0.1663
G1 X175.00 Y64.40 F3600
G1 X180.00 Y64.40 E0.1663
G1 E-1 F2700
G1 X150.00 Y55.00 F7200
G1 E1 F2700
G1 X155.00 Y55.00 E0.6652 F3600
G1 X155.00 Y60.00 E0.6652
G1 X150.00 Y60.00 E0.6652
G1 X150.00 Y55.00 E0.6652
G1 X150.00 Y55.40 F3600
G1 X155.00 Y55.40 E0.1663
G1 X150.00 Y55.80 F3600
G1 X155.00 Y55.80 E0.1663
G1 X150.00 Y56.20 F3600
G1 X155.00 Y56.20 E0.1663
G1 X150.00 Y56.60 F3600
G1 X155.00 Y56.60 E0.1663
G1 X150.00 Y57.00 F3600
G1 X155.00 Y57.00 E0.1663
G1 X150.00 Y57.40 F3600
G1 X155.00 Y57.40 E0.1663
G1 X150.00 Y57.80 F3600
G1 X155.00 Y57.80 E0.1663
G1 X150.00 Y58.20 F3600
G1 X155.00 Y58.20 E0.1663
G1 X150.00 Y58.60 F3600
G1 X155.00 Y58.60 E0.1663
G1 X150.00 Y59.00 F3600
G1 X155.00 Y59.00 E0.1663
G1 X150.00 Y59.40 F3600
G1 X155.00 Y59.40 E0.1663
G1 E-1 F2700
G1 X180.00 Y55.00 F7200
G1 E1 F2700
G1 X185.00 Y55.00 E0.6652 F3600
G1 X185.00 Y60.00 E0.6652
G1 X180.00 Y60.00 E0.6652
G1 X180.00 Y55.00 E0.6652
G1 X180.00 Y55.40 F3600
G1 X185.00 Y55.40 E0.1663
G1 X180.00 Y55.80 F3600
G1 X185.00 Y55.80 E0.1663
G1 X180.00 Y56.20 F3600
G1 X185.00 Y56.20 E0.1663
G1 X180.00 Y56.60 F3600
G1 X185.00 Y56.60 E0.1663
G1 X180.00 Y57.00 F3600
G1 X185.00 Y57.00 E0.1663
G1 X180.00 Y57.40 F3600
G1 X185.00 Y57.40 E0.1663
G1 X180.00 Y57.80 F3600
G1 X185.00 Y57.80 E0.1663
G1 X180.00 Y58.20 F3600
G1 X185.00 Y58.20 E0.1663
G1 X180.00 Y58.60 F3600
G1 X185.00 Y58.60 E0.1663
G1 X180.00 Y59.00 F3600
G1 X185.00 Y59.00 E0.1663
G1 X180.00 Y59.40 F3600
G1 X185.00 Y59.40 E0.1663
G1 E-1 F2700
G1 X150.00 Y50.00 F7200
G1 E1 F2700
G1 X155.00 Y50.00 E0.6652 F3600
G1 X155.00 Y55.00 E0.6652
G1 X150.00 Y55.00 E0.6652
G1 X150.00 Y50.00 E0.6652
G1 X150.00 Y50.40 F3600
G1 X155.00 Y50.40 E0.1663
G1 X150.00 Y50.80 F3600
G1 X155.00 Y50.80 E0.1663
G1 X150.00 Y51.20 F3600
G1 X155.00 Y51.20 E0.1663
G1 X150.00 Y51.60 F3600
G1 X155.00 Y51.60 E0.1663
G1 X150.00 Y52.00 F3600
G1 X155.00 Y52.00 E0.1663
G1 X150.00 Y52.40 F3600
G1 X155.00 Y52.40 E0.1663
G1 X150.00 Y52.80 F3600
G1 X155.00 Y52.80 E0.1663
G1 X150.00 Y53.20 F3600
G1 X155.00 Y53.20 E0.1663
G1 X150.00 Y53.60 F3600
G1 X155.00 Y53.60 E0.1663
G1 X150.00 Y54.00 F3600
G1 X155.00 Y54.00 E0.1663
G1 X150.00 Y54.40 F3600
G1 X155.00 Y54.40 E0.1663
G1 E-1 F2700
G1 X170.00 Y50.00 F7200
G1 E1 F2700
G1 X175.00 Y50.00 E0.6652 F3600
G1 X175.00 Y55.00 E0.6652
G1 X170.00 Y55.00 E0.6652
G1 X170.00 Y50.00 E0.6652
G1 X170.00 Y50.40 F3600
G1 X175.00 Y50.40 E0.1663
G1 X170.00 Y50.80 F3600
G1 X175.00 Y50.80 E0.1663
G1 X170.00 Y51.20 F3600
G1 X175.00 Y51.20 E0.1663
G1 X170.00 Y51.60 F3600
G1 X175.00 Y51.60 E0.1663
G1 X170.00 Y52.00 F3600
G1 X175.00 Y52.00 E0.1663
G1 X170.00 Y52.40 F3600
G1 X175.00 Y52.40 E0.1663
G1 X170.00 Y52.80 F3600
G1 X175.00 Y52.80 E0.1663
G1 X170.00 Y53.20 F3600
G1 X175.00 Y53.20 E0.1663
G1 X170.00 Y53.60 F3600
G1 X175.00 Y53.60 E0.1663
G1 X170.00 Y54.00 F3600
G1 X175.00 Y54.00 E0.1663
G1 X170.00 Y54.40 F3600
G1 X175.00 Y54.40 E0.1663
G1 E-1 F2700
G1 X180.00 Y50.00 F7200
G1 E1 F2700
G1 X185.00 Y50.00 E0.6652 F3600
G1 X185.00 Y55.00 E0.6652
G1 X180.00 Y55.00 E0.6652
G1 X180.00 Y50.00 E0.6652
G1 X180.00 Y50.40 F3600
G1 X185.00 Y50.40 E0.1663
G1 X180.00 Y50.80 F3600
G1 X185.00 Y50.80 E0.1663
G1 X180.00 Y51.20 F3600
G1 X185.00 Y51.20 E0.1663
G1 X180.00 Y51.60 F3600
G1 X185.00 Y51.60 E0.1663
G1 X180.00 Y52.00 F3600
G1 X185.00 Y52.00 E0.1663
G1 X180.00 Y52.40 F3600
G1 X185.00 Y52.40 E0.1663
G1 X180.00 Y52.80 F3600
G1 X185.00 Y52.80 E0.1663
G1 X180.00 Y53.20 F3600
G1 X185.00 Y53.20 E0.1663
G1 X180.00 Y53.60 F3600
G1 X185.00 Y53.60 E0.1663
G1 X180.00 Y54.00 F3600
G1 X185.00 Y54.00 E0.1663
G1 X180.00 Y54.40 F3600
G1 X185.00 Y54.40 E0.1663
G1 E-1 F2700
G1 X150.00 Y45.00 F7200
G1 E1 F2700
G1 X155.00 Y45.00 E0.6652 F3600
G1 X155.00 Y50.00 E0.6652
G1 X150.00 Y50.00 E0.6652
G1 X150.00 Y45.00 E0.6652
G1 X150.00 Y45.40 F3600
G1 X155.00 Y45.40 E0.1663
G1 X150.00 Y45.80 F3600
G1 X155.00 Y45.80 E0.1663
G1 X150.00 Y46.20 F3600
G1 X155.00 Y46.20 E0.1663
G1 X150.00 Y46.60 F3600
G1 X155.00 Y46.60 E0.1663
G1 X150.00 Y47.00 F3600
G1 X155.00 Y47.00 E0.1663
G1 X150.00 Y47.40 F3600
G1 X155.00 Y47.40 E0.1663
G1 X150.00 Y47.80 F3600
G1 X155.00 Y47.80 E0.1663
G1 X150.00 Y48.20 F3600
G1 X155.00 Y48.20 E0.1663
G1 X150.00 Y48.60 F3600
G1 X155.00 Y48.60 E0.1663
G1 X150.00 Y49.00 F3600
G1 X155.00 Y49.00 E0.1663
G1 X150.00 Y49.40 F3600
G1 X155.00 Y49.40 E0.1663
G1 E-1 F2700
G1 X165.00 Y45.00 F7200
G1 E1 F2700
G1 X170.00 Y45.00 E0.6652 F3600
G1 X170.00 Y50.00 E0.6652
G1 X165.00 Y50.00 E0.6652
G1 X165.00 Y45.00 E0.6652
G1 X165.00 Y45.40 F3600
G1 X170.00 Y45.40 E0.1663
G1 X165.00 Y45.80 F3600
G1 X170.00 Y45.80 E0.1663
G1 X165.00 Y46.20 F3600
G1 X170.00 Y46.20 E0.1663
G1 X165.00 Y46.60 F3600
G1 X170.00 Y46.60 E0.1663
G1 X165.00 Y47.00 F3600
G1 X170.00 Y47.00 E0.1663
G1 X165.00 Y47.40 F3600
G1 X170.00 Y47.40 E0.1663
G1 X165.00 Y47.80 F3600
G1 X170.00 Y47.80 E0.1663
G1 X165.00 Y48.20 F3600
G1 X170.00 Y48.20 E0.1663
G1 X165.00 Y48.60 F3600
G1 X170.00 Y48.60 E0.1663
G1 X165.00 Y49.00 F3600
G1 X170.00 Y49.00 E0.1663
G1 X165.00 Y49.40 F3600
G1 X170.00 Y49.40 E0.1663
G1 E-1 F2700
G1 X180.00 Y45.00 F7200
G1 E1 F2700
G1 X185.00 Y45.00 E0.6652 F3600
G1 X185.00 Y50.00 E0.6652
G1 X180.00 Y50.00 E0.6652
G1 X180.00 Y45.00 E0.6652
G1 X180.00 Y45.40 F3600
G1 X185.00 Y45.40 E0.1663
G1 X180.00 Y45.80 F3600
G1 X185.00 Y45.80 E0.1663
G1 X180.00 Y46.20 F3600
G1 X185.00 Y46.20 E0.1663
G1 X180.00 Y46.60 F3600
G1 X185.00 Y46.60 E0.1663
G1 X180.00 Y47.00 F3600
G1 X185.00 Y47.00 E0.1663
G1 X180.00 Y47.40 F3600
G1 X185.00 Y47.40 E0.1663
G1 X180.00 Y47.80 F3600
G1 X185.00 Y47.80 E0.1663
G1 X180.00 Y48.20 F3600
G1 X185.00 Y48.20 E0.1663
G1 X180.00 Y48.60 F3600
G1 X185.00 Y48.60 E0.1663
G1 X180.00 Y49.00 F3600
G1 X185.00 Y49.00 E0.1663
G1 X180.00 Y49.40 F3600
G1 X185.00 Y49.40 E0.1663
G1 E-1 F2700
G1 X150.00 Y40.00 F7200
G1 E1 F2700
G1 X155.00 Y40.00 E0.6652 F3600
G1 X155.00 Y45.00 E0.6652
G1 X150.00 Y45.00 E0.6652
G1 X150.00 Y40.00 E0.6652
G1 X150.00 Y40.40 F3600
G1 X155.00 Y40.40 E0.1663
G1 X150.00 Y40.80 F3600
G1 X155.00 Y40.80 E0.1663
G1 X150.00 Y41.20 F3600
G1 X155.00 Y41.20 E0.1663
G1 X150.00 Y41.60 F3600
G1 X155.00 Y41.60 E0.1663
G1 X150.00 Y42.00 F3600
G1 X155.00 Y42.00 E0.1663
G1 X150.00 Y42.40 F3600
G1 X155.00 Y42.40 E0.1663
G1 X150.00 Y42.80 F3600
G1 X155.00 Y42.80 E0.1663
G1 X150.00 Y43.20 F3600
G1 X155.00 Y43.20 E0.1663
G1 X150.00 Y43.60 F3600
G1 X155.00 Y43.60 E0.1663
G1 X150.00 Y44.00 F3600
G1 X155.00 Y44.00 E0.1663
G1 X150.00 Y44.40 F3600
G1 X155.00 Y44.40 E0.1663
G1 E-1 F2700
G1 X160.00 Y40.00 F7200
G1 E1 F2700
G1 X165.00 Y40.00 E0.6652 F3600
G1 X165.00 Y45.00 E0.6652
G1 X160.00 Y45.00 E0.6652
G1 X160.00 Y40.00 E0.6652
G1 X160.00 Y40.40 F3600
G1 X165.00 Y40.40 E0.1663
G1 X160.00 Y40.80 F3600
G1 X165.00 Y40.80 E0.1663
G1 X160.00 Y41.20 F3600
G1 X165.00 Y41.20 E0.1663
G1 X160.00 Y41.60 F3600
G1 X165.00 Y41.60 E0.1663
G1 X160.00 Y42.00 F3600
G1 X165.00 Y42.00 E0.1663
G1 X160.00 Y42.40 F3600
G1 X165.00 Y42.40 E0.1663
G1 X160.00 Y42.80 F3600
G1 X165.00 Y42.80 E0.1663
G1 X160.00 Y43.20 F3600
G1 X165.00 Y43.20 E0.1663
G1 X160.00 Y43.60 F3600
G1 X165.00 Y43.60 E0.1663
G1 X160.00 Y44.00 F3600
G1 X165.00 Y44.00 E0.1663
G1 X160.00 Y44.40 F3600
G1 X165.00 Y44.40 E0.1663
G1 E-1 F2700
G1 X180.00 Y40.00 F7200
G1 E1 F2700
G1 X185.00 Y40.00 E0.6652 F3600
G1 X185.00 Y45.00 E0.6652
G1 X180.00 Y45.00 E0.6652
G1 X180.00 Y40.00 E0.6652
G1 X180.00 Y40.40 F3600
G1 X185.00 Y40.40 E0.1663
G1 X180.00 Y40.80 F3600
G1 X185.00 Y40.80 E0.1663
G1 X180.00 Y41.20 F3600
G1 X185.00 Y41.20 E0.1663
G1 X180.00 Y41.60 F3600
G1 X185.00 Y41.60 E0.1663
G1 X180.00 Y42.00 F3600
G1 X185.00 Y42.00 E0.1663
G1 X180.00 Y42.40 F3600
G1 X185.00 Y42.40 E0.1663
G1 X180.00 Y42.80 F3600
G1 X185.00 Y42.80 E0.1663
G1 X180.00 Y43.20 F3600
G1 X185.00 Y43.20 E0.1663
G1 X180.00 Y43.60 F3600
G1 X185.00 Y43.60 E0.1663
G1 X180.00 Y44.00 F3600
G1 X185.00 Y44.00 E0.1663
G1 X180.00 Y44.40 F3600
G1 X185.00 Y44.40 E0.1663
G1 E-1 F2700
G1 X150.00 Y35.00 F7200
G1 E1 F2700
G1 X155.00 Y35.00 E0.6652 F3600
G1 X155.00 Y40.00 E0.6652
G1 X150.00 Y40.00 E0.6652
G1 X150.00 Y35.00 E0.6652
G1 X150.00 Y35.40 F3600
G1 X155.00 Y35.40 E0.1663
G1 X150.00 Y35.80 F3600
G1 X155.00 Y35.80 E0.1663
G1 X150.00 Y36.20 F3600
G1 X155.00 Y36.20 E0.1663
G1 X150.00 Y36.60 F3600
G1 X155.00 Y36.60 E0.1663
G1 X150.00 Y37.00 F3600
G1 X155.00 Y37.00 E0.1663
G1 X150.00 Y37.40 F3600
G1 X155.00 Y37.40 E0.1663
G1 X150.00 Y37.80 F3600
G1 X155.00 Y37.80 E0.1663
G1 X150.00 Y38.20 F3600
G1 X155.00 Y38.20 E0.1663
G1 X150.00 Y38.60 F3600
G1 X155.00 Y38.60 E0.1663
G1 X150.00 Y39.00 F3600
G1 X155.00 Y39.00 E0.1663
G1 X150.00 Y39.40 F3600
G1 X155.00 Y39.40 E0.1663
G1 E-1 F2700
G1 X180.00 Y35.00 F7200
G1 E1 F2700
G1 X185.00 Y35.00 E0.6652 F3600
G1 X185.00 Y40.00 E0.6652
G1 X180.00 Y40.00 E0.6652
G1 X180.00 Y35.00 E0.6652
G1 X180.00 Y35.40 F3600
G1 X185.00 Y35.40 E0.1663
G1 X180.00 Y35.80 F3600
G1 X185.00 Y35.80 E0.1663
G1 X180.00 Y36.20 F3600
G1 X185.00 Y36.20 E0.1663
G1 X180.00 Y36.60 F3600
G1 X185.00 Y36.60 E0.1663
G1 X180.00 Y37.00 F3600
G1 X185.00 Y37.00 E0.1663
G1 X180.00 Y37.40 F3600
G1 X185.00 Y37.40 E0.1663
G1 X180.00 Y37.80 F3600
G1 X185.00 Y37.80 E0.1663
G1 X180.00 Y38.20 F3600
G1 X185.00 Y38.20 E0.1663
G1 X180.00 Y38.60 F3600
G1 X185.00 Y38.60 E0.1663
G1 X180.00 Y39.00 F3600
G1 X185.00 Y39.00 E0.1663
G1 X180.00 Y39.40 F3600
G1 X185.00 Y39.40 E0.1663
G1 E-1 F2700
G1 X155.00 Y30.00 F7200
G1 E1 F2700
G1 X160.00 Y30.00 E0.6652 F3600
G1 X160.00 Y35.00 E0.6652
G1 X155.00 Y35.00 E0.6652
G1 X155.00 Y30.00 E0.6652
G1 X155.00 Y30.40 F3600
G1 X160.00 Y30.40 E0.1663
G1 X155.00 Y30.80 F3600
G1 X160.00 Y30.80 E0.1663
G1 X155.00 Y31.20 F3600
G1 X160.00 Y31.20 E0.1663
G1 X155.00 Y31.60 F3600
G1 X160.00 Y31.60 E0.1663
G1 X155.00 Y32.00 F3600
G1 X160.00 Y32.00 E0.1663
G1 X155.00 Y32.40 F3600
G1 X160.00 Y32.40 E0.1663
G1 X155.00 Y32.80 F3600
G1 X160.00 Y32.80 E0.1663
G1 X155.00 Y33.20 F3600
G1 X160.00 Y33.20 E0.1663
G1 X155.00 Y33.60 F3600
G1 X160.00 Y33.60 E0.1663
G1 X155.00 Y34.00 F3600
G1 X160.00 Y34.00 E0.1663
G1 X155.00 Y34.40 F3600
G1 X160.00 Y34.40 E0.1663
G1 E-1 F2700
G1 X160.00 Y30.00 F7200
G1 E1 F2700
G1 X165.00 Y30.00 E0.6652 F3600
G1 X165.00 Y35.00 E0.6652
G1 X160.00 Y35.00 E0.6652
G1 X160.00 Y30.00 E0.6652
G1 X160.00 Y30.40 F3600
G1 X165.00 Y30.40 E0.1663
G1 X160.00 Y30.80 F3600
G1 X165.00 Y30.80 E0.1663
G1 X160.00 Y31.20 F3600
G1 X165.00 Y31.20 E0.1663
G1 X160.00 Y31.60 F3600
G1 X165.00 Y31.60 E0.1663
G1 X160.00 Y32.00 F3600
G1 X165.00 Y32.00 E0.1663
G1 X160.00 Y32.40 F3600
G1 X165.00 Y32.40 E0.1663
G1 X160.00 Y32.80 F3600
G1 X165.00 Y32.80 E0.1663
G1 X160.00 Y33.20 F3600
G1 X165.00 Y33.20 E0.1663
G1 X160.00 Y33.60 F3600
G1 X165.00 Y33.60 E0.1663
G1 X160.00 Y34.00 F3600
G1 X165.00 Y34.00 E0.1663
G1 X160.00 Y34.40 F3600
G1 X165.00 Y34.40 E0.1663
G1 E-1 F2700
G1 X165.00 Y30.00 F7200
G1 E1 F2700
G1 X170.00 Y30.00 E0.6652 F3600
G1 X170.00 Y35.00 E0.6652
G1 X165.00 Y35.00 E0.6652
G1 X165.00 Y30.00 E0.6652
G1 X165.00 Y30.40 F3600
G1 X170.00 Y30.40 E0.1663
G1 X165.00 Y30.80 F3600
G1 X170.00 Y30.80 E0.1663
G1 X165.00 Y31.20 F3600
G1 X170.00 Y31.20 E0.1663
G1 X165.00 Y31.60 F3600
G1 X170.00 Y31.60 E0.1663
G1 X165.00 Y32.00 F3600
G1 X170.00 Y32.00 E0.1663
G1 X165.00 Y32.40 F3600
G1 X170.00 Y32.40 E0.1663
G1 X165.00 Y32.80 F3600
G1 X170.00 Y32.80 E0.1663
G1 X165.00 Y33.20 F3600
G1 X170.00 Y33.20 E0.1663
G1 X165.00 Y33.60 F3600
G1 X170.00 Y33.60 E0.1663
G1 X165.00 Y34.00 F3600
G1 X170.00 Y34.00 E0.1663
G1 X165.00 Y34.40 F3600
G1 X170.00 Y34.40 E0.1663
G1 E-1 F2700
G1 X170.00 Y30.00 F7200
G1 E1 F2700
G1 X175.00 Y30.00 E0.6652 F3600
G1 X175.00 Y35.00 E0.6652
G1 X170.00 Y35.00 E0.6652
G1 X170.00 Y30.00 E0.6652
G1 X170.00 Y30.40 F3600
G1 X175.00 Y30.40 E0.1663
G1 X170.00 Y30.80 F3600
G1 X175.00 Y30.80 E0.1663
G1 X170.00 Y31.20 F3600
G1 X175.00 Y31.20 E0.1663
G1 X170.00 Y31.60 F3600
G1 X175.00 Y31.60 E0.1663
G1 X170.00 Y32.00 F3600
G1 X175.00 Y32.00 E0.1663
G1 X170.00 Y32.40 F3600
G1 X175.00 Y32.40 E0.1663
G1 X170.00 Y32.80 F3600
G1 X175.00 Y32.80 E0.1663
G1 X170.00 Y33.20 F3600
G1 X175.00 Y33.20 E0.1663
G1 X170.00 Y33.60 F3600
G1 X175.00 Y33.60 E0.1663
G1 X170.00 Y34.00 F3600
G1 X175.00 Y34.00 E0.1663
G1 X170.00 Y34.40 F3600
G1 X175.00 Y34.40 E0.1663
G1 E-1 F2700
G1 X175.00 Y30.00 F7200
G1 E1 F2700
G1 X180.00 Y30.00 E0.6652 F3600
G1 X180.00 Y35.00 E0.6652
G1 X175.00 Y35.00 E0.6652
G1 X175.00 Y30.00 E0.6652
G1 X175.00 Y30.40 F3600
G1 X180.00 Y30.40 E0.1663
G1 X175.00 Y30.80 F3600
G1 X180.00 Y30.80 E0.1663
G1 X175.00 Y31.20 F3600
G1 X180.00 Y31.20 E0.1663
G1 X175.00 Y31.60 F3600
G1 X180.00 Y31.60 E0.1663
G1 X175.00 Y32.00 F3600
G1 X180.00 Y32.00 E0.1663
G1 X175.00 Y32.40 F3600
G1 X180.00 Y32.40 E0.1663
G1 X175.00 Y32.80 F3600
G1 X180.00 Y32.80 E0.1663
G1 X175.00 Y33.20 F3600
G1 X180.00 Y33.20 E0.1663
G1 X175.00 Y33.60 F3600
G1 X180.00 Y33.60 E0.1663
G1 X175.00 Y34.00 F3600
G1 X180.00 Y34.00 E0.1663
G1 X175.00 Y34.40 F3600
G1 X180.00 Y34.40 E0.1663
G1 E-1 F2700
G1 X195.00 Y60.00 F7200
G1 E1 F2700
G1 X200.00 Y60.00 E0.6652 F3600
G1 X200.00 Y65.00 E0.6652
G1 X195.00 Y65.00 E0.6652
G1 X195.00 Y60.00 E0.6652
G1 X195.00 Y60.40 F3600
G1 X200.00 Y60.40 E0.1663
G1 X195.00 Y60.80 F3600
G1 X200.00 Y60.80 E0.1663
G1 X195.00 Y61.20 F3600
G1 X200.00 Y61.20 E0.1663
G1 X195.00 Y61.60 F3600
G1 X200.00 Y61.60 E0.1663
G1 X195.00 Y62.00 F3600
G1 X200.00 Y62.00 E0.1663
G1 X195.00 Y62.40 F3600
G1 X200.00 Y62.40 E0.1663
G1 X195.00 Y62.80 F3600
G1 X200.00 Y62.80 E0.1663
G1 X195.00 Y63.20 F3600
G1 X200.00 Y63.20 E0.1663
G1 X195.00 Y63.60 F3600
G1 X200.00 Y63.60 E0.1663
G1 X195.00 Y64.00 F3600
G1 X200.00 Y64.00 E0.1663
G1 X195.00 Y64.40 F3600
G1 X200.00 Y64.40 E0.1663
G1 E-1 F2700
G1 X200.00 Y60.00 F7200
G1 E1 F2700
G1 X205.00 Y60.00 E0.6652 F3600
G1 X205.00 Y65.00 E0.6652
G1 X200.00 Y65.00 E0.6652
G1 X200.00 Y60.00 E0.6652
G1 X200.00 Y60.40 F3600
G1 X205.00 Y60.40 E0.1663
G1 X200.00 Y60.80 F3600
G1 X205.00 Y60.80 E0.1663
G1 X200.00 Y61.20 F3600
G1 X205.00 Y61.20 E0.1663
G1 X200.00 Y61.60 F3600
G1 X205.00 Y61.60 E0.1663
G1 X200.00 Y62.00 F3600
G1 X205.00 Y62.00 E0.1663
G1 X200.00 Y62.40 F3600
G1 X205.00 Y62.40 E0.1663
G1 X200.00 Y62.80 F3600
G1 X205.00 Y62.80 E0.1663
G1 X200.00 Y63.20 F3600
G1 X205.00 Y63.20 E0.1663
G1 X200.00 Y63.60 F3600
G1 X205.00 Y63.60 E0.1663
G1 X200.00 Y64.00 F3600
G1 X205.00 Y64.00 E0.1663
G1 X200.00 Y64.40 F3600
G1 X205.00 Y64.40 E0.1663
G1 E-1 F2700
G1 X205.00 Y60.00 F7200
G1 E1 F2700
G1 X210.00 Y60.00 E0.6652 F3600
G1 X210.00 Y65.00 E0.6652
G1 X205.00 Y65.00 E0.6652
G1 X205.00 Y60.00 E0.6652
G1 X205.00 Y60.40 F3600
G1 X210.00 Y60.40 E0.1663
G1 X205.00 Y60.80 F3600
G1 X210.00 Y60.80 E0.1663
G1 X205.00 Y61.20 F3600
G1 X210.00 Y61.20 E0.1663
G1 X205.00 Y61.60 F3600
G1 X210.00 Y61.60 E0.1663
G1 X205.00 Y62.00 F3600
G1 X210.00 Y62.00 E0.1663
G1 X205.00 Y62.40 F3600
G1 X210.00 Y62.40 E0.1663
G1 X205.00 Y62.80 F3600
G1 X210.00 Y62.80 E0.1663
G1 X205.00 Y63.20 F3600
G1 X210.00 Y63.20 E0.1663
G1 X205.00 Y63.60 F3600
G1 X210.00 Y63.60 E0.1663
G1 X205.00 Y64.00 F3600
G1 X210.00 Y64.00 E0.1663
G1 X205.00 Y64.40 F3600
G1 X210.00 Y64.40 E0.1663
G1 E-1 F2700
G1 X210.00 Y60.00 F7200
G1 E1 F2700
G1 X215.00 Y60.00 E0.6652 F3600
G1 X215.00 Y65.00 E0.6652
G1 X210.00 Y65.00 E0.6652
G1 X210.00 Y60.00 E0.6652
G1 X210.00 Y60.40 F3600
G1 X215.00 Y60.40 E0.1663
G1 X210.00 Y60.80 F3600
G1 X215.00 Y60.80 E0.1663
G1 X210.00 Y61.20 F3600
G1 X215.00 Y61.20 E0.1663
G1 X210.00 Y61.60 F3600
G1 X215.00 Y61.60 E0.1663
G1 X210.00 Y62.00 F3600
G1 X215.00 Y62.00 E0.1663
G1 X210.00 Y62.40 F3600
G1 X215.00 Y62.40 E0.1663
G1 X210.00 Y62.80 F3600
G1 X215.00 Y62.80 E0.1663
G1 X210.00 Y63.20 F3600
G1 X215.00 Y63.20 E0.1663
G1 X210.00 Y63.60 F3600
G1 X215.00 Y63.60 E0.1663
G1 X210.00 Y64.00 F3600
G1 X215.00 Y64.00 E0.1663
G1 X210.00 Y64.40 F3600
G1 X215.00 Y64.40 E0.1663
G1 E-1 F2700
G1 X215.00 Y60.00 F7200
G1 E1 F2700
G1 X220.00 Y60.00 E0.6652 F3600
G1 X220.00 Y65.00 E0.6652
G1 X215.00 Y65.00 E0.6652
G1 X215.00 Y60.00 E0.6652
G1 X215.00 Y60.40 F3600
G1 X220.00 Y60.40 E0.1663
G1 X215.00 Y60.80 F3600
G1 X220.00 Y60.80 E0.1663
G1 X215.00 Y61.20 F3600
G1 X220.00 Y61.20 E0.1663
G1 X215.00 Y61.60 F3600
G1 X220.00 Y61.60 E0.1663
G1 X215.00 Y62.00 F3600
G1 X220.00 Y62.00 E0.1663
G1 X215.00 Y62.40 F3600
G1 X220.00 Y62.40 E0.1663
G1 X215.00 Y62.80 F3600
G1 X220.00 Y62.80 E0.1663
G1 X215.00 Y63.20 F3600
G1 X220.00 Y63.20 E0.1663
G1 X215.00 Y63.60 F3600
G1 X220.00 Y63.60 E0.1663
G1 X215.00 Y64.00 F3600
G1 X220.00 Y64.00 E0.1663
G1 X215.00 Y64.40 F3600
G1 X220.00 Y64.40 E0.1663
G1 E-1 F2700
G1 X190.00 Y55.00 F7200
G1 E1 F2700
G1 X195.00 Y55.00 E0.6652 F3600
G1 X195.00 Y60.00 E0.6652
G1 X190.00 Y60.00 E0.6652
G1 X190.00 Y55.00 E0.6652
G1 X190.00 Y55.40 F3600
G1 X195.00 Y55.40 E0.1663
G1 X190.00 Y55.80 F3600
G1 X195.00 Y55.80 E0.1663
G1 X190.00 Y56.20 F3600
G1 X195.00 Y56.20 E0.1663
G1 X190.00 Y56.60 F3600
G1 X195.00 Y56.60 E0.1663
G1 X190.00 Y57.00 F3600
G1 X195.00 Y57.00 E0.1663
G1 X190.00 Y57.40 F3600
G1 X195.00 Y57.40 E0.1663
G1 X190.00 Y57.80 F3600
G1 X195.00 Y57.80 E0.1663
G1 X190.00 Y58.20 F3600
G1 X195.00 Y58.20 E0.1663
G1 X190.00 Y58.60 F3600
G1 X195.00 Y58.60 E0.1663
G1 X190.00 Y59.00 F3600
G1 X195.00 Y59.00 E0.1663
G1 X190.00 Y59.40 F3600
G1 X195.00 Y59.40 E0.1663
G1 E-1 F2700
G1 X220.00 Y55.00 F7200
G1 E1 F2700
G1 X225.00 Y55.00 E0.6652 F3600
G1 X225.00 Y60.00 E0.6652
G1 X220.00 Y60.00 E0.6652
G1 X220.00 Y55.00 E0.6652
G1 X220.00 Y55.40 F3600
G1 X225.00 Y55.40 E0.1663
G1 X220.00 Y55.80 F3600
G1 X225.00 Y55.80 E0.1663
G1 X220.00 Y56.20 F3600
G1 X225.00 Y56.20 E0.1663
G1 X220.00 Y56.60 F3600
G1 X225.00 Y56.60 E0.1663
G1 X220.00 Y57.00 F3600
G1 X225.00 Y57.00 E0.1663
G1 X220.00 Y57.40 F3600
G1 X225.00 Y57.40 E0.1663
G1 X220.00 Y57.80 F3600
G1 X225.00 Y57.80 E0.1663
G1 X220.00 Y58.20 F3600
G1 X225.00 Y58.20 E0.1663
G1 X220.00 Y58.60 F3600
G1 X225.00 Y58.60 E0.1663
G1 X220.00 Y59.00 F3600
G1 X225.00 Y59.00 E0.1663
G1 X220.00 Y59.40 F3600
G1 X225.00 Y59.40 E0.1663
G1 E-1 F2700
G1 X220.00 Y50.00 F7200
G1 E1 F2700
G1 X225.00 Y50.00 E0.6652 F3600
G1 X225.00 Y55.00 E0.6652
G1 X220.00 Y55.00 E0.6652
G1 X220.00 Y50.00 E0.6652
G1 X220.00 Y50.40 F3600
G1 X225.00 Y50.40 E0.1663
G1 X220.00 Y50.80 F3600
G1 X225.00 Y50.80 E0.1663
G1 X220.00 Y51.20 F3600
G1 X225.00 Y51.20 E0.1663
G1 X220.00 Y51.60 F3600
G1 X225.00 Y51.60 E0.1663
G1 X220.00 Y52.00 F3600
G1 X225.00 Y52.00 E0.1663
G1 X220.00 Y52.40 F3600
G1 X225.00 Y52.40 E0.1663
G1 X220.00 Y52.80 F3600
G1 X225.00 Y52.80 E0.1663
G1 X220.00 Y53.20 F3600
G1 X225.00 Y53.20 E0.1663
G1 X220.00 Y53.60 F3600
G1 X225.00 Y53.60 E0.1663
G1 X220.00 Y54.00 F3600
G1 X225.00 Y54.00 E0.1663
G1 X220.00 Y54.40 F3600
G1 X225.00 Y54.40 E0.1663
G1 E-1 F2700
G1 X205.00 Y45.00 F7200
G1 E1 F2700
G1 X210.00 Y45.00 E0.6652 F3600
G1 X210.00 Y50.00 E0.6652
G1 X205.00 Y50.00 E0.6652
G1 X205.00 Y45.00 E0.6652
G1 X205.00 Y45.40 F3600
G1 X210.00 Y45.40 E0.1663
G1 X205.00 Y45.80 F3600
G1 X210.00 Y45.80 E0.1663
G1 X205.00 Y46.20 F3600
G1 X210.00 Y46.20 E0.1663
G1 X205.00 Y46.60 F3600
G1 X210.00 Y46.60 E0.1663
G1 X205.00 Y47.00 F3600
G1 X210.00 Y47.00 E0.1663
G1 X205.00 Y47.40 F3600
G1 X210.00 Y47.40 E0.1663
G1 X205.00 Y47.80 F3600
G1 X210.00 Y47.80 E0.1663
G1 X205.00 Y48.20 F3600
G1 X210.00 Y48.20 E0.1663
G1 X205.00 Y48.60 F3600
G1 X210.00 Y48.60 E0.1663
G1 X205.00 Y49.00 F3600
G1 X210.00 Y49.00 E0.1663
G1 X205.00 Y49.40 F3600
G1 X210.00 Y49.40 E0.1663
G1 E-1 F2700
G1 X210.00 Y45.00 F7200
G1 E1 F2700
G1 X215.00 Y45.00 E0.6652 F3600
G1 X215.00 Y50.00 E0.6652
G1 X210.00 Y50.00 E0.6652
G1 X210.00 Y45.00 E0.6652
G1 X210.00 Y45.40 F3600
G1 X215.00 Y45.40 E0.1663
G1 X210.00 Y45.80 F3600
G1 X215.00 Y45.80 E0.1663
G1 X210.00 Y46.20 F3600
G1 X215.00 Y46.20 E0.1663
G1 X210.00 Y46.60 F3600
G1 X215.00 Y46.60 E0.1663
G1 X210.00 Y47.00 F3600
G1 X215.00 Y47.00 E0.1663
G1 X210.00 Y47.40 F3600
G1 X215.00 Y47.40 E0.1663
G1 X210.00 Y47.80 F3600
G1 X215.00 Y47.80 E0.1663
G1 X210.00 Y48.20 F3600
G1 X215.00 Y48.20 E0.1663
G1 X210.00 Y48.60 F3600
G1 X215.00 Y48.60 E0.1663
G1 X210.00 Y49.00 F3600
G1 X215.00 Y49.00 E0.1663
G1 X210.00 Y49.40 F3600
G1 X215.00 Y49.40 E0.1663
G1 E-1 F2700
G1 X215.00 Y45.00 F7200
G1 E1 F2700
G1 X220.00 Y45.00 E0.6652 F3600
G1 X220.00 Y50.00 E0.6652
G1 X215.00 Y50.00 E0.6652
G1 X215.00 Y45.00 E0.6652
G1 X215.00 Y45.40 F3600
G1 X220.00 Y45.40 E0.1663
G1 X215.00 Y45.80 F3600
G1 X220.00 Y45.80 E0.1663
G1 X215.00 Y46.20 F3600
G1 X220.00 Y46.20 E0.1663
G1 X215.00 Y46.60 F3600
G1 X220.00 Y46.60 E0.1663
G1 X215.00 Y47.00 F3600
G1 X220.00 Y47.00 E0.1663
G1 X215.00 Y47.40 F3600
G1 X220.00 Y47.40 E0.1663
G1 X215.00 Y47.80 F3600
G1 X220.00 Y47.80 E0.1663
G1 X215.00 Y48.20 F3600
G1 X220.00 Y48.20 E0.1663
G1 X215.00 Y48.60 F3600
G1 X220.00 Y48.60 E0.1663
G1 X215.00 Y49.00 F3600
G1 X220.00 Y49.00 E0.1663
G1 X215.00 Y49.40 F3600
G1 X220.00 Y49.40 E0.1663
G1 E-1 F2700
G1 X195.00 Y40.00 F7200
G1 E1 F2700
G1 X200.00 Y40.00 E0.6652 F3600
G1 X200.00 Y45.00 E0.6652
G1 X195.00 Y45.00 E0.6652
G1 X195.00 Y40.00 E0.6652
G1 X195.00 Y40.40 F3600
G1 X200.00 Y40.40 E0.1663
G1 X195.00 Y40.80 F3600
G1 X200.00 Y40.80 E0.1663
G1 X195.00 Y41.20 F3600
G1 X200.00 Y41.20 E0.1663
G1 X195.00 Y41.60 F3600
G1 X200.00 Y41.60 E0.1663
G1 X195.00 Y42.00 F3600
G1 X200.00 Y42.00 E0.1663
G1 X195.00 Y42.40 F3600
G1 X200.00 Y42.40 E0.1663
G1 X195.00 Y42.80 F3600
G1 X200.00 Y42.80 E0.1663
G1 X195.00 Y43.20 F3600
G1 X200.00 Y43.20 E0.1663
G1 X195.00 Y43.60 F3600
G1 X200.00 Y43.60 E0.1663
G1 X195.00 Y44.00 F3600
G1 X200.00 Y44.00 E0.1663
G1 X195.00 Y44.40 F3600
G1 X200.00 Y44.40 E0.1663
G1 E-1 F2700
G1 X200.00 Y40.00 F7200
G1 E1 F2700
G1 X205.00 Y40.00 E0.6652 F3600
G1 X205.00 Y45.00 E0.6652
G1 X200.00 Y45.00 E0.6652
G1 X200.00 Y40.00 E0.6652
G1 X200.00 Y40.40 F3600
G1 X205.00 Y40.40 E0.1663
G1 X200.00 Y40.80 F3600
G1 X205.00 Y40.80 E0.1663
G1 X200.00 Y41.20 F3600
G1 X205.00 Y41.20 E0.1663
G1 X200.00 Y41.60 F3600
G1 X205.00 Y41.60 E0.1663
G1 X200.00 Y42.00 F3600
G1 X205.00 Y42.00 E0.1663
G1 X200.00 Y42.40 F3600
G1 X205.00 Y42.40 E0.1663
G1 X200.00 Y42.80 F3600
G1 X205.00 Y42.80 E0.1663
G1 X200.00 Y43.20 F3600
G1 X205.00 Y43.20 E0.1663
G1 X200.00 Y43.60 F3600
G1 X205.00 Y43.60 E0.1663
G1 X200.00 Y44.00 F3600
G1 X205.00 Y44.00 E0.1663
G1 X200.00 Y44.40 F3600
G1 X205.00 Y44.40 E0.1663
G1 E-1 F2700
G1 X190.00 Y35.00 F7200
G1 E1 F2700
G1 X195.00 Y35.00 E0.6652 F3600
G1 X195.00 Y40.00 E0.6652
G1 X190.00 Y40.00 E0.6652
G1 X190.00 Y35.00 E0.6652
G1 X190.00 Y35.40 F3600
G1 X195.00 Y35.40 E0.1663
G1 X190.00 Y35.80 F3600
G1 X195.00 Y35.80 E0.1663
G1 X190.00 Y36.20 F3600
G1 X195.00 Y36.20 E0.1663
G1 X190.00 Y36.60 F3600
G1 X195.00 Y36.60 E0.1663
G1 X190.00 Y37.00 F3600
G1 X195.00 Y37.00 E0.1663
G1 X190.00 Y37.40 F3600
G1 X195.00 Y37.40 E0.1663
G1 X190.00 Y37.80 F3600
G1 X195.00 Y37.80 E0.1663
G1 X190.00 Y38.20 F3600
G1 X195.00 Y38.20 E0.1663
G1 X190.00 Y38.60 F3600
G1 X195.00 Y38.60 E0.1663
G1 X190.00 Y39.00 F3600
G1 X195.00 Y39.00 E0.1663
G1 X190.00 Y39.40 F3600
G1 X195.00 Y39.40 E0.1663
G1 E-1 F2700
G1 X190.00 Y30.00 F7200
G1 E1 F2700
G1 X195.00 Y30.00 E0.6652 F3600
G1 X195.00 Y35.00 E0.6652
G1 X190.00 Y35.00 E0.6652
G1 X190.00 Y30.00 E0.6652
G1 X190.00 Y30.40 F3600
G1 X195.00 Y30.40 E0.1663
G1 X190.00 Y30.80 F3600
G1 X195.00 Y30.80 E0.1663
G1 X190.00 Y31.20 F3600
G1 X195.00 Y31.20 E0.1663
G1 X190.00 Y31.60 F3600
G1 X195.00 Y31.60 E0.1663
G1 X190.00 Y32.00 F3600
G1 X195.00 Y32.00 E0.1663
G1 X190.00 Y32.40 F3600
G1 X195.00 Y32.40 E0.1663
G1 X190.00 Y32.80 F3600
G1 X195.00 Y32.80 E0.1663
G1 X190.00 Y33.20 F3600
G1 X195.00 Y33.20 E0.1663
G1 X190.00 Y33.60 F3600
G1 X195.00 Y33.60 E0.1663
G1 X190.00 Y34.00 F3600
G1 X195.00 Y34.00 E0.1663
G1 X190.00 Y34.40 F3600
G1 X195.00 Y34.40 E0.1663
G1 E-1 F2700
G1 X195.00 Y30.00 F7200
G1 E1 F2700
G1 X200.00 Y30.00 E0.6652 F3600
G1 X200.00 Y35.00 E0.6652
G1 X195.00 Y35.00 E0.6652
G1 X195.00 Y30.00 E0.6652
G1 X195.00 Y30.40 F3600
G1 X200.00 Y30.40 E0.1663
G1 X195.00 Y30.80 F3600
G1 X200.00 Y30.80 E0.1663
G1 X195.00 Y31.20 F3600
G1 X200.00 Y31.20 E0.1663
G1 X195.00 Y31.60 F3600
G1 X200.00 Y31.60 E0.1663
G1 X195.00 Y32.00 F3600
G1 X200.00 Y32.00 E0.1663
G1 X195.00 Y32.40 F3600
G1 X200.00 Y32.40 E0.1663
G1 X195.00 Y32.80 F3600
G1 X200.00 Y32.80 E0.1663
G1 X195.00 Y33.20 F3600
G1 X200.00 Y33.20 E0.1663
G1 X195.00 Y33.60 F3600
G1 X200.00 Y33.60 E0.1663
G1 X195.00 Y34.00 F3600
G1 X200.00 Y34.00 E0.1663
G1 X195.00 Y34.40 F3600
G1 X200.00 Y34.40 E0.1663
G1 E-1 F2700
G1 X200.00 Y30.00 F7200
G1 E1 F2700
G1 X205.00 Y30.00 E0.6652 F3600
G1 X205.00 Y35.00 E0.6652
G1 X200.00 Y35.00 E0.6652
G1 X200.00 Y30.00 E0.6652
G1 X200.00 Y30.40 F3600
G1 X205.00 Y30.40 E0.1663
G1 X200.00 Y30.80 F3600
G1 X205.00 Y30.80 E0.1663
G1 X200.00 Y31.20 F3600
G1 X205.00 Y31.20 E0.1663
G1 X200.00 Y31.60 F3600
G1 X205.00 Y31.60 E0.1663
G1 X200.00 Y32.00 F3600
G1 X205.00 Y32.00 E0.1663
G1 X200.00 Y32.40 F3600
G1 X205.00 Y32.40 E0.1663
G1 X200.00 Y32.80 F3600
G1 X205.00 Y32.80 E0.1663
G1 X200.00 Y33.20 F3600
G1 X205.00 Y33.20 E0.1663
G1 X200.00 Y33.60 F3600
G1 X205.00 Y33.60 E0.1663
G1 X200.00 Y34.00 F3600
G1 X205.00 Y34.00 E0.1663
G1 X200.00 Y34.40 F3600
G1 X205.00 Y34.40 E0.1663
G1 E-1 F2700
G1 X205.00 Y30.00 F7200
G1 E1 F2700
G1 X210.00 Y30.00 E0.6652 F3600
G1 X210.00 Y35.00 E0.6652
G1 X205.00 Y35.00 E0.6652
G1 X205.00 Y30.00 E0.6652
G1 X205.00 Y30.40 F3600
G1 X210.00 Y30.40 E0.1663
G1 X205.00 Y30.80 F3600
G1 X210.00 Y30.80 E0.1663
G1 X205.00 Y31.20 F3600
G1 X210.00 Y31.20 E0.1663
G1 X205.00 Y31.60 F3600
G1 X210.00 Y31.60 E0.1663
G1 X205.00 Y32.00 F3600
G1 X210.00 Y32.00 E0.1663
G1 X205.00 Y32.40 F3600
G1 X210.00 Y32.40 E0.1663
G1 X205.00 Y32.80 F3600
G1 X210.00 Y32.80 E0.1663
G1 X205.00 Y33.20 F3600
G1 X210.00 Y33.20 E0.1663
G1 X205.00 Y33.60 F3600
G1 X210.00 Y33.60 E0.1663
G1 X205.00 Y34.00 F3600
G1 X210.00 Y34.00 E0.1663
G1 X205.00 Y34.40 F3600
G1 X210.00 Y34.40 E0.1663
G1 E-1 F2700
G1 X210.00 Y30.00 F7200
G1 E1 F2700
G1 X215.00 Y30.00 E0.6652 F3600
G1 X215.00 Y35.00 E0.6652
G1 X210.00 Y35.00 E0.6652
G1 X210.00 Y30.00 E0.6652
G1 X210.00 Y30.40 F3600
G1 X215.00 Y30.40 E0.1663
G1 X210.00 Y30.80 F3600
G1 X215.00 Y30.80 E0.1663
G1 X210.00 Y31.20 F3600
G1 X215.00 Y31.20 E0.1663
G1 X210.00 Y31.60 F3600
G1 X215.00 Y31.60 E0.1663
G1 X210.00 Y32.00 F3600
G1 X215.00 Y32.00 E0.1663
G1 X210.00 Y32.40 F3600
G1 X215.00 Y32.40 E0.1663
G1 X210.00 Y32.80 F3600
G1 X215.00 Y32.80 E0.1663
G1 X210.00 Y33.20 F3600
G1 X215.00 Y33.20 E0.1663
G1 X210.00 Y33.60 F3600
G1 X215.00 Y33.60 E0.1663
G1 X210.00 Y34.00 F3600
G1 X215.00 Y34.00 E0.1663
G1 X210.00 Y34.40 F3600
G1 X215.00 Y34.40 E0.1663
G1 E-1 F2700
G1 X215.00 Y30.00 F7200
G1 E1 F2700
G1 X220.00 Y30.00 E0.6652 F3600
G1 X220.00 Y35.00 E0.6652
G1 X215.00 Y35.00 E0.6652
G1 X215.00 Y30.00 E0.6652
G1 X215.00 Y30.40 F3600
G1 X220.00 Y30.40 E0.1663
G1 X215.00 Y30.80 F3600
G1 X220.00 Y30.80 E0.1663
G1 X215.00 Y31.20 F3600
G1 X220.00 Y31.20 E0.1663
G1 X215.00 Y31.60 F3600
G1 X220.00 Y31.60 E0.1663
G1 X215.00 Y32.00 F3600
G1 X220.00 Y32.00 E0.1663
G1 X215.00 Y32.40 F3600
G1 X220.00 Y32.40 E0.1663
G1 X215.00 Y32.80 F3600
G1 X220.00 Y32.80 E0.1663
G1 X215.00 Y33.20 F3600
G1 X220.00 Y33.20 E0.1663
G1 X215.00 Y33.60 F3600
G1 X220.00 Y33.60 E0.1663
G1 X215.00 Y34.00 F3600
G1 X220.00 Y34.00 E0.1663
G1 X215.00 Y34.40 F3600
G1 X220.00 Y34.40 E0.1663
G1 E-1 F2700
G1 X220.00 Y30.00 F7200
G1 E1 F2700
G1 X225.00 Y30.00 E0.6652 F3600
G1 X225.00 Y35.00 E0.6652
G1 X220.00 Y35.00 E0.6652
G1 X220.00 Y30.00 E0.6652
G1 X220.00 Y30.40 F3600
G1 X225.00 Y30.40 E0.1663
G1 X220.00 Y30.80 F3600
G1 X225.00 Y30.80 E0.1663
G1 X220.00 Y31.20 F3600
G1 X225.00 Y31.20 E0.1663
G1 X220.00 Y31.60 F3600
G1 X225.00 Y31.60 E0.1663
G1 X220.00 Y32.00 F3600
G1 X225.00 Y32.00 E0.1663
G1 X220.00 Y32.40 F3600
G1 X225.00 Y32.40 E0.1663
G1 X220.00 Y32.80 F3600
G1 X225.00 Y32.80 E0.1663
G1 X220.00 Y33.20 F3600
G1 X225.00 Y33.20 E0.1663
G1 X220.00 Y33.60 F3600
G1 X225.00 Y33.60 E0.1663
G1 X220.00 Y34.00 F3600
G1 X225.00 Y34.00 E0.1663
G1 X220.00 Y34.40 F3600
G1 X225.00 Y34.40 E0.1663
G1 E-1 F2700
G1 X230.00 Y60.00 F7200
G1 E1 F2700
G1 X235.00 Y60.00 E0.6652 F3600
G1 X235.00 Y65.00 E0.6652
G1 X230.00 Y65.00 E0.6652
G1 X230.00 Y60.00 E0.6652
G1 X230.00 Y60.40 F3600
G1 X235.00 Y60.40 E0.1663
G1 X230.00 Y60.80 F3600
G1 X235.00 Y60.80 E0.1663
G1 X230.00 Y61.20 F3600
G1 X235.00 Y61.20 E0.1663
G1 X230.00 Y61.60 F3600
G1 X235.00 Y61.60 E0.1663
G1 X230.00 Y62.00 F3600
G1 X235.00 Y62.00 E0.1663
G1 X230.00 Y62.40 F3600
G1 X235.00 Y62.40 E0.1663
G1 X230.00 Y62.80 F3600
G1 X235.00 Y62.80 E0.1663
G1 X230.00 Y63.20 F3600
G1 X235.00 Y63.20 E0.1663
G1 X230.00 Y63.60 F3600
G1 X235.00 Y63.60 E0.1663
G1 X230.00 Y64.00 F3600
G1 X235.00 Y64.00 E0.1663
G1 X230.00 Y64.40 F3600
G1 X235.00 Y64.40 E0.1663
G1 E-1 F2700
G1 X235.00 Y60.00 F7200
G1 E1 F2700
G1 X240.00 Y60.00 E0.6652 F3600
G1 X240.00 Y65.00 E0.6652
G1 X235.00 Y65.00 E0.6652
G1 X235.00 Y60.00 E0.6652
G1 X235.00 Y60.40 F3600
G1 X240.00 Y60.40 E0.1663
G1 X235.00 Y60.80 F3600
G1 X240.00 Y60.80 E0.1663
G1 X235.00 Y61.20 F3600
G1 X240.00 Y61.20 E0.1663
G1 X235.00 Y61.60 F3600
G1 X240.00 Y61.60 E0.1663
G1 X235.00 Y62.00 F3600
G1 X240.00 Y62.00 E0.1663
G1 X235.00 Y62.40 F3600
G1 X240.00 Y62.40 E0.1663
G1 X235.00 Y62.80 F3600
G1 X240.00 Y62.80 E0.1663
G1 X235.00 Y63.20 F3600
G1 X240.00 Y63.20 E0.1663
G1 X235.00 Y63.60 F3600
G1 X240.00 Y63.60 E0.1663
G1 X235.00 Y64.00 F3600
G1 X240.00 Y64.00 E0.1663
G1 X235.00 Y64.40 F3600
G1 X240.00 Y64.40 E0.1663
G1 E-1 F2700
G1 X240.00 Y60.00 F7200
G1 E1 F2700
G1 X245.00 Y60.00 E0.6652 F3600
G1 X245.00 Y65.00 E0.6652
G1 X240.00 Y65.00 E0.6652
G1 X240.00 Y60.00 E0.6652
G1 X240.00 Y60.40 F3600
G1 X245.00 Y60.40 E0.1663
G1 X240.00 Y60.80 F3600
G1 X245.00 Y60.80 E0.1663
G1 X240.00 Y61.20 F3600
G1 X245.00 Y61.20 E0.1663
G1 X240.00 Y61.60 F3600
G1 X245.00 Y61.60 E0.1663
G1 X240.00 Y62.00 F3600
G1 X245.00 Y62.00 E0.1663
G1 X240.00 Y62.40 F3600
G1 X245.00 Y62.40 E0.1663
G1 X240.00 Y62.80 F3600
G1 X245.00 Y62.80 E0.1663
G1 X240.00 Y63.20 F3600
G1 X245.00 Y63.20 E0.1663
G1 X240.00 Y63.60 F3600
G1 X245.00 Y63.60 E0.1663
G1 X240.00 Y64.00 F3600
G1 X245.00 Y64.00 E0.1663
G1 X240.00 Y64.40 F3600
G1 X245.00 Y64.40 E0.1663
G1 E-1 F2700
G1 X245.00 Y60.00 F7200
G1 E1 F2700
G1 X250.00 Y60.00 E0.6652 F3600
G1 X250.00 Y65.00 E0.6652
G1 X245.00 Y65.00 E0.6652
G1 X245.00 Y60.00 E0.6652
G1 X245.00 Y60.40 F3600
G1 X250.00 Y60.40 E0.1663
G1 X245.00 Y60.80 F3600
G1 X250.00 Y60.80 E0.1663
G1 X245.00 Y61.20 F3600
G1 X250.00 Y61.20 E0.1663
G1 X245.00 Y61.60 F3600
G1 X250.00 Y61.60 E0.1663
G1 X245.00 Y62.00 F3600
G1 X250.00 Y62.00 E0.1663
G1 X245.00 Y62.40 F3600
G1 X250.00 Y62.40 E0.1663
G1 X245.00 Y62.80 F3600
G1 X250.00 Y62.80 E0.1663
G1 X245.00 Y63.20 F3600
G1 X250.00 Y63.20 E0.1663
G1 X245.00 Y63.60 F3600
G1 X250.00 Y63.60 E0.1663
G1 X245.00 Y64.00 F3600
G1 X250.00 Y64.00 E0.1663
G1 X245.00 Y64.40 F3600
G1 X250.00 Y64.40 E0.1663
G1 E-1 F2700
G1 X250.00 Y60.00 F7200
G1 E1 F2700
G1 X255.00 Y60.00 E0.6652 F3600
G1 X255.00 Y65.00 E0.6652
G1 X250.00 Y65.00 E0.6652
G1 X250.00 Y60.00 E0.6652
G1 X250.00 Y60.40 F3600
G1 X255.00 Y60.40 E0.1663
G1 X250.00 Y60.80 F3600
G1 X255.00 Y60.80 E0.1663
G1 X250.00 Y61.20 F3600
G1 X255.00 Y61.20 E0.1663
G1 X250.00 Y61.60 F3600
G1 X255.00 Y61.60 E0.1663
G1 X250.00 Y62.00 F3600
G1 X255.00 Y62.00 E0.1663
G1 X250.00 Y62.40 F3600
G1 X255.00 Y62.40 E0.1663
G1 X250.00 Y62.80 F3600
G1 X255.00 Y62.80 E0.1663
G1 X250.00 Y63.20 F3600
G1 X255.00 Y63.20 E0.1663
G1 X250.00 Y63.60 F3600
G1 X255.00 Y63.60 E0.1663
G1 X250.00 Y64.00 F3600
G1 X255.00 Y64.00 E0.1663
G1 X250.00 Y64.40 F3600
G1 X255.00 Y64.40 E0.1663
G1 E-1 F2700
G1 X255.00 Y60.00 F7200
G1 E1 F2700
G1 X260.00 Y60.00 E0.6652 F3600
G1 X260.00 Y65.00 E0.6652
G1 X255.00 Y65.00 E0.6652
G1 X255.00 Y60.00 E0.6652
G1 X255.00 Y60.40 F3600
G1 X260.00 Y60.40 E0.1663
G1 X255.00 Y60.80 F3600
G1 X260.00 Y60.80 E0.1663
G1 X255.00 Y61.20 F3600
G1 X260.00 Y61.20 E0.1663
G1 X255.00 Y61.60 F3600
G1 X260.00 Y61.60 E0.1663
G1 X255.00 Y62.00 F3600
G1 X260.00 Y62.00 E0.1663
G1 X255.00 Y62.40 F3600
G1 X260.00 Y62.40 E0.1663
G1 X255.00 Y62.80 F3600
G1 X260.00 Y62.80 E0.1663
G1 X255.00 Y63.20 F3600
G1 X260.00 Y63.20 E0.1663
G1 X255.00 Y63.60 F3600
G1 X260.00 Y63.60 E0.1663
G1 X255.00 Y64.00 F3600
G1 X260.00 Y64.00 E0.1663
G1 X255.00 Y64.40 F3600
G1 X260.00 Y64.40 E0.1663
G1 E-1 F2700
G1 X260.00 Y60.00 F7200
G1 E1 F2700
G1 X265.00 Y60.00 E0.6652 F3600
G1 X265.00 Y65.00 E0.6652
G1 X260.00 Y65.00 E0.6652
G1 X260.00 Y60.00 E0.6652
G1 X260.00 Y60.40 F3600
G1 X265.00 Y60.40 E0.1663
G1 X260.00 Y60.80 F3600
G1 X265.00 Y60.80 E0.1663
G1 X260.00 Y61.20 F3600
G1 X265.00 Y61.20 E0.1663
G1 X260.00 Y61.60 F3600
G1 X265.00 Y61.60 E0.1663
G1 X260.00 Y62.00 F3600
G1 X265.00 Y62.00 E0.1663
G1 X260.00 Y62.40 F3600
G1 X265.00 Y62.40 E0.1663
G1 X260.00 Y62.80 F3600
G1 X265.00 Y62.80 E0.1663
G1 X260.00 Y63.20 F3600
G1 X265.00 Y63.20 E0.1663
G1 X260.00 Y63.60 F3600
G1 X265.00 Y63.60 E0.1663
G1 X260.00 Y64.00 F3600
G1 X265.00 Y64.00 E0.1663
G1 X260.00 Y64.40 F3600
G1 X265.00 Y64.40 E0.1663
G1 E-1 F2700
G1 X230.00 Y55.00 F7200
G1 E1 F2700
G1 X235.00 Y55.00 E0.6652 F3600
G1 X235.00 Y60.00 E0.6652
G1 X230.00 Y60.00 E0.6652
G1 X230.00 Y55.00 E0.6652
G1 X230.00 Y55.40 F3600
G1 X235.00 Y55.40 E0.1663
G1 X230.00 Y55.80 F3600
G1 X235.00 Y55.80 E0.1663
G1 X230.00 Y56.20 F3600
G1 X235.00 Y56.20 E0.1663
G1 X230.00 Y56.60 F3600
G1 X235.00 Y56.60 E0.1663
G1 X230.00 Y57.00 F3600
G1 X235.00 Y57.00 E0.1663
G1 X230.00 Y57.40 F3600
G1 X235.00 Y57.40 E0.1663
G1 X230.00 Y57.80 F3600
G1 X235.00 Y57.80 E0.1663
G1 X230.00 Y58.20 F3600
G1 X235.00 Y58.20 E0.1663
G1 X230.00 Y58.60 F3600
G1 X235.00 Y58.60 E0.1663
G1 X230.00 Y59.00 F3600
G1 X235.00 Y59.00 E0.1663
G1 X230.00 Y59.40 F3600
G1 X235.00 Y59.40 E0.1663
G1 E-1 F2700
G1 X230.00 Y50.00 F7200
G1 E1 F2700
G1 X235.00 Y50.00 E0.6652 F3600
G1 X235.00 Y55.00 E0.6652
G1 X230.00 Y55.00 E0.6652
G1 X230.00 Y50.00 E0.6652
G1 X230.00 Y50.40 F3600
G1 X235.00 Y50.40 E0.1663
G1 X230.00 Y50.80 F3600
G1 X235.00 Y50.80 E0.1663
G1 X230.00 Y51.20 F3600
G1 X235.00 Y51.20 E0.1663
G1 X230.00 Y51.60 F3600
G1 X235.00 Y51.60 E0.1663
G1 X230.00 Y52.00 F3600
G1 X235.00 Y52.00 E0.1663
G1 X230.00 Y52.40 F3600
G1 X235.00 Y52.40 E0.1663
G1 X230.00 Y52.80 F3600
G1 X235.00 Y52.80 E0.1663
G1 X230.00 Y53.20 F3600
G1 X235.00 Y53.20 E0.1663
G1 X230.00 Y53.60 F3600
G1 X235.00 Y53.60 E0.1663
G1 X230.00 Y54.00 F3600
G1 X235.00 Y54.00 E0.1663
G1 X230.00 Y54.40 F3600
G1 X235.00 Y54.40 E0.1663
G1 E-1 F2700
G1 X230.00 Y45.00 F7200
G1 E1 F2700
G1 X235.00 Y45.00 E0.6652 F3600
G1 X235.00 Y50.00 E0.6652
G1 X230.00 Y50.00 E0.6652
G1 X230.00 Y45.00 E0.6652
G1 X230.00 Y45.40 F3600
G1 X235.00 Y45.40 E0.1663
G1 X230.00 Y45.80 F3600
G1 X235.00 Y45.80 E0.1663
G1 X230.00 Y46.20 F3600
G1 X235.00 Y46.20 E0.1663
G1 X230.00 Y46.60 F3600
G1 X235.00 Y46.60 E0.1663
G1 X230.00 Y47.00 F3600
G1 X235.00 Y47.00 E0.1663
G1 X230.00 Y47.40 F3600
G1 X235.00 Y47.40 E0.1663
G1 X230.00 Y47.80 F3600
G1 X235.00 Y47.80 E0.1663
G1 X230.00 Y48.20 F3600
G1 X235.00 Y48.20 E0.1663
G1 X230.00 Y48.60 F3600
G1 X235.00 Y48.60 E0.1663
G1 X230.00 Y49.00 F3600
G1 X235.00 Y49.00 E0.1663
G1 X230.00 Y49.40 F3600
G1 X235.00 Y49.40 E0.1663
G1 E-1 F2700
G1 X235.00 Y45.00 F7200
G1 E1 F2700
G1 X240.00 Y45.00 E0.6652 F3600
G1 X240.00 Y50.00 E0.6652
G1 X235.00 Y50.00 E0.6652
G1 X235.00 Y45.00 E0.6652
G1 X235.00 Y45.40 F3600
G1 X240.00 Y45.40 E0.1663
G1 X235.00 Y45.80 F3600
G1 X240.00 Y45.80 E0.1663
G1 X235.00 Y46.20 F3600
G1 X240.00 Y46.20 E0.1663
G1 X235.00 Y46.60 F3600
G1 X240.00 Y46.60 E0.1663
G1 X235.00 Y47.00 F3600
G1 X240.00 Y47.00 E0.1663
G1 X235.00 Y47.40 F3600
G1 X240.00 Y47.40 E0.1663
G1 X235.00 Y47.80 F3600
G1 X240.00 Y47.80 E0.1663
G1 X235.00 Y48.20 F3600
G1 X240.00 Y48.20 E0.1663
G1 X235.00 Y48.60 F3600
G1 X240.00 Y48.60 E0.1663
G1 X235.00 Y49.00 F3600
G1 X240.00 Y49.00 E0.1663
G1 X235.00 Y49.40 F3600
G1 X240.00 Y49.40 E0.1663
G1 E-1 F2700
G1 X240.00 Y45.00 F7200
G1 E1 F2700
G1 X245.00 Y45.00 E0.6652 F3600
G1 X245.00 Y50.00 E0.6652
G1 X240.00 Y50.00 E0.6652
G1 X240.00 Y45.00 E0.6652
G1 X240.00 Y45.40 F3600
G1 X245.00 Y45.40 E0.1663
G1 X240.00 Y45.80 F3600
G1 X245.00 Y45.80 E0.1663
G1 X240.00 Y46.20 F3600
G1 X245.00 Y46.20 E0.1663
G1 X240.00 Y46.60 F3600
G1 X245.00 Y46.60 E0.1663
G1 X240.00 Y47.00 F3600
G1 X245.00 Y47.00 E0.1663
G1 X240.00 Y47.40 F3600
G1 X245.00 Y47.40 E0.1663
G1 X240.00 Y47.80 F3600
G1 X245.00 Y47.80 E0.1663
G1 X240.00 Y48.20 F3600
G1 X245.00 Y48.20 E0.1663
G1 X240.00 Y48.60 F3600
G1 X245.00 Y48.60 E0.1663
G1 X240.00 Y49.00 F3600
G1 X245.00 Y49.00 E0.1663
G1 X240.00 Y49.40 F3600
G1 X245.00 Y49.40 E0.1663
G1 E-1 F2700
G1 X245.00 Y45.00 F7200
G1 E1 F2700
G1 X250.00 Y45.00 E0.6652 F3600
G1 X250.00 Y50.00 E0.6652
G1 X245.00 Y50.00 E0.6652
G1 X245.00 Y45.00 E0.6652
G1 X245.00 Y45.40 F3600
G1 X250.00 Y45.40 E0.1663
G1 X245.00 Y45.80 F3600
G1 X250.00 Y45.80 E0.1663
G1 X245.00 Y46.20 F3600
G1 X250.00 Y46.20 E0.1663
G1 X245.00 Y46.60 F3600
G1 X250.00 Y46.60 E0.1663
G1 X245.00 Y47.00 F3600
G1 X250.00 Y47.00 E0.1663
G1 X245.00 Y47.40 F3600
G1 X250.00 Y47.40 E0.1663
G1 X245.00 Y47.80 F3600
G1 X250.00 Y47.80 E0.1663
G1 X245.00 Y48.20 F3600
G1 X250.00 Y48.20 E0.1663
G1 X245.00 Y48.60 F3600
G1 X250.00 Y48.60 E0.1663
G1 X245.00 Y49.00 F3600
G1 X250.00 Y49.00 E0.1663
G1 X245.00 Y49.40 F3600
G1 X250.00 Y49.40 E0.1663
G1 E-1 F2700
G1 X250.00 Y45.00 F7200
G1 E1 F2700
G1 X255.00 Y45.00 E0.6652 F3600
G1 X255.00 Y50.00 E0.6652
G1 X250.00 Y50.00 E0.6652
G1 X250.00 Y45.00 E0.6652
G1 X250.00 Y45.40 F3600
G1 X255.00 Y45.40 E0.1663
G1 X250.00 Y45.80 F3600
G1 X255.00 Y45.80 E0.1663
G1 X250.00 Y46.20 F3600
G1 X255.00 Y46.20 E0.1663
G1 X250.00 Y46.60 F3600
G1 X255.00 Y46.60 E0.1663
G1 X250.00 Y47.00 F3600
G1 X255.00 Y47.00 E0.1663
G1 X250.00 Y47.40 F3600
G1 X255.00 Y47.40 E0.1663
G1 X250.00 Y47.80 F3600
G1 X255.00 Y47.80 E0.1663
G1 X250.00 Y48.20 F3600
G1 X255.00 Y48.20 E0.1663
G1 X250.00 Y48.60 F3600
G1 X255.00 Y48.60 E0.1663
G1 X250.00 Y49.00 F3600
G1 X255.00 Y49.00 E0.1663
G1 X250.00 Y49.40 F3600
G1 X255.00 Y49.40 E0.1663
G1 E-1 F2700
G1 X255.00 Y45.00 F7200
G1 E1 F2700
G1 X260.00 Y45.00 E0.6652 F3600
G1 X260.00 Y50.00 E0.6652
G1 X255.00 Y50.00 E0.6652
G1 X255.00 Y45.00 E0.6652
G1 X255.00 Y45.40 F3600
G1 X260.00 Y45.40 E0.1663
G1 X255.00 Y45.80 F3600
G1 X260.00 Y45.80 E0.1663
G1 X255.00 Y46.20 F3600
G1 X260.00 Y46.20 E0.1663
G1 X255.00 Y46.60 F3600
G1 X260.00 Y46.60 E0.1663
G1 X255.00 Y47.00 F3600
G1 X260.00 Y47.00 E0.1663
G1 X255.00 Y47.40 F3600
G1 X260.00 Y47.40 E0.1663
G1 X255.00 Y47.80 F3600
G1 X260.00 Y47.80 E0.1663
G1 X255.00 Y48.20 F3600
G1 X260.00 Y48.20 E0.1663
G1 X255.00 Y48.60 F3600
G1 X260.00 Y48.60 E0.1663
G1 X255.00 Y49.00 F3600
G1 X260.00 Y49.00 E0.1663
G1 X255.00 Y49.40 F3600
G1 X260.00 Y49.40 E0.1663
G1 E-1 F2700
G1 X260.00 Y40.00 F7200
G1 E1 F2700
G1 X265.00 Y40.00 E0.6652 F3600
G1 X265.00 Y45.00 E0.6652
G1 X260.00 Y45.00 E0.6652
G1 X260.00 Y40.00 E0.6652
G1 X260.00 Y40.40 F3600
G1 X265.00 Y40.40 E0.1663
G1 X260.00 Y40.80 F3600
G1 X265.00 Y40.80 E0.1663
G1 X260.00 Y41.20 F3600
G1 X265.00 Y41.20 E0.1663
G1 X260.00 Y41.60 F3600
G1 X265.00 Y41.60 E0.1663
G1 X260.00 Y42.00 F3600
G1 X265.00 Y42.00 E0.1663
G1 X260.00 Y42.40 F3600
G1 X265.00 Y42.40 E0.1663
G1 X260.00 Y42.80 F3600
G1 X265.00 Y42.80 E0.1663
G1 X260.00 Y43.20 F3600
G1 X265.00 Y43.20 E0.1663
G1 X260.00 Y43.60 F3600
G1 X265.00 Y43.60 E0.1663
G1 X260.00 Y44.00 F3600
G1 X265.00 Y44.00 E0.1663
G1 X260.00 Y44.40 F3600
G1 X265.00 Y44.40 E0.1663
G1 E-1 F2700
G1 X230.00 Y35.00 F7200
G1 E1 F2700
G1 X235.00 Y35.00 E0.6652 F3600
G1 X235.00 Y40.00 E0.6652
G1 X230.00 Y40.00 E0.6652
G1 X230.00 Y35.00 E0.6652
G1 X230.00 Y35.40 F3600
G1 X235.00 Y35.40 E0.1663
G1 X230.00 Y35.80 F3600
G1 X235.00 Y35.80 E0.1663
G1 X230.00 Y36.20 F3600
G1 X235.00 Y36.20 E0.1663
G1 X230.00 Y36.60 F3600
G1 X235.00 Y36.60 E0.1663
G1 X230.00 Y37.00 F3600
G1 X235.00 Y37.00 E0.1663
G1 X230.00 Y37.40 F3600
G1 X235.00 Y37.40 E0.1663
G1 X230.00 Y37.80 F3600
G1 X235.00 Y37.80 E0.1663
G1 X230.00 Y38.20 F3600
G1 X235.00 Y38.20 E0.1663
G1 X230.00 Y38.60 F3600
G1 X235.00 Y38.60 E0.1663
G1 X230.00 Y39.00 F3600
G1 X235.00 Y39.00 E0.1663
G1 X230.00 Y39.40 F3600
G1 X235.00 Y39.40 E0.1663
G1 E-1 F2700
G1 X260.00 Y35.00 F7200
G1 E1 F2700
G1 X265.00 Y35.00 E0.6652 F3600
G1 X265.00 Y40.00 E0.6652
G1 X260.00 Y40.00 E0.6652
G1 X260.00 Y35.00 E0.6652
G1 X260.00 Y35.40 F3600
G1 X265.00 Y35.40 E0.1663
G1 X260.00 Y35.80 F3600
G1 X265.00 Y35.80 E0.1663
G1 X260.00 Y36.20 F3600
G1 X265.00 Y36.20 E0.1663
G1 X260.00 Y36.60 F3600
G1 X265.00 Y36.60 E0.1663
G1 X260.00 Y37.00 F3600
G1 X265.00 Y37.00 E0.1663
G1 X260.00 Y37.40 F3600
G1 X265.00 Y37.40 E0.1663
G1 X260.00 Y37.80 F3600
G1 X265.00 Y37.80 E0.1663
G1 X260.00 Y38.20 F3600
G1 X265.00 Y38.20 E0.1663
G1 X260.00 Y38.60 F3600
G1 X265.00 Y38.60 E0.1663
G1 X260.00 Y39.00 F3600
G1 X265.00 Y39.00 E0.1663
G1 X260.00 Y39.40 F3600
G1 X265.00 Y39.40 E0.1663
G1 E-1 F2700
G1 X235.00 Y30.00 F7200
G1 E1 F2700
G1 X240.00 Y30.00 E0.6652 F3600
G1 X240.00 Y35.00 E0.6652
G1 X235.00 Y35.00 E0.6652
G1 X235.00 Y30.00 E0.6652
G1 X235.00 Y30.40 F3600
G1 X240.00 Y30.40 E0.1663
G1 X235.00 Y30.80 F3600
G1 X240.00 Y30.80 E0.1663
G1 X235.00 Y31.20 F3600
G1 X240.00 Y31.20 E0.1663
G1 X235.00 Y31.60 F3600
G1 X240.00 Y31.60 E0.1663
G1 X235.00 Y32.00 F3600
G1 X240.00 Y32.00 E0.1663
G1 X235.00 Y32.40 F3600
G1 X240.00 Y32.40 E0.1663
G1 X235.00 Y32.80 F3600
G1 X240.00 Y32.80 E0.1663
G1 X235.00 Y33.20 F3600
G1 X240.00 Y33.20 E0.1663
G1 X235.00 Y33.60 F3600
G1 X240.00 Y33.60 E0.1663
G1 X235.00 Y34.00 F3600
G1 X240.00 Y34.00 E0.1663
G1 X235.00 Y34.40 F3600
G1 X240.00 Y34.40 E0.1663
G1 E-1 F2700
G1 X240.00 Y30.00 F7200
G1 E1 F2700
G1 X245.00 Y30.00 E0.6652 F3600
G1 X245.00 Y35.00 E0.6652
G1 X240.00 Y35.00 E0.6652
G1 X240.00 Y30.00 E0.6652
G1 X240.00 Y30.40 F3600
G1 X245.00 Y30.40 E0.1663
G1 X240.00 Y30.80 F3600
G1 X245.00 Y30.80 E0.1663
G1 X240.00 Y31.20 F3600
G1 X245.00 Y31.20 E0.1663
G1 X240.00 Y31.60 F3600
G1 X245.00 Y31.60 E0.1663
G1 X240.00 Y32.00 F3600
G1 X245.00 Y32.00 E0.1663
G1 X240.00 Y32.40 F3600
G1 X245.00 Y32.40 E0.1663
G1 X240.00 Y32.80 F3600
G1 X245.00 Y32.80 E0.1663
G1 X240.00 Y33.20 F3600
G1 X245.00 Y33.20 E0.1663
G1 X240.00 Y33.60 F3600
G1 X245.00 Y33.60 E0.1663
G1 X240.00 Y34.00 F3600
G1 X245.00 Y34.00 E0.1663
G1 X240.00 Y34.40 F3600
G1 X245.00 Y34.40 E0.1663
G1 E-1 F2700
G1 X245.00 Y30.00 F7200
G1 E1 F2700
G1 X250.00 Y30.00 E0.6652 F3600
G1 X250.00 Y35.00 E0.6652
G1 X245.00 Y35.00 E0.6652
G1 X245.00 Y30.00 E0.6652
G1 X245.00 Y30.40 F3600
G1 X250.00 Y30.40 E0.1663
G1 X245.00 Y30.80 F3600
G1 X250.00 Y30.80 E0.1663
G1 X245.00 Y31.20 F3600
G1 X250.00 Y31.20 E0.1663
G1 X245.00 Y31.60 F3600
G1 X250.00 Y31.60 E0.1663
G1 X245.00 Y32.00 F3600
G1 X250.00 Y32.00 E0.1663
G1 X245.00 Y32.40 F3600
G1 X250.00 Y32.40 E0.1663
G1 X245.00 Y32.80 F3600
G1 X250.00 Y32.80 E0.1663
G1 X245.00 Y33.20 F3600
G1 X250.00 Y33.20 E0.1663
G1 X245.00 Y33.60 F3600
G1 X250.00 Y33.60 E0.1663
G1 X245.00 Y34.00 F3600
G1 X250.00 Y34.00 E0.1663
G1 X245.00 Y34.40 F3600
G1 X250.00 Y34.40 E0.1663
G1 E-1 F2700
G1 X250.00 Y30.00 F7200
G1 E1 F2700
G1 X255.00 Y30.00 E0.6652 F3600
G1 X255.00 Y35.00 E0.6652
G1 X250.00 Y35.00 E0.6652
G1 X250.00 Y30.00 E0.6652
G1 X250.00 Y30.40 F3600
G1 X255.00 Y30.40 E0.1663
G1 X250.00 Y30.80 F3600
G1 X255.00 Y30.80 E0.1663
G1 X250.00 Y31.20 F3600
G1 X255.00 Y31.20 E0.1663
G1 X250.00 Y31.60 F3600
G1 X255.00 Y31.60 E0.1663
G1 X250.00 Y32.00 F3600
G1 X255.00 Y32.00 E0.1663
G1 X250.00 Y32.40 F3600
G1 X255.00 Y32.40 E0.1663
G1 X250.00 Y32.80 F3600
G1 X255.00 Y32.80 E0.1663
G1 X250.00 Y33.20 F3600
G1 X255.00 Y33.20 E0.1663
G1 X250.00 Y33.60 F3600
G1 X255.00 Y33.60 E0.1663
G1 X250.00 Y34.00 F3600
G1 X255.00 Y34.00 E0.1663
G1 X250.00 Y34.40 F3600
G1 X255.00 Y34.40 E0.1663
G1 E-1 F2700
G1 X255.00 Y30.00 F7200
G1 E1 F2700
G1 X260.00 Y30.00 E0.6652 F3600
G1 X260.00 Y35.00 E0.6652
G1 X255.00 Y35.00 E0.6652
G1 X255.00 Y30.00 E0.6652
G1 X255.00 Y30.40 F3600
G1 X260.00 Y30.40 E0.1663
G1 X255.00 Y30.80 F3600
G1 X260.00 Y30.80 E0.1663
G1 X255.00 Y31.20 F3600
G1 X260.00 Y31.20 E0.1663
G1 X255.00 Y31.60 F3600
G1 X260.00 Y31.60 E0.1663
G1 X255.00 Y32.00 F3600
G1 X260.00 Y32.00 E0.1663
G1 X255.00 Y32.40 F3600
G1 X260.00 Y32.40 E0.1663
G1 X255.00 Y32.80 F3600
G1 X260.00 Y32.80 E0.1663
G1 X255.00 Y33.20 F3600
G1 X260.00 Y33.20 E0.1663
G1 X255.00 Y33.60 F3600
G1 X260.00 Y33.60 E0.1663
G1 X255.00 Y34.00 F3600
G1 X260.00 Y34.00 E0.1663
G1 X255.00 Y34.40 F3600
G1 X260.00 Y34.40 E0.1663
G1 E-1 F2700
G1 Z2.10 F7200

; ============ 列印完成 ============
G1 Z20 F7200
G28 X Y
M104 S0
M140 S0
M107
M84
M30
